-- MySQL dump 10.13  Distrib 5.5.52, for debian-linux-gnu (x86_64)
--
-- Host: localhost    Database: cipaDB
-- ------------------------------------------------------
-- Server version	5.5.52-0ubuntu0.14.04.1

/*!40101 SET @OLD_CHARACTER_SET_CLIENT=@@CHARACTER_SET_CLIENT */;
/*!40101 SET @OLD_CHARACTER_SET_RESULTS=@@CHARACTER_SET_RESULTS */;
/*!40101 SET @OLD_COLLATION_CONNECTION=@@COLLATION_CONNECTION */;
/*!40101 SET NAMES utf8 */;
/*!40103 SET @OLD_TIME_ZONE=@@TIME_ZONE */;
/*!40103 SET TIME_ZONE='+00:00' */;
/*!40014 SET @OLD_UNIQUE_CHECKS=@@UNIQUE_CHECKS, UNIQUE_CHECKS=0 */;
/*!40014 SET @OLD_FOREIGN_KEY_CHECKS=@@FOREIGN_KEY_CHECKS, FOREIGN_KEY_CHECKS=0 */;
/*!40101 SET @OLD_SQL_MODE=@@SQL_MODE, SQL_MODE='NO_AUTO_VALUE_ON_ZERO' */;
/*!40111 SET @OLD_SQL_NOTES=@@SQL_NOTES, SQL_NOTES=0 */;

--
-- Table structure for table `appointment`
--

DROP TABLE IF EXISTS `appointment`;
/*!40101 SET @saved_cs_client     = @@character_set_client */;
/*!40101 SET character_set_client = utf8 */;
CREATE TABLE `appointment` (
  `id_appointment` int(11) NOT NULL,
  `schedule` date NOT NULL,
  `observations` text NOT NULL,
  `service` varchar(45) NOT NULL,
  `clinic` varchar(45) NOT NULL,
  `client_id_client` int(11) NOT NULL,
  PRIMARY KEY (`id_appointment`),
  KEY `fk_appointment_client1_idx` (`client_id_client`),
  CONSTRAINT `fk_appointment_client1` FOREIGN KEY (`client_id_client`) REFERENCES `client` (`id_client`) ON DELETE NO ACTION ON UPDATE NO ACTION
) ENGINE=InnoDB DEFAULT CHARSET=utf8;
/*!40101 SET character_set_client = @saved_cs_client */;

--
-- Dumping data for table `appointment`
--

LOCK TABLES `appointment` WRITE;
/*!40000 ALTER TABLE `appointment` DISABLE KEYS */;
/*!40000 ALTER TABLE `appointment` ENABLE KEYS */;
UNLOCK TABLES;

--
-- Table structure for table `auth_group`
--

DROP TABLE IF EXISTS `auth_group`;
/*!40101 SET @saved_cs_client     = @@character_set_client */;
/*!40101 SET character_set_client = utf8 */;
CREATE TABLE `auth_group` (
  `id` int(11) NOT NULL AUTO_INCREMENT,
  `name` varchar(80) NOT NULL,
  PRIMARY KEY (`id`),
  UNIQUE KEY `name` (`name`)
) ENGINE=InnoDB AUTO_INCREMENT=6 DEFAULT CHARSET=utf8;
/*!40101 SET character_set_client = @saved_cs_client */;

--
-- Dumping data for table `auth_group`
--

LOCK TABLES `auth_group` WRITE;
/*!40000 ALTER TABLE `auth_group` DISABLE KEYS */;
INSERT INTO `auth_group` VALUES (4,'Administrador'),(2,'Catedrático'),(5,'Cliente'),(1,'Estudiante'),(3,'Secretaria');
/*!40000 ALTER TABLE `auth_group` ENABLE KEYS */;
UNLOCK TABLES;

--
-- Table structure for table `auth_group_permissions`
--

DROP TABLE IF EXISTS `auth_group_permissions`;
/*!40101 SET @saved_cs_client     = @@character_set_client */;
/*!40101 SET character_set_client = utf8 */;
CREATE TABLE `auth_group_permissions` (
  `id` int(11) NOT NULL AUTO_INCREMENT,
  `group_id` int(11) NOT NULL,
  `permission_id` int(11) NOT NULL,
  PRIMARY KEY (`id`),
  UNIQUE KEY `auth_group_permissions_group_id_0cd325b0_uniq` (`group_id`,`permission_id`),
  KEY `auth_group_permissi_permission_id_84c5c92e_fk_auth_permission_id` (`permission_id`),
  CONSTRAINT `auth_group_permissions_group_id_b120cbf9_fk_auth_group_id` FOREIGN KEY (`group_id`) REFERENCES `auth_group` (`id`),
  CONSTRAINT `auth_group_permissi_permission_id_84c5c92e_fk_auth_permission_id` FOREIGN KEY (`permission_id`) REFERENCES `auth_permission` (`id`)
) ENGINE=InnoDB DEFAULT CHARSET=utf8;
/*!40101 SET character_set_client = @saved_cs_client */;

--
-- Dumping data for table `auth_group_permissions`
--

LOCK TABLES `auth_group_permissions` WRITE;
/*!40000 ALTER TABLE `auth_group_permissions` DISABLE KEYS */;
/*!40000 ALTER TABLE `auth_group_permissions` ENABLE KEYS */;
UNLOCK TABLES;

--
-- Table structure for table `auth_permission`
--

DROP TABLE IF EXISTS `auth_permission`;
/*!40101 SET @saved_cs_client     = @@character_set_client */;
/*!40101 SET character_set_client = utf8 */;
CREATE TABLE `auth_permission` (
  `id` int(11) NOT NULL AUTO_INCREMENT,
  `name` varchar(255) NOT NULL,
  `content_type_id` int(11) NOT NULL,
  `codename` varchar(100) NOT NULL,
  PRIMARY KEY (`id`),
  UNIQUE KEY `auth_permission_content_type_id_01ab375a_uniq` (`content_type_id`,`codename`),
  CONSTRAINT `auth_permissi_content_type_id_2f476e4b_fk_django_content_type_id` FOREIGN KEY (`content_type_id`) REFERENCES `django_content_type` (`id`)
) ENGINE=InnoDB AUTO_INCREMENT=166 DEFAULT CHARSET=utf8;
/*!40101 SET character_set_client = @saved_cs_client */;

--
-- Dumping data for table `auth_permission`
--

LOCK TABLES `auth_permission` WRITE;
/*!40000 ALTER TABLE `auth_permission` DISABLE KEYS */;
INSERT INTO `auth_permission` VALUES (49,'Can add log entry',27,'add_logentry'),(50,'Can change log entry',27,'change_logentry'),(51,'Can delete log entry',27,'delete_logentry'),(52,'Can add permission',28,'add_permission'),(53,'Can change permission',28,'change_permission'),(54,'Can delete permission',28,'delete_permission'),(55,'Can add group',29,'add_group'),(56,'Can change group',29,'change_group'),(57,'Can delete group',29,'delete_group'),(58,'Can add user',21,'add_user'),(59,'Can change user',21,'change_user'),(60,'Can delete user',21,'delete_user'),(61,'Can add content type',30,'add_contenttype'),(62,'Can change content type',30,'change_contenttype'),(63,'Can delete content type',30,'delete_contenttype'),(64,'Can add session',31,'add_session'),(65,'Can change session',31,'change_session'),(66,'Can delete session',31,'delete_session'),(67,'Can add appointment',32,'add_appointment'),(68,'Can change appointment',32,'change_appointment'),(69,'Can delete appointment',32,'delete_appointment'),(70,'Can add auth group',33,'add_authgroup'),(71,'Can change auth group',33,'change_authgroup'),(72,'Can delete auth group',33,'delete_authgroup'),(73,'Can add auth group permissions',34,'add_authgrouppermissions'),(74,'Can change auth group permissions',34,'change_authgrouppermissions'),(75,'Can delete auth group permissions',34,'delete_authgrouppermissions'),(76,'Can add auth permission',35,'add_authpermission'),(77,'Can change auth permission',35,'change_authpermission'),(78,'Can delete auth permission',35,'delete_authpermission'),(79,'Can add auth user',36,'add_authuser'),(80,'Can change auth user',36,'change_authuser'),(81,'Can delete auth user',36,'delete_authuser'),(82,'Can add auth user groups',37,'add_authusergroups'),(83,'Can change auth user groups',37,'change_authusergroups'),(84,'Can delete auth user groups',37,'delete_authusergroups'),(85,'Can add auth user user permissions',38,'add_authuseruserpermissions'),(86,'Can change auth user user permissions',38,'change_authuseruserpermissions'),(87,'Can delete auth user user permissions',38,'delete_authuseruserpermissions'),(88,'Can add client',39,'add_client'),(89,'Can change client',39,'change_client'),(90,'Can delete client',39,'delete_client'),(91,'Can add comments',26,'add_comments'),(92,'Can change comments',26,'change_comments'),(93,'Can delete comments',26,'delete_comments'),(94,'Can add django admin log',40,'add_djangoadminlog'),(95,'Can change django admin log',40,'change_djangoadminlog'),(96,'Can delete django admin log',40,'delete_djangoadminlog'),(97,'Can add django content type',41,'add_djangocontenttype'),(98,'Can change django content type',41,'change_djangocontenttype'),(99,'Can delete django content type',41,'delete_djangocontenttype'),(100,'Can add django migrations',42,'add_djangomigrations'),(101,'Can change django migrations',42,'change_djangomigrations'),(102,'Can delete django migrations',42,'delete_djangomigrations'),(103,'Can add django session',43,'add_djangosession'),(104,'Can change django session',43,'change_djangosession'),(105,'Can delete django session',43,'delete_djangosession'),(106,'Can add field',24,'add_field'),(107,'Can change field',24,'change_field'),(108,'Can delete field',24,'delete_field'),(109,'Can add form',44,'add_form'),(110,'Can change form',44,'change_form'),(111,'Can delete form',44,'delete_form'),(112,'Can add form has field',45,'add_formhasfield'),(113,'Can change form has field',45,'change_formhasfield'),(114,'Can delete form has field',45,'delete_formhasfield'),(115,'Can add form has form table',46,'add_formhasformtable'),(116,'Can change form has form table',46,'change_formhasformtable'),(117,'Can delete form has form table',46,'delete_formhasformtable'),(118,'Can add form table',47,'add_formtable'),(119,'Can change form table',47,'change_formtable'),(120,'Can delete form table',47,'delete_formtable'),(121,'Can add form type',48,'add_formtype'),(122,'Can change form type',48,'change_formtype'),(123,'Can delete form type',48,'delete_formtype'),(124,'Can add induction',22,'add_induction'),(125,'Can change induction',22,'change_induction'),(126,'Can delete induction',22,'delete_induction'),(127,'Can add record',49,'add_record'),(128,'Can change record',49,'change_record'),(129,'Can delete record',49,'delete_record'),(130,'Can add test',19,'add_test'),(131,'Can change test',19,'change_test'),(132,'Can delete test',19,'delete_test'),(133,'Can add test demografic result',50,'add_testdemograficresult'),(134,'Can change test demografic result',50,'change_testdemograficresult'),(135,'Can delete test demografic result',50,'delete_testdemograficresult'),(136,'Can add test organization general form',51,'add_testorganizationgeneralform'),(137,'Can change test organization general form',51,'change_testorganizationgeneralform'),(138,'Can delete test organization general form',51,'delete_testorganizationgeneralform'),(139,'Can add test questions',20,'add_testquestions'),(140,'Can change test questions',20,'change_testquestions'),(141,'Can delete test questions',20,'delete_testquestions'),(142,'Can add test result',23,'add_testresult'),(143,'Can change test result',23,'change_testresult'),(144,'Can delete test result',23,'delete_testresult'),(145,'Can add user education experience',52,'add_usereducationexperience'),(146,'Can change user education experience',52,'change_usereducationexperience'),(147,'Can delete user education experience',52,'delete_usereducationexperience'),(148,'Can add user has test',53,'add_userhastest'),(149,'Can change user has test',53,'change_userhastest'),(150,'Can delete user has test',53,'delete_userhastest'),(151,'Can add user skills',54,'add_userskills'),(152,'Can change user skills',54,'change_userskills'),(153,'Can delete user skills',54,'delete_userskills'),(154,'Can add user work experience',55,'add_userworkexperience'),(155,'Can change user work experience',55,'change_userworkexperience'),(156,'Can delete user work experience',55,'delete_userworkexperience'),(157,'Can add documents',25,'add_documents'),(158,'Can change documents',25,'change_documents'),(159,'Can delete documents',25,'delete_documents'),(160,'Can add kv store',56,'add_kvstore'),(161,'Can change kv store',56,'change_kvstore'),(162,'Can delete kv store',56,'delete_kvstore'),(163,'Can add upload form',57,'add_uploadform'),(164,'Can change upload form',57,'change_uploadform'),(165,'Can delete upload form',57,'delete_uploadform');
/*!40000 ALTER TABLE `auth_permission` ENABLE KEYS */;
UNLOCK TABLES;

--
-- Table structure for table `auth_user`
--

DROP TABLE IF EXISTS `auth_user`;
/*!40101 SET @saved_cs_client     = @@character_set_client */;
/*!40101 SET character_set_client = utf8 */;
CREATE TABLE `auth_user` (
  `id` int(11) NOT NULL AUTO_INCREMENT,
  `password` varchar(128) NOT NULL,
  `last_login` datetime DEFAULT NULL,
  `is_superuser` tinyint(1) DEFAULT NULL,
  `username` varchar(30) DEFAULT NULL,
  `first_name` varchar(30) DEFAULT NULL,
  `last_name` varchar(30) DEFAULT NULL,
  `email` varchar(254) DEFAULT NULL,
  `is_staff` tinyint(1) DEFAULT NULL,
  `is_active` tinyint(1) DEFAULT NULL,
  `date_joined` datetime DEFAULT NULL,
  `role_user` int(11) DEFAULT NULL,
  `birthdate` date DEFAULT NULL,
  `country` varchar(45) DEFAULT NULL,
  `quote` text,
  `image_uri` text,
  PRIMARY KEY (`id`),
  UNIQUE KEY `username` (`username`)
) ENGINE=InnoDB AUTO_INCREMENT=23 DEFAULT CHARSET=utf8;
/*!40101 SET character_set_client = @saved_cs_client */;

--
-- Dumping data for table `auth_user`
--

LOCK TABLES `auth_user` WRITE;
/*!40000 ALTER TABLE `auth_user` DISABLE KEYS */;
INSERT INTO `auth_user` VALUES (2,'pbkdf2_sha256$30000$pMjhH94iEyE0$t7JuHViF1Q1ZeHM6wC5BdF8Eheo+Cr95y30KZnOenH0=','2016-11-30 23:45:22',1,'admin','Cipa','Administrator','gue12593@uvg.edu.gt',1,1,'2016-08-22 04:34:19',0,'1994-04-04','Guatemala','Esto es la representacion de una Quote','photos/Countries_listed.PNG'),(3,'pbkdf2_sha256$30000$Pc98lXxFpc7Z$R318HnQnmXB5/4+SXeffa5dyOd4wiuUMrWtIJGzz+cc=','2016-11-28 23:42:52',1,'John','John','Bar','john@uvg.edu.gt',1,1,'2016-10-10 03:20:56',NULL,'1990-07-13','Guatemala','Esta es mi presentación de megaproyecto','photos/notfound.jpg'),(4,'pbkdf2_sha256$30000$dCGE1fHtyvLB$RQ9IqZEEvcKYCU+E5Ac1OigXPr8uyBeSKNM/huv1VHI=','2016-10-25 23:32:29',1,'Cesar','César','Guerra','gue12593@uvg.edu.gt',1,1,'2016-10-10 03:21:22',0,'1993-07-05','Guatemala','Algo inspirador que pueda decirle a todos.\r\n\r\nlorem ipsumlorem ipsumlorem ipsumlorem ipsumlorem ipsumlorem ipsumlorem ipsumlorem ipsum','photos/14825781_10157667379815051_513295493_n.jpg'),(5,'pbkdf2_sha256$30000$N9dY2ikyCcVA$1duhBm+FNh+xmqWQ4l59GnRUcPCLfkUhEwHVVvPLo9A=','2016-11-09 06:14:40',1,'Pablo','Pablo','Sanchez','san12148@uvg.edu.gt',1,1,'2016-10-17 00:37:05',0,'2001-07-10','fs','','photos/Pablo_E7MQ401.jpg'),(6,'pbkdf2_sha256$30000$gI9VhniA4urc$ONJilhDE777yvWT4kVw/q28n/wK/0XldM5WjUYlA43I=','2016-11-11 00:21:25',1,'Ernesto','Makoto','Hidaka','neto@gmail.com',1,1,'2016-10-17 00:42:02',0,NULL,'','',''),(7,'pbkdf2_sha256$30000$zIpU7zkRcSFe$IhmeNeZS6AqF9nasP3lJLSAUtFoAeyrE/rTwFcO7vxQ=','2016-11-30 22:53:08',1,'Sofia','Sofía','Micheo','sofia@gmail.com',1,1,'2016-10-17 00:45:03',0,'1993-12-15','Guatemala','Psicóloga en potencia.','photos/FullSizeRender-2_BH3ad68.jpg'),(9,'pbkdf2_sha256$30000$U5AcAUWC15hC$S+V6YvlWjXha357o2Cz3nwM2WhnHgjyOnG4x6G9+NLU=','2016-11-28 02:44:58',0,'Mario','Mario','Colli','mariocolli@uvg.edu.gt',0,1,'2016-10-19 04:58:25',0,'1999-10-03','Cuba','Profesor UVG y UPANA.','photos/Captura_de_pantalla_2016-10-23_a_las_10.45.32.png'),(10,'pbkdf2_sha256$30000$FpOVwRNneqzT$7nZvxeo0Ot36+wv72ltRY4/YBVakQFq36zyYon4q5d4=','2016-11-07 05:59:34',0,'PabloB','Pablo','Barrientos','',0,1,'2016-10-22 17:32:49',NULL,NULL,NULL,NULL,NULL),(11,'pbkdf2_sha256$30000$6Y6jkfiQuIm9$H2yhYlB2ULIAFLnqKwzP1LWJMza4tyMcY5HbmMqu1y8=','2016-10-23 03:11:38',0,'cliente_prueba','Cliente','prueba','san12148@uvg.edu.gt',0,1,'2016-10-23 01:57:11',0,NULL,'','',''),(12,'pbkdf2_sha256$30000$wpoiLQAR0doi$WrD5lnSVHLQGIoHDHRgKfXzDRUqe6/2uVdKx4LmTN0o=','2016-10-23 21:12:00',1,'Alejandro','Alejandro','Morales','',1,1,'2016-10-23 20:51:21',NULL,NULL,'','',''),(13,'pbkdf2_sha256$30000$97aH52D5wtPO$Vsp7d9/+NzWN89+7ik0rt5r7CUADoa+sKhActrpN4uY=','2016-10-23 20:53:17',1,'Agnes','Agnes','Bautista','',1,1,'2016-10-23 20:53:08',NULL,NULL,'','',''),(14,'pbkdf2_sha256$30000$BxlMsrKYS3FG$AbNTvD+r5JXVCNLpZZ1K1sWx+wde7CHgCbUmYD68Gqg=','2016-10-23 20:56:16',1,'Sara','Sara','Hernandez','',1,1,'2016-10-23 20:56:07',NULL,NULL,'','',''),(15,'pbkdf2_sha256$30000$KiQTsygfHn5W$xKvciLPgYyQ8jU2WiGZ3pQQBddiQh5Ej9YZfpgSaK58=','2016-10-23 21:02:11',1,'Estuardo','Cesar','Mendez','',1,1,'2016-10-23 21:01:51',NULL,NULL,'','',''),(21,'pbkdf2_sha256$30000$1UPuPPy4QFji$lQr4YMSVjDTjj6rbN3cF40r4dmMzJEdNyunMsJkw22E=','2016-10-28 08:06:11',0,'HWNOZW','Fernando Torres','','ernestoivan22@hotmail.com',0,1,'2016-10-27 07:26:05',NULL,NULL,NULL,NULL,NULL),(22,'pbkdf2_sha256$30000$zUBd5qP2i2JC$+dW/VfydBNcA62SMqYlIwWx6c6ElLrjKhx1i+zPiyJE=','2016-11-11 00:35:57',0,'9W4938','Erick Monterroso','','ernestoivan22@gmail.com',0,1,'2016-11-09 15:33:24',NULL,NULL,NULL,NULL,NULL);
/*!40000 ALTER TABLE `auth_user` ENABLE KEYS */;
UNLOCK TABLES;

--
-- Table structure for table `auth_user_groups`
--

DROP TABLE IF EXISTS `auth_user_groups`;
/*!40101 SET @saved_cs_client     = @@character_set_client */;
/*!40101 SET character_set_client = utf8 */;
CREATE TABLE `auth_user_groups` (
  `id` int(11) NOT NULL AUTO_INCREMENT,
  `user_id` int(11) NOT NULL,
  `group_id` int(11) NOT NULL,
  PRIMARY KEY (`id`),
  UNIQUE KEY `auth_user_groups_user_id_94350c0c_uniq` (`user_id`,`group_id`),
  KEY `auth_user_groups_group_id_97559544_fk_auth_group_id` (`group_id`),
  CONSTRAINT `auth_user_groups_group_id_97559544_fk_auth_group_id` FOREIGN KEY (`group_id`) REFERENCES `auth_group` (`id`),
  CONSTRAINT `auth_user_groups_user_id_6a12ed8b_fk_auth_user_id` FOREIGN KEY (`user_id`) REFERENCES `auth_user` (`id`)
) ENGINE=InnoDB AUTO_INCREMENT=14 DEFAULT CHARSET=utf8;
/*!40101 SET character_set_client = @saved_cs_client */;

--
-- Dumping data for table `auth_user_groups`
--

LOCK TABLES `auth_user_groups` WRITE;
/*!40000 ALTER TABLE `auth_user_groups` DISABLE KEYS */;
INSERT INTO `auth_user_groups` VALUES (1,2,4),(5,3,1),(3,4,1),(6,5,1),(4,6,1),(2,7,1),(9,9,2),(10,10,4),(11,11,5),(12,21,5),(13,22,5);
/*!40000 ALTER TABLE `auth_user_groups` ENABLE KEYS */;
UNLOCK TABLES;

--
-- Table structure for table `auth_user_user_permissions`
--

DROP TABLE IF EXISTS `auth_user_user_permissions`;
/*!40101 SET @saved_cs_client     = @@character_set_client */;
/*!40101 SET character_set_client = utf8 */;
CREATE TABLE `auth_user_user_permissions` (
  `id` int(11) NOT NULL AUTO_INCREMENT,
  `user_id` int(11) NOT NULL,
  `permission_id` int(11) NOT NULL,
  PRIMARY KEY (`id`),
  UNIQUE KEY `auth_user_user_permissions_user_id_14a6b632_uniq` (`user_id`,`permission_id`),
  KEY `auth_user_user_perm_permission_id_1fbb5f2c_fk_auth_permission_id` (`permission_id`),
  CONSTRAINT `auth_user_user_permissions_user_id_a95ead1b_fk_auth_user_id` FOREIGN KEY (`user_id`) REFERENCES `auth_user` (`id`),
  CONSTRAINT `auth_user_user_perm_permission_id_1fbb5f2c_fk_auth_permission_id` FOREIGN KEY (`permission_id`) REFERENCES `auth_permission` (`id`)
) ENGINE=InnoDB AUTO_INCREMENT=2 DEFAULT CHARSET=utf8;
/*!40101 SET character_set_client = @saved_cs_client */;

--
-- Dumping data for table `auth_user_user_permissions`
--

LOCK TABLES `auth_user_user_permissions` WRITE;
/*!40000 ALTER TABLE `auth_user_user_permissions` DISABLE KEYS */;
INSERT INTO `auth_user_user_permissions` VALUES (1,11,65);
/*!40000 ALTER TABLE `auth_user_user_permissions` ENABLE KEYS */;
UNLOCK TABLES;

--
-- Table structure for table `client`
--

DROP TABLE IF EXISTS `client`;
/*!40101 SET @saved_cs_client     = @@character_set_client */;
/*!40101 SET character_set_client = utf8 */;
CREATE TABLE `client` (
  `id_client` int(11) NOT NULL AUTO_INCREMENT,
  `name` varchar(30) NOT NULL,
  `last_name` varchar(30) NOT NULL,
  `telephone` varchar(45) NOT NULL,
  `address` varchar(45) NOT NULL,
  `email` varchar(45) NOT NULL,
  `client_user_id` int(11) DEFAULT NULL,
  PRIMARY KEY (`id_client`),
  KEY `fk_client_auth_user1_idx` (`client_user_id`),
  CONSTRAINT `fk_client_auth_user1` FOREIGN KEY (`client_user_id`) REFERENCES `auth_user` (`id`) ON DELETE NO ACTION ON UPDATE NO ACTION
) ENGINE=InnoDB AUTO_INCREMENT=46 DEFAULT CHARSET=utf8;
/*!40101 SET character_set_client = @saved_cs_client */;

--
-- Dumping data for table `client`
--

LOCK TABLES `client` WRITE;
/*!40000 ALTER TABLE `client` DISABLE KEYS */;
INSERT INTO `client` VALUES (8,'Kouta Tsuchiya','','22214654','calle lote zona','algo@algo.com',NULL),(9,'Kouta Tsuchiya','','22214654','calle lote zona','algo@algo.com',NULL),(10,'','','','','',NULL),(11,'Kouta Tsuchiya','','22214654','calle lote zona','algo@algo.com',NULL),(12,'','','','','',NULL),(13,'','','','','',NULL),(14,'','','','','',NULL),(15,'','','','','',NULL),(16,'','','','','',NULL),(17,'','','','','',NULL),(18,'','','','','',NULL),(19,'','','','','',NULL),(20,'','','','','',NULL),(21,'','','','','',NULL),(22,'','','','','',NULL),(23,'','','','','',NULL),(24,'','','','','',NULL),(25,'','','','','',NULL),(26,'','','','','',NULL),(27,'','','','','',NULL),(28,'','','','','',NULL),(29,'','','','','',NULL),(30,'','','','','',NULL),(31,'Kouta Tsuchiya','','22214654','calle lote zona','algo@algo.com',NULL),(32,'Daniel','','24424829','11 ave. 38-65','calejandromd@hotmail.com',NULL),(33,'Fernando Torres','','22216546','11 calle lote','algo@hotmail.com',NULL),(34,'Fernando Torres','','22216546','11 calle lote','algo@hotmail.com',NULL),(35,'Hola','','24424829','11 ave 38-65','calejandromd92@hotmail.com',NULL),(36,'PACIENTE','','','','',NULL),(37,'Lisa Mena','','24567898','zona 2','anamena@gmail.com',NULL),(38,'','','','','',NULL),(39,'','','','','',NULL),(40,'Carlos Rivera','','23657857','Zona 16','katerinalopez@hotmail.com',NULL),(44,'Fernando Torres','','22216546','11 calle lote','ernestoivan22@hotmail.com',21),(45,'Erick Monterroso','','22216546','calle avenida zona 16','ernestoivan22@gmail.com',22);
/*!40000 ALTER TABLE `client` ENABLE KEYS */;
UNLOCK TABLES;

--
-- Table structure for table `comments`
--

DROP TABLE IF EXISTS `comments`;
/*!40101 SET @saved_cs_client     = @@character_set_client */;
/*!40101 SET character_set_client = utf8 */;
CREATE TABLE `comments` (
  `id_comments` int(11) NOT NULL AUTO_INCREMENT,
  `message` text,
  `auth_user_id` int(11) NOT NULL,
  `form_id_form` int(11) NOT NULL,
  `date_comment` timestamp NOT NULL DEFAULT CURRENT_TIMESTAMP,
  PRIMARY KEY (`id_comments`),
  KEY `fk_comments_auth_user1_idx` (`auth_user_id`),
  KEY `fk_comments_form1_idx` (`form_id_form`),
  CONSTRAINT `fk_comments_auth_user1` FOREIGN KEY (`auth_user_id`) REFERENCES `auth_user` (`id`) ON DELETE NO ACTION ON UPDATE NO ACTION,
  CONSTRAINT `fk_comments_form1` FOREIGN KEY (`form_id_form`) REFERENCES `form` (`id_form`) ON DELETE NO ACTION ON UPDATE NO ACTION
) ENGINE=InnoDB AUTO_INCREMENT=27 DEFAULT CHARSET=utf8;
/*!40101 SET character_set_client = @saved_cs_client */;

--
-- Dumping data for table `comments`
--

LOCK TABLES `comments` WRITE;
/*!40000 ALTER TABLE `comments` DISABLE KEYS */;
INSERT INTO `comments` VALUES (1,'Le falto detallar más información',2,24,'0000-00-00 00:00:00'),(3,'Gracias lo tomare en cuenta',2,24,'0000-00-00 00:00:00'),(4,'Excelente. Colocó todos los detalles correctamente!',2,59,'0000-00-00 00:00:00'),(5,'Excelente. Colocó todos los detalles correctamente!',2,59,'0000-00-00 00:00:00'),(6,'Muy buen',2,59,'0000-00-00 00:00:00'),(12,'Consider que le falto colocar algunos parametros mas claros. Me parece que ha hecho un buen trabajo. Lo felicito y espero que siga haciendo asi sus trabajos. En este momento estare revisando los demas formatos. Yo le estaré informando si tengo alguna duda o comentario de esos formatos en cada uno de ellos. Nuevamente, mi mas sinceras felicitaciones y continue cosechando logros.',4,53,'2016-10-17 01:44:26'),(13,'Y falto poner mi opinion',3,53,'2016-10-17 01:44:26'),(14,'Tambien la mia',4,53,'2016-10-17 00:42:35'),(15,'Tambien la mia 2',4,53,'2016-10-17 00:48:05'),(16,'Tambien la mia 3',4,53,'2016-10-17 00:50:16'),(17,'Tambien la mia 4',4,53,'2016-10-17 00:54:22'),(18,'Tambien la mia 5',4,53,'2016-10-17 01:20:35'),(19,'Tambien la mia 6',4,53,'2016-10-17 01:35:07'),(20,'Hola Mario, tengo duda con respecto al abordaje de este caso. ¿Será necesario tener citas de manera conjunta con la madre?',7,69,'2016-10-21 22:27:45'),(21,'Creo que sí sería pertinente invitar a la madre, y más adelante realizar citas conjuntas.',9,69,'2016-10-21 23:18:57'),(22,'¿No sé si sería pertinente subir los objetivos establecidos en la sesión?',7,75,'2016-10-22 17:33:26'),(23,'Ver',2,53,'2016-10-22 18:50:39'),(24,'Hola Administrador, tengo duda con respecto al abordaje de este caso. ¿Será necesario tener citas de manera conjunta con la madre?',3,7,'2016-10-25 06:05:18'),(25,'Creo que sí sería pertinente invitar a la madre, y más adelante realizar citas conjuntas.',2,7,'2016-10-25 06:06:38'),(26,'Muchas gracias, tomaré eso en cuenta.',7,69,'2016-11-22 21:01:43');
/*!40000 ALTER TABLE `comments` ENABLE KEYS */;
UNLOCK TABLES;

--
-- Table structure for table `django_admin_log`
--

DROP TABLE IF EXISTS `django_admin_log`;
/*!40101 SET @saved_cs_client     = @@character_set_client */;
/*!40101 SET character_set_client = utf8 */;
CREATE TABLE `django_admin_log` (
  `id` int(11) NOT NULL AUTO_INCREMENT,
  `action_time` datetime NOT NULL,
  `object_id` longtext,
  `object_repr` varchar(200) NOT NULL,
  `action_flag` smallint(5) unsigned NOT NULL,
  `change_message` longtext NOT NULL,
  `content_type_id` int(11) DEFAULT NULL,
  `user_id` int(11) NOT NULL,
  PRIMARY KEY (`id`),
  KEY `django_admin__content_type_id_c4bce8eb_fk_django_content_type_id` (`content_type_id`),
  KEY `django_admin_log_user_id_c564eba6_fk_auth_user_id` (`user_id`),
  CONSTRAINT `django_admin_log_user_id_c564eba6_fk_auth_user_id` FOREIGN KEY (`user_id`) REFERENCES `auth_user` (`id`),
  CONSTRAINT `django_admin__content_type_id_c4bce8eb_fk_django_content_type_id` FOREIGN KEY (`content_type_id`) REFERENCES `django_content_type` (`id`)
) ENGINE=InnoDB AUTO_INCREMENT=224 DEFAULT CHARSET=utf8;
/*!40101 SET character_set_client = @saved_cs_client */;

--
-- Dumping data for table `django_admin_log`
--

LOCK TABLES `django_admin_log` WRITE;
/*!40000 ALTER TABLE `django_admin_log` DISABLE KEYS */;
INSERT INTO `django_admin_log` VALUES (1,'2016-08-30 05:10:13','1','Acoso Laboral',1,'Added.',19,2),(2,'2016-08-30 05:10:54','2','Clima Laboral',1,'Added.',19,2),(3,'2016-08-30 05:11:48','3','Desgaste Laboral',1,'Added.',19,2),(4,'2016-08-30 05:12:15','1','Acoso Laboral',2,'No fields changed.',19,2),(5,'2016-08-30 05:17:36','4','Acoso Laboral He sido ignorado o excluido en el trabajo',1,'Added.',20,2),(6,'2016-08-30 05:17:59','5','Acoso Laboral He recibido respuestas hostiles a mis comentarios y preguntas',1,'Added.',20,2),(7,'2016-08-30 05:18:16','6','Acoso Laboral Mis comentarios y preguntas han sido ignoradas',1,'Added.',20,2),(8,'2016-08-30 05:18:30','7','Acoso Laboral He sido controlado y/o vigilado en extremo',1,'Added.',20,2),(9,'2016-08-30 05:18:43','8','Acoso Laboral No me pasan las llamadas o dicen que no estoy',1,'Added.',20,2),(10,'2016-08-30 05:18:55','9','Acoso Laboral Me han restringido recursos necesarios para realizar mi trabajo',1,'Added.',20,2),(11,'2016-08-30 05:19:30','10','Acoso Laboral Me han obligado a realizar trabajos absurdos o inutiles',1,'Added.',20,2),(12,'2016-08-30 05:23:00','11','11 Acoso Laboral Me recuerdan constantemente cualquier error que cometo',1,'Added.',20,2),(13,'2016-08-30 05:23:23','12','12 Acoso Laboral Se me asignan tareas muy por debajo o muy por encima de mis competencias',1,'Added.',20,2),(14,'2016-08-30 05:23:30','12','12 Acoso Laboral Se me asignan tareas muy por debajo o muy por encima de mis competencias',2,'No fields changed.',20,2),(15,'2016-08-30 05:23:53','13','13 Acoso Laboral He recibido criticas continuadas e injustificadas sobre mi trabajo',1,'Added.',20,2),(16,'2016-08-30 05:27:09','14','14 Acoso Laboral He sido victima de comentarios malintencionados de compa&ntilde;eros o superiores',1,'Added.',20,2),(17,'2016-08-30 05:27:43','14','14 Acoso Laboral He sido victima de comentarios malintencionados de camaradas o superiores',2,'Changed question.',20,2),(18,'2016-08-30 05:27:58','15','15 Acoso Laboral He sido objeto de insultos u ofensas sobre mi persona, actitudes o mi vida privada',1,'Added.',20,2),(19,'2016-08-30 05:28:21','16','16 Acoso Laboral He sido viictima de burlas y bromas pesadas, sobre mi fisico, forma de ser, etc.',1,'Added.',20,2),(20,'2016-08-30 05:28:42','17','17 Acoso Laboral En la organizacion donde trabajo, el trato a los trabajadores es correcto y respetuoso',1,'Added.',20,2),(21,'2016-08-30 05:29:13','18','18 Acoso Laboral Mis jefes cuando mandan y dan ordenes suelen hacerlo de forma adecuada',1,'Added.',20,2),(22,'2016-08-30 05:29:24','19','19 Prueba Hay un buen entendimiento entre jefes y trabajadores',1,'Added.',20,2),(23,'2016-08-30 05:29:48','20','20 Acoso Laboral El desarrollo profesional (promocion), se hace de forma justa y razonable',1,'Added.',20,2),(24,'2016-08-30 05:34:02','19','19 Acoso Laboral Hay un buen entendimiento entre jefes y trabajadores',2,'Changed test_id_test.',20,2),(25,'2016-08-30 06:23:53','21','21 Acoso Laboral En la organizacion donde trabajo la toma de decisiones es democratica',1,'Added.',20,2),(26,'2016-08-30 06:24:21','22','22 Acoso Laboral En la empresa en que trabajo, hay una buena informacion sobre el acoso psicologico',1,'Added.',20,2),(27,'2016-08-30 22:28:54','0','Trastorno de aprendizaje',1,'Added.',19,2),(28,'2016-09-05 05:54:04','2','admin',2,'Changed first_name and last_name.',21,2),(29,'2016-10-06 00:25:58','0','Trastorno de aprendizaje',2,'Changed description.',19,2),(30,'2016-10-06 00:29:05','4','Trastorno con deficit de atencion e hiperactividad (TDAH)',1,'Added.',19,2),(31,'2016-10-06 00:30:14','5','Trastorno del espectro autista',1,'Added.',19,2),(32,'2016-10-10 00:10:20','11','Documents object',2,'Changed title.',25,2),(33,'2016-10-10 02:48:12','75','Documents object',3,'',25,2),(34,'2016-10-10 02:48:19','74','Documents object',3,'',25,2),(35,'2016-10-10 02:48:42','73','Documents object',3,'',25,2),(36,'2016-10-10 03:31:43','1','Comments object',1,'Added.',26,2),(37,'2016-10-10 04:35:39','2','Comments object',3,'',26,2),(38,'2016-10-10 04:50:02','4','Cesar',2,'Changed first_name and last_name.',21,2),(39,'2016-10-13 01:30:11','80','hoja1 - dos',3,'',25,3),(40,'2016-10-13 01:30:11','78','Prueba - Yo',3,'',25,3),(41,'2016-10-13 01:30:11','77','Prueba - Yo',3,'',25,3),(42,'2016-10-13 01:30:11','76','Prueba - Yo',3,'',25,3),(43,'2016-10-16 21:27:55','4','Cesar',2,'Changed image_uri.',36,3),(44,'2016-10-16 23:11:55','4','Cesar',2,'Changed image_uri.',36,4),(45,'2016-10-16 23:17:03','4','Cesar',2,'Changed image_uri.',36,4),(46,'2016-10-16 23:20:15','0','TestResult object',1,'Added.',23,3),(47,'2016-10-16 23:31:26','1','TestResult object',1,'Added.',23,3),(48,'2016-10-16 23:31:57','2','TestResult object',1,'Added.',23,3),(49,'2016-10-16 23:32:19','3','TestResult object',1,'Added.',23,3),(50,'2016-10-16 23:45:47','4','Cesar',2,'Changed image_uri.',36,4),(51,'2016-10-16 23:49:59','4','TestResult object',1,'Added.',23,3),(52,'2016-10-17 00:18:30','4','TestResult object',2,'No fields changed.',23,3),(53,'2016-10-17 00:18:47','3','TestResult object',2,'Changed resultado.',23,3),(54,'2016-10-17 00:18:57','2','TestResult object',2,'Changed resultado.',23,3),(55,'2016-10-17 00:19:06','1','TestResult object',2,'Changed resultado.',23,3),(56,'2016-10-17 00:19:14','0','TestResult object',2,'Changed resultado.',23,3),(57,'2016-10-17 00:23:29','10','10 - Punto1Punto1Punto1Punto1Punto1Punto1Punto1Punto1Punto1Punto1Punto1Punto1Punto1Punto1Punto1Punto1Punto1Punto1Punto1Punto1Punto1Punto1Punto1Punto1Punto1Punto1Punto1Punto1Punto1Punto1Punto1Punto1Pun',3,'',26,4),(58,'2016-10-17 01:37:50','11','11 - Punto1Punto1Punto1Punto1Punto1\r\nPunto1Punto1\r\nPunto1Punto1Punto1\r\nPunto1Punto1Punto1v\r\nv\r\nvPunto1\r\nPunto1\r\nPunto1\r\nPunto1Punto1Punto1vPunto1Punto1Punto1Punto1\r\nPunto1Punto1',3,'',26,4),(59,'2016-10-17 01:37:50','9','9 - Punto1\r\nPunto1\r\nPunto1\r\nPunto1\r\nPunto1\r\nPunto1\r\nPunto1',3,'',26,4),(60,'2016-10-17 01:37:50','8','8 - Este es otro comentario',3,'',26,4),(61,'2016-10-17 01:37:50','7','7 - Mi comentario',3,'',26,4),(62,'2016-10-17 01:46:29','12','Consider que le falto colocar algunos parametros mas claros. Me parece que ha hecho un buen trabajo. Lo felicito y espero que siga haciendo asi sus trabajos. En este momento estare revisando los demas',2,'Changed date_comment.',26,4),(63,'2016-10-17 01:46:36','13','Y falto poner mi opinion',2,'Changed date_comment.',26,4),(64,'2016-10-17 01:47:28','12','Consider que le falto colocar algunos parametros mas claros. Me parece que ha hecho un buen trabajo. Lo felicito y espero que siga haciendo asi sus trabajos. En este momento estare revisando los demas',2,'Changed date_comment.',26,4),(65,'2016-10-17 01:47:50','13','Y falto poner mi opinion',2,'Changed date_comment.',26,4),(66,'2016-10-17 01:56:35','7','Sofia',2,'Changed first_name and last_name.',21,2),(67,'2016-10-17 01:58:00','7','Sofia',2,'No fields changed.',21,2),(68,'2016-10-17 03:25:59','2','admin',2,'Changed groups.',21,2),(69,'2016-10-17 03:26:22','7','Sofia',2,'Changed groups.',21,2),(70,'2016-10-17 03:26:43','4','Cesar',2,'Changed groups.',21,2),(71,'2016-10-17 03:27:15','6','Ernesto',2,'Changed first_name, last_name and groups.',21,2),(72,'2016-10-17 03:27:26','3','Kevin',2,'Changed groups.',21,2),(73,'2016-10-17 03:27:38','5','Pablo',2,'Changed groups.',21,2),(74,'2016-10-19 04:53:26','8','mario_colli',1,'[{\"added\": {}}]',21,6),(75,'2016-10-19 04:55:17','8','mario_colli',2,'[{\"changed\": {\"fields\": [\"first_name\", \"last_name\"]}}]',21,2),(76,'2016-10-19 04:57:54','8','mario_colli',3,'',21,2),(77,'2016-10-19 04:58:25','9','mario_colli',1,'[{\"added\": {}}]',21,2),(78,'2016-10-19 04:59:19','9','mario_colli',2,'[{\"changed\": {\"fields\": [\"first_name\", \"last_name\"]}}]',21,2),(79,'2016-10-19 04:59:47','9','mario_colli',2,'[]',21,2),(80,'2016-10-20 19:32:25','9','Mario',2,'[{\"changed\": {\"fields\": [\"username\"]}}]',36,2),(81,'2016-10-22 01:09:55','6','Altas Capacidades',1,'[{\"added\": {}}]',19,2),(82,'2016-10-22 01:10:01','5','Trastorno del espectro autista',2,'[{\"changed\": {\"fields\": [\"instructions\"]}}]',19,2),(83,'2016-10-22 01:10:07','4','Trastorno con deficit de atencion e hiperactividad (TDAH)',2,'[{\"changed\": {\"fields\": [\"instructions\"]}}]',19,2),(84,'2016-10-22 01:17:01','4','id - 4',2,'[{\"changed\": {\"fields\": [\"resultado\", \"test_id_test\"]}}]',23,2),(85,'2016-10-22 01:17:16','5','id - 5',1,'[{\"added\": {}}]',23,2),(86,'2016-10-22 01:17:25','6','id - 6',1,'[{\"added\": {}}]',23,2),(87,'2016-10-22 01:17:36','7','id - 7',1,'[{\"added\": {}}]',23,2),(88,'2016-10-22 01:41:24','6','Altas Capacidades',2,'[]',19,2),(89,'2016-10-22 01:41:51','4','Trastorno con deficit de atencion e hiperactividad (TDAH)',2,'[{\"changed\": {\"fields\": [\"description\"]}}]',19,2),(90,'2016-10-22 01:42:27','4','Trastorno con deficit de atencion',2,'[{\"changed\": {\"fields\": [\"name\"]}}]',19,2),(91,'2016-10-22 01:43:02','8','Trastorno de hiperactividad',1,'[{\"added\": {}}]',19,2),(92,'2016-10-22 01:43:16','8','Trastorno de hiperactividad',2,'[{\"changed\": {\"fields\": [\"instructions\"]}}]',19,2),(93,'2016-10-22 01:43:32','9','Trastorno del espectro autista',2,'[{\"changed\": {\"fields\": [\"id_test\"]}}]',19,2),(94,'2016-10-22 01:44:05','8','Trastorno del espectro autista',2,'[{\"changed\": {\"fields\": [\"id_test\"]}}]',19,2),(95,'2016-10-22 01:45:28','5','Trastorno de hiperactividad',2,'[{\"changed\": {\"fields\": [\"name\", \"description\"]}}]',19,2),(96,'2016-10-22 01:45:38','10','Altas Capacidades',2,'[{\"changed\": {\"fields\": [\"id_test\"]}}]',19,2),(97,'2016-10-22 01:46:22','6','Trastorno del espectro autista',2,'[{\"changed\": {\"fields\": [\"name\", \"description\"]}}]',19,2),(98,'2016-10-22 01:46:53','10','Altas Capacidades',3,'',19,2),(99,'2016-10-22 01:46:53','9','Trastorno del espectro autista',3,'',19,2),(100,'2016-10-22 01:46:53','8','Trastorno del espectro autista',3,'',19,2),(101,'2016-10-22 01:48:24','7','Altas capacidades',1,'[{\"added\": {}}]',19,2),(102,'2016-10-22 02:17:42','102','102 Trastorno de aprendizaje Las conductas que marcadas se han presentado por 6 meses o mas.',3,'',20,2),(103,'2016-10-22 02:17:42','101','101 Trastorno de aprendizaje Dificultad en el aprendizaje que afectan varias areas academicas, en donde la persona tiene pocas probabilidades de aprender esas aptitudes sin ensena',3,'',20,2),(104,'2016-10-22 02:17:42','100','100 Trastorno de aprendizaje Dificultades para aprender en una o mas areas academicas, en donde al nino/adolescente/adulto se le dificulta realizar estas actividades sin una ayuda',3,'',20,2),(105,'2016-10-22 02:17:42','99','99 Trastorno de aprendizaje Dificultad para aprender en una o dos areas academicas, pero puede compensarlas o desenvolverse bien cuando se le adapta la tarea o se le ayuda, espec',3,'',20,2),(106,'2016-10-22 02:17:42','98','98 Trastorno de aprendizaje Tiene gran dificultad para aplicar los conceptos de los numeros y sus relaciones u operaciones matematicas para resolver problemas presentados en tare',3,'',20,2),(107,'2016-10-22 02:17:42','97','97 Trastorno de aprendizaje Al momento de realizar operaciones mas complejas pierde el orden e incluso cambia el orden del procedimiento. ',3,'',20,2),(108,'2016-10-22 02:17:42','95','95 Trastorno de aprendizaje No entiende la diferencia entre numeros, sus cantidades y la relacion que tiene con otros.',3,'',20,2),(109,'2016-10-22 02:17:42','94','94 Trastorno de aprendizaje Cuando escribe  organiza mal el parrafo (pone en otro orden las palabras); no tiene sentido la oracion.',3,'',20,2),(110,'2016-10-22 02:17:42','93','93 Trastorno de aprendizaje Al momento de escribir tiene varios errores gramaticales o de puntuacion en una oracion.',3,'',20,2),(111,'2016-10-22 02:17:42','92','92 Trastorno de aprendizaje Se le dificulta o deletrea mal las palabras.',3,'',20,2),(112,'2016-10-22 02:17:42','91','91 Trastorno de aprendizaje Se le dificulta la ortografia. Agrega, quita o se come vocales o consonantes, o coloca otras vocales o consonantes en vez de otras).',3,'',20,2),(113,'2016-10-22 02:17:42','90','90 Trastorno de aprendizaje No comprende o se le hace dificil entender las palabras, oraciones o parrafos que lee. p. ej., puede leer un texto con precision pero no comprende la ',3,'',20,2),(114,'2016-10-22 02:17:42','89','89 Trastorno de aprendizaje Cuando tiene que leer es lento(a) y se confunde al pronunciar las palabras. Se esfuerza mucho para leer (p. ej., lee palabras sueltas en voz alta inco',3,'',20,2),(115,'2016-10-22 02:50:14','3','Kevin',2,'[{\"changed\": {\"fields\": [\"image_uri\"]}}]',36,3),(116,'2016-10-22 04:15:11','3','Kevin',2,'[{\"changed\": {\"fields\": [\"image_uri\"]}}]',36,3),(117,'2016-10-22 17:32:49','10','PabloB',1,'[{\"added\": {}}]',21,2),(118,'2016-10-22 17:33:09','10','PabloB',2,'[{\"changed\": {\"fields\": [\"first_name\", \"last_name\"]}}]',21,2),(119,'2016-10-23 01:57:11','11','cliente_prueba',1,'[{\"added\": {}}]',21,2),(120,'2016-10-23 02:03:51','11','cliente_prueba',2,'[{\"changed\": {\"fields\": [\"first_name\", \"last_name\", \"email\"]}}]',21,2),(121,'2016-10-23 02:59:50','5','Pablo',2,'[{\"changed\": {\"fields\": [\"role_user\"]}}]',36,2),(122,'2016-10-23 16:23:45','7','Sofia',2,'[{\"changed\": {\"fields\": [\"role_user\"]}}]',36,2),(123,'2016-10-23 16:23:58','11','cliente_prueba',2,'[{\"changed\": {\"fields\": [\"role_user\"]}}]',36,2),(124,'2016-10-23 16:24:09','9','Mario',2,'[{\"changed\": {\"fields\": [\"role_user\"]}}]',36,2),(125,'2016-10-23 16:24:14','9','Mario',2,'[]',36,2),(126,'2016-10-23 16:24:28','6','Ernesto',2,'[{\"changed\": {\"fields\": [\"role_user\"]}}]',36,2),(127,'2016-10-25 22:00:51','5','Trastorno de hiperactividad',2,'[{\"changed\": {\"fields\": [\"description\"]}}]',19,2),(128,'2016-10-25 22:01:56','4','Trastorno con deficit de atencion',2,'[{\"changed\": {\"fields\": [\"description\"]}}]',19,2),(129,'2016-10-25 22:18:02','1','Acoso Laboral',2,'[{\"changed\": {\"fields\": [\"description\", \"instructions\"]}}]',19,2),(130,'2016-10-25 22:18:28','2','Clima Laboral',2,'[{\"changed\": {\"fields\": [\"instructions\"]}}]',19,2),(131,'2016-10-25 22:18:45','3','Desgaste Laboral',2,'[{\"changed\": {\"fields\": [\"instructions\"]}}]',19,2),(132,'2016-10-25 22:29:34','0','Recomendation object',1,'[{\"added\": {}}]',58,2),(133,'2016-10-25 22:30:48','0','Recomendation object',2,'[{\"changed\": {\"fields\": [\"text\"]}}]',58,2),(134,'2016-10-25 22:38:14','2','2 - Trastorno con deficit de atencion',1,'[{\"added\": {}}]',58,2),(135,'2016-10-25 22:38:28','3','3 - Trastorno con deficit de atencion',1,'[{\"added\": {}}]',58,2),(136,'2016-10-25 22:38:39','4','4 - Trastorno con deficit de atencion',1,'[{\"added\": {}}]',58,2),(137,'2016-10-25 22:38:53','5','5 - Trastorno con deficit de atencion',1,'[{\"added\": {}}]',58,2),(138,'2016-10-25 22:39:17','6','6 - Trastorno de hiperactividad',1,'[{\"added\": {}}]',58,2),(139,'2016-10-25 22:39:46','7','7 - Trastorno de aprendizaje',1,'[{\"added\": {}}]',58,2),(140,'2016-10-25 22:39:54','8','8 - Trastorno de aprendizaje',1,'[{\"added\": {}}]',58,2),(141,'2016-10-25 22:40:07','9','9 - Trastorno de aprendizaje',1,'[{\"added\": {}}]',58,2),(142,'2016-10-25 22:40:14','10','10 - Trastorno de aprendizaje',1,'[{\"added\": {}}]',58,2),(143,'2016-10-25 22:40:22','11','11 - Trastorno de aprendizaje',1,'[{\"added\": {}}]',58,2),(144,'2016-10-25 22:40:39','12','12 - Trastorno del espectro autista',1,'[{\"added\": {}}]',58,2),(145,'2016-10-25 22:40:48','13','13 - Trastorno del espectro autista',1,'[{\"added\": {}}]',58,2),(146,'2016-10-25 22:41:00','14','14 - Trastorno del espectro autista',1,'[{\"added\": {}}]',58,2),(147,'2016-10-25 22:41:17','15','15 - Altas capacidades',1,'[{\"added\": {}}]',58,2),(148,'2016-10-25 22:41:34','16','16 - Altas capacidades',1,'[{\"added\": {}}]',58,2),(149,'2016-10-25 22:41:43','17','17 - Altas capacidades',1,'[{\"added\": {}}]',58,2),(150,'2016-10-25 22:45:13','18','18 - Trastorno de hiperactividad',1,'[{\"added\": {}}]',58,2),(151,'2016-10-26 22:16:00','0','Trastorno de aprendizaje (escritura, lectura y matematica)',2,'[{\"changed\": {\"fields\": [\"name\"]}}]',19,2),(152,'2016-10-26 22:18:34','0','id - 0',2,'[{\"changed\": {\"fields\": [\"resultado\"]}}]',23,2),(153,'2016-10-26 22:18:50','1','id - 1',2,'[{\"changed\": {\"fields\": [\"resultado\"]}}]',23,2),(154,'2016-10-26 22:19:03','2','id - 2',2,'[{\"changed\": {\"fields\": [\"resultado\"]}}]',23,2),(155,'2016-10-26 22:19:18','3','id - 3',2,'[{\"changed\": {\"fields\": [\"resultado\"]}}]',23,2),(156,'2016-10-26 22:20:05','7','id - 7',2,'[{\"changed\": {\"fields\": [\"test_id_test\"]}}]',23,2),(157,'2016-10-26 22:20:14','6','id - 6',2,'[{\"changed\": {\"fields\": [\"test_id_test\"]}}]',23,2),(158,'2016-10-26 22:20:20','5','id - 5',2,'[{\"changed\": {\"fields\": [\"test_id_test\"]}}]',23,2),(159,'2016-10-26 22:20:26','4','id - 4',2,'[{\"changed\": {\"fields\": [\"test_id_test\"]}}]',23,2),(160,'2016-10-27 06:19:26','5','Pablo',2,'[{\"changed\": {\"fields\": [\"first_name\", \"last_name\"]}}]',21,2),(161,'2016-10-27 06:19:45','16','GA48F3',3,'',21,2),(162,'2016-10-27 06:37:36','17','8GBFQK',3,'',21,2),(163,'2016-10-27 07:09:05','18','8EB1NC',3,'',21,2),(165,'2016-10-27 07:18:04','19','M7MEDP',3,'',21,2),(166,'2016-10-27 07:21:07','20','5RRSUG',3,'',21,2),(167,'2016-10-28 05:48:16','1','1 - Trastorno con deficit de atencion',1,'[{\"added\": {}}]',58,2),(168,'2016-10-28 05:48:33','2','2 - Trastorno de hiperactividad',1,'[{\"added\": {}}]',58,2),(169,'2016-10-28 06:43:34','3','3 - Trastorno con deficit de atencion',1,'[{\"added\": {}}]',58,2),(170,'2016-10-28 06:43:47','4','4 - Trastorno con deficit de atencion',1,'[{\"added\": {}}]',58,2),(171,'2016-10-28 06:44:03','5','5 - Trastorno con deficit de atencion',1,'[{\"added\": {}}]',58,2),(172,'2016-10-28 06:44:13','6','6 - Trastorno de hiperactividad',1,'[{\"added\": {}}]',58,2),(173,'2016-10-28 06:44:27','7','7 - Trastorno de aprendizaje (escritura, lectura y matematica)',1,'[{\"added\": {}}]',58,2),(174,'2016-10-28 06:44:34','8','8 - Trastorno de aprendizaje (escritura, lectura y matematica)',1,'[{\"added\": {}}]',58,2),(175,'2016-10-28 06:44:43','9','9 - Trastorno de aprendizaje (escritura, lectura y matematica)',1,'[{\"added\": {}}]',58,2),(176,'2016-10-28 06:44:53','10','10 - Trastorno de aprendizaje (escritura, lectura y matematica)',1,'[{\"added\": {}}]',58,2),(177,'2016-10-28 06:45:02','11','11 - Trastorno de aprendizaje (escritura, lectura y matematica)',1,'[{\"added\": {}}]',58,2),(178,'2016-10-28 06:45:10','12','12 - Trastorno del espectro autista',1,'[{\"added\": {}}]',58,2),(179,'2016-10-28 06:45:19','13','13 - Trastorno del espectro autista',1,'[{\"added\": {}}]',58,2),(180,'2016-10-28 06:45:27','14','14 - Trastorno del espectro autista',1,'[{\"added\": {}}]',58,2),(181,'2016-10-28 06:45:37','15','15 - Altas capacidades',1,'[{\"added\": {}}]',58,2),(182,'2016-10-28 06:45:45','16','16 - Altas capacidades',1,'[{\"added\": {}}]',58,2),(183,'2016-10-28 06:45:54','17','17 - Altas capacidades',1,'[{\"added\": {}}]',58,2),(184,'2016-11-06 21:49:42','10','10 Acoso Laboral Me han obligado a realizar trabajos absurdos o inutiles',2,'[]',20,3),(185,'2016-11-09 04:02:55','12','id - 12',3,'',23,2),(186,'2016-11-09 04:02:55','11','id - 11',3,'',23,2),(187,'2016-11-09 04:02:55','10','id - 10',3,'',23,2),(188,'2016-11-09 04:02:55','9','id - 9',3,'',23,2),(189,'2016-11-09 04:02:55','8','id - 8',3,'',23,2),(190,'2016-11-09 04:18:30','1','TestOrganizationGeneralForm object',3,'',51,2),(191,'2016-11-09 04:18:47','14','id - 14',3,'',23,2),(192,'2016-11-09 04:18:47','13','id - 13',3,'',23,2),(193,'2016-11-09 04:18:47','12','id - 12',3,'',23,2),(194,'2016-11-09 04:18:47','11','id - 11',3,'',23,2),(195,'2016-11-09 04:18:47','10','id - 10',3,'',23,2),(196,'2016-11-09 04:18:47','9','id - 9',3,'',23,2),(197,'2016-11-09 04:18:47','8','id - 8',3,'',23,2),(198,'2016-11-29 02:42:03','5','Trastorno por deficit de atencion con hiperactividad',2,'[{\"changed\": {\"fields\": [\"name\"]}}]',19,2),(199,'2016-11-29 02:42:19','4','Trastorno por deficit de atencion',2,'[{\"changed\": {\"fields\": [\"name\"]}}]',19,2),(200,'2016-11-29 04:10:53','77','Documents object',3,'',25,2),(201,'2016-11-29 04:11:01','76','Documents object',3,'',25,2),(202,'2016-11-29 04:11:11','75','Documents object',3,'',25,2),(203,'2016-11-29 04:11:25','74','Documents object',3,'',25,2),(204,'2016-11-29 04:11:36','73','Documents object',3,'',25,2),(205,'2016-11-29 04:41:56','82','Documents object',3,'',25,2),(206,'2016-11-29 04:42:06','81','Documents object',3,'',25,2),(207,'2016-11-29 04:42:14','80','Documents object',3,'',25,2),(208,'2016-11-29 04:42:29','79','Documents object',3,'',25,2),(209,'2016-11-29 14:26:15','7','7 - Trastorno de aprendizaje (escritura, lectura y matematica)',2,'[{\"changed\": {\"fields\": [\"text\"]}}]',58,2),(210,'2016-11-29 15:35:02','7','7 - Trastorno de aprendizaje (escritura, lectura y matematica)',2,'[{\"changed\": {\"fields\": [\"text\"]}}]',58,2),(211,'2016-11-29 15:35:20','8','8 - Trastorno de aprendizaje (escritura, lectura y matematica)',2,'[{\"changed\": {\"fields\": [\"text\"]}}]',58,2),(212,'2016-11-29 15:35:41','9','9 - Trastorno de aprendizaje (escritura, lectura y matematica)',2,'[{\"changed\": {\"fields\": [\"text\"]}}]',58,2),(213,'2016-11-29 15:35:55','10','10 - Trastorno de aprendizaje (escritura, lectura y matematica)',2,'[{\"changed\": {\"fields\": [\"text\"]}}]',58,2),(214,'2016-11-29 15:36:29','11','11 - Trastorno de aprendizaje (escritura, lectura y matematica)',3,'',58,2),(215,'2016-11-29 15:36:40','9','9 - Trastorno de aprendizaje (escritura, lectura y matematica)',2,'[{\"changed\": {\"fields\": [\"text\"]}}]',58,2),(216,'2016-11-29 15:41:35','10','10 - Trastorno de aprendizaje (escritura, lectura y matematica)',3,'',58,2),(217,'2016-11-29 15:41:47','8','8 - Trastorno de aprendizaje (escritura, lectura y matematica)',2,'[{\"changed\": {\"fields\": [\"text\"]}}]',58,2),(218,'2016-11-29 15:42:29','8','8 - Trastorno de aprendizaje (escritura, lectura y matematica)',2,'[{\"changed\": {\"fields\": [\"text\"]}}]',58,2),(219,'2016-11-29 15:42:47','18','18 - Trastorno de aprendizaje (escritura, lectura y matematica)',1,'[{\"added\": {}}]',58,2),(220,'2016-11-29 15:43:34','9','9 - Trastorno de aprendizaje (escritura, lectura y matematica)',2,'[{\"changed\": {\"fields\": [\"text\"]}}]',58,2),(221,'2016-11-29 15:43:39','18','18 - Trastorno de aprendizaje (escritura, lectura y matematica)',2,'[{\"changed\": {\"fields\": [\"text\"]}}]',58,2),(222,'2016-11-29 15:44:02','18','18 - Trastorno de aprendizaje (escritura, lectura y matematica)',2,'[{\"changed\": {\"fields\": [\"text\"]}}]',58,2),(223,'2016-11-29 15:44:07','19','19 - Trastorno de aprendizaje (escritura, lectura y matematica)',1,'[{\"added\": {}}]',58,2);
/*!40000 ALTER TABLE `django_admin_log` ENABLE KEYS */;
UNLOCK TABLES;

--
-- Table structure for table `django_content_type`
--

DROP TABLE IF EXISTS `django_content_type`;
/*!40101 SET @saved_cs_client     = @@character_set_client */;
/*!40101 SET character_set_client = utf8 */;
CREATE TABLE `django_content_type` (
  `id` int(11) NOT NULL AUTO_INCREMENT,
  `app_label` varchar(100) NOT NULL,
  `model` varchar(100) NOT NULL,
  PRIMARY KEY (`id`),
  UNIQUE KEY `django_content_type_app_label_76bd3d3b_uniq` (`app_label`,`model`)
) ENGINE=InnoDB AUTO_INCREMENT=59 DEFAULT CHARSET=utf8;
/*!40101 SET character_set_client = @saved_cs_client */;

--
-- Dumping data for table `django_content_type`
--

LOCK TABLES `django_content_type` WRITE;
/*!40000 ALTER TABLE `django_content_type` DISABLE KEYS */;
INSERT INTO `django_content_type` VALUES (27,'admin','logentry'),(29,'auth','group'),(28,'auth','permission'),(21,'auth','user'),(30,'contenttypes','contenttype'),(31,'sessions','session'),(32,'sharedarea','appointment'),(33,'sharedarea','authgroup'),(34,'sharedarea','authgrouppermissions'),(35,'sharedarea','authpermission'),(36,'sharedarea','authuser'),(37,'sharedarea','authusergroups'),(38,'sharedarea','authuseruserpermissions'),(39,'sharedarea','client'),(26,'sharedarea','comments'),(40,'sharedarea','djangoadminlog'),(41,'sharedarea','djangocontenttype'),(42,'sharedarea','djangomigrations'),(43,'sharedarea','djangosession'),(25,'sharedarea','documents'),(24,'sharedarea','field'),(44,'sharedarea','form'),(45,'sharedarea','formhasfield'),(46,'sharedarea','formhasformtable'),(47,'sharedarea','formtable'),(48,'sharedarea','formtype'),(22,'sharedarea','induction'),(58,'sharedarea','recomendation'),(49,'sharedarea','record'),(19,'sharedarea','test'),(50,'sharedarea','testdemograficresult'),(51,'sharedarea','testorganizationgeneralform'),(20,'sharedarea','testquestions'),(23,'sharedarea','testresult'),(57,'sharedarea','uploadform'),(52,'sharedarea','usereducationexperience'),(53,'sharedarea','userhastest'),(54,'sharedarea','userskills'),(55,'sharedarea','userworkexperience'),(17,'testarea','test'),(18,'testarea','testquestions'),(56,'thumbnail','kvstore');
/*!40000 ALTER TABLE `django_content_type` ENABLE KEYS */;
UNLOCK TABLES;

--
-- Table structure for table `django_migrations`
--

DROP TABLE IF EXISTS `django_migrations`;
/*!40101 SET @saved_cs_client     = @@character_set_client */;
/*!40101 SET character_set_client = utf8 */;
CREATE TABLE `django_migrations` (
  `id` int(11) NOT NULL AUTO_INCREMENT,
  `app` varchar(255) NOT NULL,
  `name` varchar(255) NOT NULL,
  `applied` datetime NOT NULL,
  PRIMARY KEY (`id`)
) ENGINE=InnoDB AUTO_INCREMENT=50 DEFAULT CHARSET=utf8;
/*!40101 SET character_set_client = @saved_cs_client */;

--
-- Dumping data for table `django_migrations`
--

LOCK TABLES `django_migrations` WRITE;
/*!40000 ALTER TABLE `django_migrations` DISABLE KEYS */;
INSERT INTO `django_migrations` VALUES (34,'thumbnail','0001_initial','2016-10-14 04:06:23'),(35,'contenttypes','0001_initial','2016-10-17 05:05:56'),(36,'auth','0001_initial','2016-10-17 05:05:56'),(37,'admin','0001_initial','2016-10-17 05:05:56'),(38,'admin','0002_logentry_remove_auto_add','2016-10-17 05:05:56'),(39,'contenttypes','0002_remove_content_type_name','2016-10-17 05:05:56'),(40,'auth','0002_alter_permission_name_max_length','2016-10-17 05:05:56'),(41,'auth','0003_alter_user_email_max_length','2016-10-17 05:05:56'),(42,'auth','0004_alter_user_username_opts','2016-10-17 05:05:56'),(43,'auth','0005_alter_user_last_login_null','2016-10-17 05:05:56'),(44,'auth','0006_require_contenttypes_0002','2016-10-17 05:05:56'),(45,'auth','0007_alter_validators_add_error_messages','2016-10-17 05:05:56'),(46,'auth','0008_alter_user_username_max_length','2016-10-17 05:05:56'),(47,'healthRecord','0001_initial','2016-10-17 05:05:56'),(48,'sessions','0001_initial','2016-10-17 05:05:56'),(49,'testarea','0001_initial','2016-10-17 05:05:56');
/*!40000 ALTER TABLE `django_migrations` ENABLE KEYS */;
UNLOCK TABLES;

--
-- Table structure for table `django_session`
--

DROP TABLE IF EXISTS `django_session`;
/*!40101 SET @saved_cs_client     = @@character_set_client */;
/*!40101 SET character_set_client = utf8 */;
CREATE TABLE `django_session` (
  `session_key` varchar(40) NOT NULL,
  `session_data` longtext NOT NULL,
  `expire_date` datetime NOT NULL,
  PRIMARY KEY (`session_key`),
  KEY `django_session_de54fa62` (`expire_date`)
) ENGINE=InnoDB DEFAULT CHARSET=utf8;
/*!40101 SET character_set_client = @saved_cs_client */;

--
-- Dumping data for table `django_session`
--

LOCK TABLES `django_session` WRITE;
/*!40000 ALTER TABLE `django_session` DISABLE KEYS */;
INSERT INTO `django_session` VALUES ('009j08xedpze8pqj5njxlsviayweyr96','OWM2OTMxOWQ3ZmU2YzA5Y2Y0MTIxMjY0ZDRkYjY1MWEzZGEyODM1MTp7Il9hdXRoX3VzZXJfaGFzaCI6IjUwY2QyZWJmYjdhNDk0ZjZhYWY3NWY0N2NlOTM0NDJlOGI1NTcyN2YiLCJfYXV0aF91c2VyX2JhY2tlbmQiOiJkamFuZ28uY29udHJpYi5hdXRoLmJhY2tlbmRzLk1vZGVsQmFja2VuZCIsIl9hdXRoX3VzZXJfaWQiOiIyIn0=','2016-11-01 03:42:43'),('0933e5aykbqvovveqwryy8a3q5azzoza','NWMzNmY1MGFkYjcxODAzYzNlYTUzODAwNTkyOGEzYjNlMTU3YzRiMTp7Il9hdXRoX3VzZXJfaGFzaCI6ImU2ZDY2NjMyN2FjY2IxMTVlOTg2ZWM4MTgzNTY5ZGRhZTlhNDEzY2MiLCJfYXV0aF91c2VyX2JhY2tlbmQiOiJkamFuZ28uY29udHJpYi5hdXRoLmJhY2tlbmRzLk1vZGVsQmFja2VuZCIsIl9hdXRoX3VzZXJfaWQiOiIzIn0=','2016-10-28 05:09:48'),('0cr9avscfyn1cdzuq13lzd4vxkc55nj0','Y2EyOWEzZDk4YzZjNWFmODg4NTEzOTBlNTkxNjJkNzE2NmMwODI1ZTp7Il9hdXRoX3VzZXJfaGFzaCI6ImRlOWJmMmRhZTQzZDJhZjU0M2IxY2Q3YzlhYWQ1NDE4ZThmN2Y3NDAiLCJfYXV0aF91c2VyX2JhY2tlbmQiOiJkamFuZ28uY29udHJpYi5hdXRoLmJhY2tlbmRzLk1vZGVsQmFja2VuZCIsIl9hdXRoX3VzZXJfaWQiOiIzIn0=','2016-11-17 01:03:48'),('0mcigzrc4r52x9hqgwrk5nib1ds8yvaf','OWM2OTMxOWQ3ZmU2YzA5Y2Y0MTIxMjY0ZDRkYjY1MWEzZGEyODM1MTp7Il9hdXRoX3VzZXJfaGFzaCI6IjUwY2QyZWJmYjdhNDk0ZjZhYWY3NWY0N2NlOTM0NDJlOGI1NTcyN2YiLCJfYXV0aF91c2VyX2JhY2tlbmQiOiJkamFuZ28uY29udHJpYi5hdXRoLmJhY2tlbmRzLk1vZGVsQmFja2VuZCIsIl9hdXRoX3VzZXJfaWQiOiIyIn0=','2016-11-02 06:21:42'),('0r1ymdwdq4tl04r5azoha7m6usf0cb33','OTJlMDIxYWUwNTlhNmEzZmM2MzQ1Y2U1ZmE2YjJmNjhlZmRhNTlhYTp7Il9hdXRoX3VzZXJfaGFzaCI6ImQzYWMwMThmYzYwZmNjN2U1Y2EyY2VmOWNiMGIxNWU5NDQ1Mjg0ZTYiLCJfYXV0aF91c2VyX2JhY2tlbmQiOiJkamFuZ28uY29udHJpYi5hdXRoLmJhY2tlbmRzLk1vZGVsQmFja2VuZCIsIl9hdXRoX3VzZXJfaWQiOiIyIn0=','2016-10-10 22:17:38'),('0w04xgf3k4bhk0dn1j2iv7mapgmctw5j','NTQzZTA3MzNmZjdlYTRkZDljMjljMzU3MzE4ZTNlN2Q2NTMwNTRhYjp7Il9hdXRoX3VzZXJfaGFzaCI6ImQwMjU0YmUwNmFiOTQxNDZiODdiYmRhZTliYTU1NGMzMTBlYWFmNGYiLCJfYXV0aF91c2VyX2JhY2tlbmQiOiJkamFuZ28uY29udHJpYi5hdXRoLmJhY2tlbmRzLk1vZGVsQmFja2VuZCIsIl9hdXRoX3VzZXJfaWQiOiI5In0=','2016-11-23 18:16:53'),('11ng2cy8s4uwuyrvpd04lf4vdx86x3tc','OWM2OTMxOWQ3ZmU2YzA5Y2Y0MTIxMjY0ZDRkYjY1MWEzZGEyODM1MTp7Il9hdXRoX3VzZXJfaGFzaCI6IjUwY2QyZWJmYjdhNDk0ZjZhYWY3NWY0N2NlOTM0NDJlOGI1NTcyN2YiLCJfYXV0aF91c2VyX2JhY2tlbmQiOiJkamFuZ28uY29udHJpYi5hdXRoLmJhY2tlbmRzLk1vZGVsQmFja2VuZCIsIl9hdXRoX3VzZXJfaWQiOiIyIn0=','2016-11-06 03:15:08'),('1gidxwr5lslfuakhyidmblqsrsx78qw0','OTJlMDIxYWUwNTlhNmEzZmM2MzQ1Y2U1ZmE2YjJmNjhlZmRhNTlhYTp7Il9hdXRoX3VzZXJfaGFzaCI6ImQzYWMwMThmYzYwZmNjN2U1Y2EyY2VmOWNiMGIxNWU5NDQ1Mjg0ZTYiLCJfYXV0aF91c2VyX2JhY2tlbmQiOiJkamFuZ28uY29udHJpYi5hdXRoLmJhY2tlbmRzLk1vZGVsQmFja2VuZCIsIl9hdXRoX3VzZXJfaWQiOiIyIn0=','2016-10-19 05:56:01'),('1r8j4xok113m8u95936mrm300tlre6oi','NTZmYTI1YzA3M2JkYjZkN2VkN2M2MzNmM2E3NjQzYjQxMzIyNzg5NDp7Il9hdXRoX3VzZXJfaGFzaCI6ImQzYWMwMThmYzYwZmNjN2U1Y2EyY2VmOWNiMGIxNWU5NDQ1Mjg0ZTYiLCJfYXV0aF91c2VyX2lkIjoiMiIsIl9hdXRoX3VzZXJfYmFja2VuZCI6ImRqYW5nby5jb250cmliLmF1dGguYmFja2VuZHMuTW9kZWxCYWNrZW5kIn0=','2016-10-23 21:31:22'),('1uwmrm6cpe9bnvtlqvkta7ox4m6wcitg','OWM2OTMxOWQ3ZmU2YzA5Y2Y0MTIxMjY0ZDRkYjY1MWEzZGEyODM1MTp7Il9hdXRoX3VzZXJfaGFzaCI6IjUwY2QyZWJmYjdhNDk0ZjZhYWY3NWY0N2NlOTM0NDJlOGI1NTcyN2YiLCJfYXV0aF91c2VyX2JhY2tlbmQiOiJkamFuZ28uY29udHJpYi5hdXRoLmJhY2tlbmRzLk1vZGVsQmFja2VuZCIsIl9hdXRoX3VzZXJfaWQiOiIyIn0=','2016-11-09 04:47:31'),('2huw4rss45lm9maqicfm11lp881usij1','OTJlMDIxYWUwNTlhNmEzZmM2MzQ1Y2U1ZmE2YjJmNjhlZmRhNTlhYTp7Il9hdXRoX3VzZXJfaGFzaCI6ImQzYWMwMThmYzYwZmNjN2U1Y2EyY2VmOWNiMGIxNWU5NDQ1Mjg0ZTYiLCJfYXV0aF91c2VyX2JhY2tlbmQiOiJkamFuZ28uY29udHJpYi5hdXRoLmJhY2tlbmRzLk1vZGVsQmFja2VuZCIsIl9hdXRoX3VzZXJfaWQiOiIyIn0=','2016-09-20 05:20:58'),('2n46sc6347890xkvfg2udzebmhhwpkxi','Y2EyOWEzZDk4YzZjNWFmODg4NTEzOTBlNTkxNjJkNzE2NmMwODI1ZTp7Il9hdXRoX3VzZXJfaGFzaCI6ImRlOWJmMmRhZTQzZDJhZjU0M2IxY2Q3YzlhYWQ1NDE4ZThmN2Y3NDAiLCJfYXV0aF91c2VyX2JhY2tlbmQiOiJkamFuZ28uY29udHJpYi5hdXRoLmJhY2tlbmRzLk1vZGVsQmFja2VuZCIsIl9hdXRoX3VzZXJfaWQiOiIzIn0=','2016-11-07 01:58:02'),('35f6azs9i5pdeyff517w50qaq9nnj3yo','YjFhMTdlMTRhY2QwYjY4YTY2MmMwY2I0MDI4Nzc5MTBlZWEwZjc1Mjp7Il9hdXRoX3VzZXJfaGFzaCI6ImFhNjZlYmY3MjgyMmFlYjZhYjQ5ODc0ZTEzMjQzZGFlMDhlNzMxMDYiLCJfYXV0aF91c2VyX2JhY2tlbmQiOiJkamFuZ28uY29udHJpYi5hdXRoLmJhY2tlbmRzLk1vZGVsQmFja2VuZCIsIl9hdXRoX3VzZXJfaWQiOiIxMCJ9','2016-11-21 05:59:34'),('392pakm013f4iel6arznbbzis8iuvwrs','OWM2OTMxOWQ3ZmU2YzA5Y2Y0MTIxMjY0ZDRkYjY1MWEzZGEyODM1MTp7Il9hdXRoX3VzZXJfaGFzaCI6IjUwY2QyZWJmYjdhNDk0ZjZhYWY3NWY0N2NlOTM0NDJlOGI1NTcyN2YiLCJfYXV0aF91c2VyX2JhY2tlbmQiOiJkamFuZ28uY29udHJpYi5hdXRoLmJhY2tlbmRzLk1vZGVsQmFja2VuZCIsIl9hdXRoX3VzZXJfaWQiOiIyIn0=','2016-11-11 05:30:35'),('394m0q7369333vook8rh4wv0uy8bl3os','OWM2OTMxOWQ3ZmU2YzA5Y2Y0MTIxMjY0ZDRkYjY1MWEzZGEyODM1MTp7Il9hdXRoX3VzZXJfaGFzaCI6IjUwY2QyZWJmYjdhNDk0ZjZhYWY3NWY0N2NlOTM0NDJlOGI1NTcyN2YiLCJfYXV0aF91c2VyX2JhY2tlbmQiOiJkamFuZ28uY29udHJpYi5hdXRoLmJhY2tlbmRzLk1vZGVsQmFja2VuZCIsIl9hdXRoX3VzZXJfaWQiOiIyIn0=','2016-11-21 20:31:45'),('3l8rd19hv89n28g3rm7hl3ekv4oum5eo','OTJlMDIxYWUwNTlhNmEzZmM2MzQ1Y2U1ZmE2YjJmNjhlZmRhNTlhYTp7Il9hdXRoX3VzZXJfaGFzaCI6ImQzYWMwMThmYzYwZmNjN2U1Y2EyY2VmOWNiMGIxNWU5NDQ1Mjg0ZTYiLCJfYXV0aF91c2VyX2JhY2tlbmQiOiJkamFuZ28uY29udHJpYi5hdXRoLmJhY2tlbmRzLk1vZGVsQmFja2VuZCIsIl9hdXRoX3VzZXJfaWQiOiIyIn0=','2016-09-20 17:28:45'),('3pax96dfmngro21mjbqf4etckush3qto','OWM2OTMxOWQ3ZmU2YzA5Y2Y0MTIxMjY0ZDRkYjY1MWEzZGEyODM1MTp7Il9hdXRoX3VzZXJfaGFzaCI6IjUwY2QyZWJmYjdhNDk0ZjZhYWY3NWY0N2NlOTM0NDJlOGI1NTcyN2YiLCJfYXV0aF91c2VyX2JhY2tlbmQiOiJkamFuZ28uY29udHJpYi5hdXRoLmJhY2tlbmRzLk1vZGVsQmFja2VuZCIsIl9hdXRoX3VzZXJfaWQiOiIyIn0=','2016-11-10 21:38:13'),('48xcxh5e85d0uzzw67ia020n7w5wwjry','OTJlMDIxYWUwNTlhNmEzZmM2MzQ1Y2U1ZmE2YjJmNjhlZmRhNTlhYTp7Il9hdXRoX3VzZXJfaGFzaCI6ImQzYWMwMThmYzYwZmNjN2U1Y2EyY2VmOWNiMGIxNWU5NDQ1Mjg0ZTYiLCJfYXV0aF91c2VyX2JhY2tlbmQiOiJkamFuZ28uY29udHJpYi5hdXRoLmJhY2tlbmRzLk1vZGVsQmFja2VuZCIsIl9hdXRoX3VzZXJfaWQiOiIyIn0=','2016-10-09 20:04:43'),('4cm0nev01l19p5j56m68ca3lqoofyo1y','OTJlMDIxYWUwNTlhNmEzZmM2MzQ1Y2U1ZmE2YjJmNjhlZmRhNTlhYTp7Il9hdXRoX3VzZXJfaGFzaCI6ImQzYWMwMThmYzYwZmNjN2U1Y2EyY2VmOWNiMGIxNWU5NDQ1Mjg0ZTYiLCJfYXV0aF91c2VyX2JhY2tlbmQiOiJkamFuZ28uY29udHJpYi5hdXRoLmJhY2tlbmRzLk1vZGVsQmFja2VuZCIsIl9hdXRoX3VzZXJfaWQiOiIyIn0=','2016-10-27 06:46:59'),('4cq64ejpu1ngkf0lfpjv538aemq6k2cs','OWM2OTMxOWQ3ZmU2YzA5Y2Y0MTIxMjY0ZDRkYjY1MWEzZGEyODM1MTp7Il9hdXRoX3VzZXJfaGFzaCI6IjUwY2QyZWJmYjdhNDk0ZjZhYWY3NWY0N2NlOTM0NDJlOGI1NTcyN2YiLCJfYXV0aF91c2VyX2JhY2tlbmQiOiJkamFuZ28uY29udHJpYi5hdXRoLmJhY2tlbmRzLk1vZGVsQmFja2VuZCIsIl9hdXRoX3VzZXJfaWQiOiIyIn0=','2016-11-04 05:30:08'),('4j0tns5mckn256u30omq5qkroiztes53','ZDc1ZGQyMjIzODA1MzNjYmRjMTZjMjBhZTNmZWU4NzBkYmE2MGFiOTp7Il9hdXRoX3VzZXJfaGFzaCI6IjhiNWFlNDQyMmEyNDlkMWExNGMyYTIxMmIyNjBjODRkMmI2YTRmM2YiLCJfYXV0aF91c2VyX2JhY2tlbmQiOiJkamFuZ28uY29udHJpYi5hdXRoLmJhY2tlbmRzLk1vZGVsQmFja2VuZCIsIl9hdXRoX3VzZXJfaWQiOiIyMiJ9','2016-11-25 00:35:57'),('4qvlyl9wms3itihr0ie24pc1l6ev32m0','OTJlMDIxYWUwNTlhNmEzZmM2MzQ1Y2U1ZmE2YjJmNjhlZmRhNTlhYTp7Il9hdXRoX3VzZXJfaGFzaCI6ImQzYWMwMThmYzYwZmNjN2U1Y2EyY2VmOWNiMGIxNWU5NDQ1Mjg0ZTYiLCJfYXV0aF91c2VyX2JhY2tlbmQiOiJkamFuZ28uY29udHJpYi5hdXRoLmJhY2tlbmRzLk1vZGVsQmFja2VuZCIsIl9hdXRoX3VzZXJfaWQiOiIyIn0=','2016-09-29 15:23:20'),('4wu0todyvemgf03shnr4q96gxjghpyaj','NDQwZDg4NTAxY2I4ZWM2MGFiYjhhMWRiMmZiNTRjMTcxMzE0NjY4MTp7Il9hdXRoX3VzZXJfaGFzaCI6Ijg4YmYwOGZiMTdlMzk1MmU3OTFmNTI0N2M4ZTU3ZWZlZGM1YTU5MWEiLCJfYXV0aF91c2VyX2JhY2tlbmQiOiJkamFuZ28uY29udHJpYi5hdXRoLmJhY2tlbmRzLk1vZGVsQmFja2VuZCIsIl9hdXRoX3VzZXJfaWQiOiI3In0=','2016-11-10 22:29:17'),('522bbha3l7cfxj2a8jrl3mgh9wpajclg','OTJlMDIxYWUwNTlhNmEzZmM2MzQ1Y2U1ZmE2YjJmNjhlZmRhNTlhYTp7Il9hdXRoX3VzZXJfaGFzaCI6ImQzYWMwMThmYzYwZmNjN2U1Y2EyY2VmOWNiMGIxNWU5NDQ1Mjg0ZTYiLCJfYXV0aF91c2VyX2JhY2tlbmQiOiJkamFuZ28uY29udHJpYi5hdXRoLmJhY2tlbmRzLk1vZGVsQmFja2VuZCIsIl9hdXRoX3VzZXJfaWQiOiIyIn0=','2016-10-08 23:43:03'),('57qs5vlkbni6ynjtugqbwgprzt1car3p','Yjg4ZDQ1ZDViZjUxOTRmY2MwYzk5MjkwZDhiOWRlOWNjMjEzYjJlNjp7Il9hdXRoX3VzZXJfaGFzaCI6IjJkZGYyYWIxMTcwN2U4NjcyODc3ZjQxNGNiNzU4YjNlZDVkMDkzN2IiLCJfYXV0aF91c2VyX2JhY2tlbmQiOiJkamFuZ28uY29udHJpYi5hdXRoLmJhY2tlbmRzLk1vZGVsQmFja2VuZCIsIl9hdXRoX3VzZXJfaWQiOiI2In0=','2016-11-07 19:24:57'),('5km7vil1b8j6sshuhliii7cz52m80adx','OWM2OTMxOWQ3ZmU2YzA5Y2Y0MTIxMjY0ZDRkYjY1MWEzZGEyODM1MTp7Il9hdXRoX3VzZXJfaGFzaCI6IjUwY2QyZWJmYjdhNDk0ZjZhYWY3NWY0N2NlOTM0NDJlOGI1NTcyN2YiLCJfYXV0aF91c2VyX2JhY2tlbmQiOiJkamFuZ28uY29udHJpYi5hdXRoLmJhY2tlbmRzLk1vZGVsQmFja2VuZCIsIl9hdXRoX3VzZXJfaWQiOiIyIn0=','2016-11-04 05:54:36'),('5pujvdmecl457qc88xn32sroz3mkrtfc','OWM2OTMxOWQ3ZmU2YzA5Y2Y0MTIxMjY0ZDRkYjY1MWEzZGEyODM1MTp7Il9hdXRoX3VzZXJfaGFzaCI6IjUwY2QyZWJmYjdhNDk0ZjZhYWY3NWY0N2NlOTM0NDJlOGI1NTcyN2YiLCJfYXV0aF91c2VyX2JhY2tlbmQiOiJkamFuZ28uY29udHJpYi5hdXRoLmJhY2tlbmRzLk1vZGVsQmFja2VuZCIsIl9hdXRoX3VzZXJfaWQiOiIyIn0=','2016-11-03 19:04:51'),('5qzxlyu2ouqvswpab9r9458qx4vyd43i','OWM2OTMxOWQ3ZmU2YzA5Y2Y0MTIxMjY0ZDRkYjY1MWEzZGEyODM1MTp7Il9hdXRoX3VzZXJfaGFzaCI6IjUwY2QyZWJmYjdhNDk0ZjZhYWY3NWY0N2NlOTM0NDJlOGI1NTcyN2YiLCJfYXV0aF91c2VyX2JhY2tlbmQiOiJkamFuZ28uY29udHJpYi5hdXRoLmJhY2tlbmRzLk1vZGVsQmFja2VuZCIsIl9hdXRoX3VzZXJfaWQiOiIyIn0=','2016-11-23 04:18:09'),('61tq8ltpkikbja79xjnnfvu4dw7juoth','Y2EyOWEzZDk4YzZjNWFmODg4NTEzOTBlNTkxNjJkNzE2NmMwODI1ZTp7Il9hdXRoX3VzZXJfaGFzaCI6ImRlOWJmMmRhZTQzZDJhZjU0M2IxY2Q3YzlhYWQ1NDE4ZThmN2Y3NDAiLCJfYXV0aF91c2VyX2JhY2tlbmQiOiJkamFuZ28uY29udHJpYi5hdXRoLmJhY2tlbmRzLk1vZGVsQmFja2VuZCIsIl9hdXRoX3VzZXJfaWQiOiIzIn0=','2016-11-04 04:29:07'),('62xihtwyzouq39ptpuvzjn7wes9etau7','OWM2OTMxOWQ3ZmU2YzA5Y2Y0MTIxMjY0ZDRkYjY1MWEzZGEyODM1MTp7Il9hdXRoX3VzZXJfaGFzaCI6IjUwY2QyZWJmYjdhNDk0ZjZhYWY3NWY0N2NlOTM0NDJlOGI1NTcyN2YiLCJfYXV0aF91c2VyX2JhY2tlbmQiOiJkamFuZ28uY29udHJpYi5hdXRoLmJhY2tlbmRzLk1vZGVsQmFja2VuZCIsIl9hdXRoX3VzZXJfaWQiOiIyIn0=','2016-11-02 05:01:47'),('69hp751u94frksn1ymbcbwrel3v75mgz','Y2EyOWEzZDk4YzZjNWFmODg4NTEzOTBlNTkxNjJkNzE2NmMwODI1ZTp7Il9hdXRoX3VzZXJfaGFzaCI6ImRlOWJmMmRhZTQzZDJhZjU0M2IxY2Q3YzlhYWQ1NDE4ZThmN2Y3NDAiLCJfYXV0aF91c2VyX2JhY2tlbmQiOiJkamFuZ28uY29udHJpYi5hdXRoLmJhY2tlbmRzLk1vZGVsQmFja2VuZCIsIl9hdXRoX3VzZXJfaWQiOiIzIn0=','2016-11-03 22:09:20'),('6kuyqfrn8kdx8jdp3hjufktr45qodji3','OTJlMDIxYWUwNTlhNmEzZmM2MzQ1Y2U1ZmE2YjJmNjhlZmRhNTlhYTp7Il9hdXRoX3VzZXJfaGFzaCI6ImQzYWMwMThmYzYwZmNjN2U1Y2EyY2VmOWNiMGIxNWU5NDQ1Mjg0ZTYiLCJfYXV0aF91c2VyX2JhY2tlbmQiOiJkamFuZ28uY29udHJpYi5hdXRoLmJhY2tlbmRzLk1vZGVsQmFja2VuZCIsIl9hdXRoX3VzZXJfaWQiOiIyIn0=','2016-10-09 04:49:43'),('79n5dvztir1299fz9osvq2bwb0xwta6u','OTJlMDIxYWUwNTlhNmEzZmM2MzQ1Y2U1ZmE2YjJmNjhlZmRhNTlhYTp7Il9hdXRoX3VzZXJfaGFzaCI6ImQzYWMwMThmYzYwZmNjN2U1Y2EyY2VmOWNiMGIxNWU5NDQ1Mjg0ZTYiLCJfYXV0aF91c2VyX2JhY2tlbmQiOiJkamFuZ28uY29udHJpYi5hdXRoLmJhY2tlbmRzLk1vZGVsQmFja2VuZCIsIl9hdXRoX3VzZXJfaWQiOiIyIn0=','2016-09-28 04:19:43'),('7icm9islwz8hv7spkalg800v5p62hfjd','Y2EyOWEzZDk4YzZjNWFmODg4NTEzOTBlNTkxNjJkNzE2NmMwODI1ZTp7Il9hdXRoX3VzZXJfaGFzaCI6ImRlOWJmMmRhZTQzZDJhZjU0M2IxY2Q3YzlhYWQ1NDE4ZThmN2Y3NDAiLCJfYXV0aF91c2VyX2JhY2tlbmQiOiJkamFuZ28uY29udHJpYi5hdXRoLmJhY2tlbmRzLk1vZGVsQmFja2VuZCIsIl9hdXRoX3VzZXJfaWQiOiIzIn0=','2016-10-31 15:52:17'),('7jdjcbfzwrm4qlhamrx5xppp8ja1h5jd','ZDU5OThkNWRhZjg4ODQ1NmFjOTk4ODc0MWZhYjJjMDBmZGExZjM0Mzp7Il9hdXRoX3VzZXJfaGFzaCI6IjRjYmMwNzk5MzM0NmFmYWFlODljZGEzNzZkZWZhYWViZTE4OTVhNmYiLCJfYXV0aF91c2VyX2JhY2tlbmQiOiJkamFuZ28uY29udHJpYi5hdXRoLmJhY2tlbmRzLk1vZGVsQmFja2VuZCIsIl9hdXRoX3VzZXJfaWQiOiI0In0=','2016-10-30 21:29:27'),('851rksnckqsl0h4mdyfkknp7i7sw0lxd','OWM2OTMxOWQ3ZmU2YzA5Y2Y0MTIxMjY0ZDRkYjY1MWEzZGEyODM1MTp7Il9hdXRoX3VzZXJfaGFzaCI6IjUwY2QyZWJmYjdhNDk0ZjZhYWY3NWY0N2NlOTM0NDJlOGI1NTcyN2YiLCJfYXV0aF91c2VyX2JhY2tlbmQiOiJkamFuZ28uY29udHJpYi5hdXRoLmJhY2tlbmRzLk1vZGVsQmFja2VuZCIsIl9hdXRoX3VzZXJfaWQiOiIyIn0=','2016-12-13 02:38:50'),('8aave19dgiwo0jvw3q5joymwrltxco4z','NDQwZDg4NTAxY2I4ZWM2MGFiYjhhMWRiMmZiNTRjMTcxMzE0NjY4MTp7Il9hdXRoX3VzZXJfaGFzaCI6Ijg4YmYwOGZiMTdlMzk1MmU3OTFmNTI0N2M4ZTU3ZWZlZGM1YTU5MWEiLCJfYXV0aF91c2VyX2JhY2tlbmQiOiJkamFuZ28uY29udHJpYi5hdXRoLmJhY2tlbmRzLk1vZGVsQmFja2VuZCIsIl9hdXRoX3VzZXJfaWQiOiI3In0=','2016-11-08 15:57:26'),('8bbmxgvjwpi6oo6owp9pukwvfylcv5pa','OTJlMDIxYWUwNTlhNmEzZmM2MzQ1Y2U1ZmE2YjJmNjhlZmRhNTlhYTp7Il9hdXRoX3VzZXJfaGFzaCI6ImQzYWMwMThmYzYwZmNjN2U1Y2EyY2VmOWNiMGIxNWU5NDQ1Mjg0ZTYiLCJfYXV0aF91c2VyX2JhY2tlbmQiOiJkamFuZ28uY29udHJpYi5hdXRoLmJhY2tlbmRzLk1vZGVsQmFja2VuZCIsIl9hdXRoX3VzZXJfaWQiOiIyIn0=','2016-10-16 21:10:27'),('8fwj6uhgr3kgeewrx904bopa24ul0o9i','NWMzNmY1MGFkYjcxODAzYzNlYTUzODAwNTkyOGEzYjNlMTU3YzRiMTp7Il9hdXRoX3VzZXJfaGFzaCI6ImU2ZDY2NjMyN2FjY2IxMTVlOTg2ZWM4MTgzNTY5ZGRhZTlhNDEzY2MiLCJfYXV0aF91c2VyX2JhY2tlbmQiOiJkamFuZ28uY29udHJpYi5hdXRoLmJhY2tlbmRzLk1vZGVsQmFja2VuZCIsIl9hdXRoX3VzZXJfaWQiOiIzIn0=','2016-10-28 05:01:04'),('8oahxac8kzjch69x07yl481cncjtzuem','OTJlMDIxYWUwNTlhNmEzZmM2MzQ1Y2U1ZmE2YjJmNjhlZmRhNTlhYTp7Il9hdXRoX3VzZXJfaGFzaCI6ImQzYWMwMThmYzYwZmNjN2U1Y2EyY2VmOWNiMGIxNWU5NDQ1Mjg0ZTYiLCJfYXV0aF91c2VyX2JhY2tlbmQiOiJkamFuZ28uY29udHJpYi5hdXRoLmJhY2tlbmRzLk1vZGVsQmFja2VuZCIsIl9hdXRoX3VzZXJfaWQiOiIyIn0=','2016-10-23 21:10:16'),('9i8yd5ym43sz46jusx8nnvunhub5mh47','OWM2OTMxOWQ3ZmU2YzA5Y2Y0MTIxMjY0ZDRkYjY1MWEzZGEyODM1MTp7Il9hdXRoX3VzZXJfaGFzaCI6IjUwY2QyZWJmYjdhNDk0ZjZhYWY3NWY0N2NlOTM0NDJlOGI1NTcyN2YiLCJfYXV0aF91c2VyX2JhY2tlbmQiOiJkamFuZ28uY29udHJpYi5hdXRoLmJhY2tlbmRzLk1vZGVsQmFja2VuZCIsIl9hdXRoX3VzZXJfaWQiOiIyIn0=','2016-11-23 03:39:17'),('a9ncvu5irv0t49qnzw7c2h31gro71bzs','OTJlMDIxYWUwNTlhNmEzZmM2MzQ1Y2U1ZmE2YjJmNjhlZmRhNTlhYTp7Il9hdXRoX3VzZXJfaGFzaCI6ImQzYWMwMThmYzYwZmNjN2U1Y2EyY2VmOWNiMGIxNWU5NDQ1Mjg0ZTYiLCJfYXV0aF91c2VyX2JhY2tlbmQiOiJkamFuZ28uY29udHJpYi5hdXRoLmJhY2tlbmRzLk1vZGVsQmFja2VuZCIsIl9hdXRoX3VzZXJfaWQiOiIyIn0=','2016-09-26 00:41:04'),('ac4046yw5bbnhypraj9m8ksrl2v7uxfo','OWM2OTMxOWQ3ZmU2YzA5Y2Y0MTIxMjY0ZDRkYjY1MWEzZGEyODM1MTp7Il9hdXRoX3VzZXJfaGFzaCI6IjUwY2QyZWJmYjdhNDk0ZjZhYWY3NWY0N2NlOTM0NDJlOGI1NTcyN2YiLCJfYXV0aF91c2VyX2JhY2tlbmQiOiJkamFuZ28uY29udHJpYi5hdXRoLmJhY2tlbmRzLk1vZGVsQmFja2VuZCIsIl9hdXRoX3VzZXJfaWQiOiIyIn0=','2016-11-05 05:08:55'),('agtbiy9bb06ec47bynw9u2anhcy401b4','Y2EyOWEzZDk4YzZjNWFmODg4NTEzOTBlNTkxNjJkNzE2NmMwODI1ZTp7Il9hdXRoX3VzZXJfaGFzaCI6ImRlOWJmMmRhZTQzZDJhZjU0M2IxY2Q3YzlhYWQ1NDE4ZThmN2Y3NDAiLCJfYXV0aF91c2VyX2JhY2tlbmQiOiJkamFuZ28uY29udHJpYi5hdXRoLmJhY2tlbmRzLk1vZGVsQmFja2VuZCIsIl9hdXRoX3VzZXJfaWQiOiIzIn0=','2016-11-03 22:09:27'),('aup0am61h06fu3043z4iucikfn9hrehk','Y2EyOWEzZDk4YzZjNWFmODg4NTEzOTBlNTkxNjJkNzE2NmMwODI1ZTp7Il9hdXRoX3VzZXJfaGFzaCI6ImRlOWJmMmRhZTQzZDJhZjU0M2IxY2Q3YzlhYWQ1NDE4ZThmN2Y3NDAiLCJfYXV0aF91c2VyX2JhY2tlbmQiOiJkamFuZ28uY29udHJpYi5hdXRoLmJhY2tlbmRzLk1vZGVsQmFja2VuZCIsIl9hdXRoX3VzZXJfaWQiOiIzIn0=','2016-11-03 22:53:58'),('ax0j2lj42ins6k09x65oqtz9dnvjilg1','OWM2OTMxOWQ3ZmU2YzA5Y2Y0MTIxMjY0ZDRkYjY1MWEzZGEyODM1MTp7Il9hdXRoX3VzZXJfaGFzaCI6IjUwY2QyZWJmYjdhNDk0ZjZhYWY3NWY0N2NlOTM0NDJlOGI1NTcyN2YiLCJfYXV0aF91c2VyX2JhY2tlbmQiOiJkamFuZ28uY29udHJpYi5hdXRoLmJhY2tlbmRzLk1vZGVsQmFja2VuZCIsIl9hdXRoX3VzZXJfaWQiOiIyIn0=','2016-11-23 01:13:27'),('b0vxv5rofdxwdn8aaabi4j9m7cs227pz','ZDc1ZGQyMjIzODA1MzNjYmRjMTZjMjBhZTNmZWU4NzBkYmE2MGFiOTp7Il9hdXRoX3VzZXJfaGFzaCI6IjhiNWFlNDQyMmEyNDlkMWExNGMyYTIxMmIyNjBjODRkMmI2YTRmM2YiLCJfYXV0aF91c2VyX2JhY2tlbmQiOiJkamFuZ28uY29udHJpYi5hdXRoLmJhY2tlbmRzLk1vZGVsQmFja2VuZCIsIl9hdXRoX3VzZXJfaWQiOiIyMiJ9','2016-11-23 15:34:16'),('bc4delr11s7yitsk1qziqnpgt16a0siz','OTJlMDIxYWUwNTlhNmEzZmM2MzQ1Y2U1ZmE2YjJmNjhlZmRhNTlhYTp7Il9hdXRoX3VzZXJfaGFzaCI6ImQzYWMwMThmYzYwZmNjN2U1Y2EyY2VmOWNiMGIxNWU5NDQ1Mjg0ZTYiLCJfYXV0aF91c2VyX2JhY2tlbmQiOiJkamFuZ28uY29udHJpYi5hdXRoLmJhY2tlbmRzLk1vZGVsQmFja2VuZCIsIl9hdXRoX3VzZXJfaWQiOiIyIn0=','2016-10-28 04:45:57'),('bcwq7yr6725h7ba3m1dm76r4ksbwvf2r','OTJlMDIxYWUwNTlhNmEzZmM2MzQ1Y2U1ZmE2YjJmNjhlZmRhNTlhYTp7Il9hdXRoX3VzZXJfaGFzaCI6ImQzYWMwMThmYzYwZmNjN2U1Y2EyY2VmOWNiMGIxNWU5NDQ1Mjg0ZTYiLCJfYXV0aF91c2VyX2JhY2tlbmQiOiJkamFuZ28uY29udHJpYi5hdXRoLmJhY2tlbmRzLk1vZGVsQmFja2VuZCIsIl9hdXRoX3VzZXJfaWQiOiIyIn0=','2016-09-05 21:22:17'),('bf5dowsi18ns04benmoktv8h0adbah0r','OWM2OTMxOWQ3ZmU2YzA5Y2Y0MTIxMjY0ZDRkYjY1MWEzZGEyODM1MTp7Il9hdXRoX3VzZXJfaGFzaCI6IjUwY2QyZWJmYjdhNDk0ZjZhYWY3NWY0N2NlOTM0NDJlOGI1NTcyN2YiLCJfYXV0aF91c2VyX2JhY2tlbmQiOiJkamFuZ28uY29udHJpYi5hdXRoLmJhY2tlbmRzLk1vZGVsQmFja2VuZCIsIl9hdXRoX3VzZXJfaWQiOiIyIn0=','2016-11-27 21:43:18'),('c13dy3nal33ecpjy33knw1n8quda94dq','OTJlMDIxYWUwNTlhNmEzZmM2MzQ1Y2U1ZmE2YjJmNjhlZmRhNTlhYTp7Il9hdXRoX3VzZXJfaGFzaCI6ImQzYWMwMThmYzYwZmNjN2U1Y2EyY2VmOWNiMGIxNWU5NDQ1Mjg0ZTYiLCJfYXV0aF91c2VyX2JhY2tlbmQiOiJkamFuZ28uY29udHJpYi5hdXRoLmJhY2tlbmRzLk1vZGVsQmFja2VuZCIsIl9hdXRoX3VzZXJfaWQiOiIyIn0=','2016-10-04 06:37:29'),('d771xv7g05c239w74uww6tgnst29362i','OTJlMDIxYWUwNTlhNmEzZmM2MzQ1Y2U1ZmE2YjJmNjhlZmRhNTlhYTp7Il9hdXRoX3VzZXJfaGFzaCI6ImQzYWMwMThmYzYwZmNjN2U1Y2EyY2VmOWNiMGIxNWU5NDQ1Mjg0ZTYiLCJfYXV0aF91c2VyX2JhY2tlbmQiOiJkamFuZ28uY29udHJpYi5hdXRoLmJhY2tlbmRzLk1vZGVsQmFja2VuZCIsIl9hdXRoX3VzZXJfaWQiOiIyIn0=','2016-10-29 05:53:29'),('d9dc45wdfxwzvgx3rquayolgzdqo57c2','OWM2OTMxOWQ3ZmU2YzA5Y2Y0MTIxMjY0ZDRkYjY1MWEzZGEyODM1MTp7Il9hdXRoX3VzZXJfaGFzaCI6IjUwY2QyZWJmYjdhNDk0ZjZhYWY3NWY0N2NlOTM0NDJlOGI1NTcyN2YiLCJfYXV0aF91c2VyX2JhY2tlbmQiOiJkamFuZ28uY29udHJpYi5hdXRoLmJhY2tlbmRzLk1vZGVsQmFja2VuZCIsIl9hdXRoX3VzZXJfaWQiOiIyIn0=','2016-11-08 06:07:45'),('di79j5bryh3bvnd128ggcf8sfz1jqbt3','NWMzNmY1MGFkYjcxODAzYzNlYTUzODAwNTkyOGEzYjNlMTU3YzRiMTp7Il9hdXRoX3VzZXJfaGFzaCI6ImU2ZDY2NjMyN2FjY2IxMTVlOTg2ZWM4MTgzNTY5ZGRhZTlhNDEzY2MiLCJfYXV0aF91c2VyX2JhY2tlbmQiOiJkamFuZ28uY29udHJpYi5hdXRoLmJhY2tlbmRzLk1vZGVsQmFja2VuZCIsIl9hdXRoX3VzZXJfaWQiOiIzIn0=','2016-10-25 00:21:57'),('dr7hpz8s7xrpybuifzte37kfd9ahyd21','OTJlMDIxYWUwNTlhNmEzZmM2MzQ1Y2U1ZmE2YjJmNjhlZmRhNTlhYTp7Il9hdXRoX3VzZXJfaGFzaCI6ImQzYWMwMThmYzYwZmNjN2U1Y2EyY2VmOWNiMGIxNWU5NDQ1Mjg0ZTYiLCJfYXV0aF91c2VyX2JhY2tlbmQiOiJkamFuZ28uY29udHJpYi5hdXRoLmJhY2tlbmRzLk1vZGVsQmFja2VuZCIsIl9hdXRoX3VzZXJfaWQiOiIyIn0=','2016-09-19 05:58:34'),('dxi9u7gxhlabhepdzkeopsaewokk2lrl','OTJlMDIxYWUwNTlhNmEzZmM2MzQ1Y2U1ZmE2YjJmNjhlZmRhNTlhYTp7Il9hdXRoX3VzZXJfaGFzaCI6ImQzYWMwMThmYzYwZmNjN2U1Y2EyY2VmOWNiMGIxNWU5NDQ1Mjg0ZTYiLCJfYXV0aF91c2VyX2JhY2tlbmQiOiJkamFuZ28uY29udHJpYi5hdXRoLmJhY2tlbmRzLk1vZGVsQmFja2VuZCIsIl9hdXRoX3VzZXJfaWQiOiIyIn0=','2016-10-23 23:44:46'),('dyick8xqd4l5n0pvl9k1jnastegnsfcu','OTJlMDIxYWUwNTlhNmEzZmM2MzQ1Y2U1ZmE2YjJmNjhlZmRhNTlhYTp7Il9hdXRoX3VzZXJfaGFzaCI6ImQzYWMwMThmYzYwZmNjN2U1Y2EyY2VmOWNiMGIxNWU5NDQ1Mjg0ZTYiLCJfYXV0aF91c2VyX2JhY2tlbmQiOiJkamFuZ28uY29udHJpYi5hdXRoLmJhY2tlbmRzLk1vZGVsQmFja2VuZCIsIl9hdXRoX3VzZXJfaWQiOiIyIn0=','2016-09-13 15:45:22'),('e205zh12bucfozvcwd3hfneld31hbp60','OTJlMDIxYWUwNTlhNmEzZmM2MzQ1Y2U1ZmE2YjJmNjhlZmRhNTlhYTp7Il9hdXRoX3VzZXJfaGFzaCI6ImQzYWMwMThmYzYwZmNjN2U1Y2EyY2VmOWNiMGIxNWU5NDQ1Mjg0ZTYiLCJfYXV0aF91c2VyX2JhY2tlbmQiOiJkamFuZ28uY29udHJpYi5hdXRoLmJhY2tlbmRzLk1vZGVsQmFja2VuZCIsIl9hdXRoX3VzZXJfaWQiOiIyIn0=','2016-10-11 23:37:31'),('epoiema9yk0j9ku1tmxnmeouwzeldp33','OTJlMDIxYWUwNTlhNmEzZmM2MzQ1Y2U1ZmE2YjJmNjhlZmRhNTlhYTp7Il9hdXRoX3VzZXJfaGFzaCI6ImQzYWMwMThmYzYwZmNjN2U1Y2EyY2VmOWNiMGIxNWU5NDQ1Mjg0ZTYiLCJfYXV0aF91c2VyX2JhY2tlbmQiOiJkamFuZ28uY29udHJpYi5hdXRoLmJhY2tlbmRzLk1vZGVsQmFja2VuZCIsIl9hdXRoX3VzZXJfaWQiOiIyIn0=','2016-10-17 22:23:17'),('ert6dh3xrk8svco4zgxrpjjf1kg7yqgt','NWMzNmY1MGFkYjcxODAzYzNlYTUzODAwNTkyOGEzYjNlMTU3YzRiMTp7Il9hdXRoX3VzZXJfaGFzaCI6ImU2ZDY2NjMyN2FjY2IxMTVlOTg2ZWM4MTgzNTY5ZGRhZTlhNDEzY2MiLCJfYXV0aF91c2VyX2JhY2tlbmQiOiJkamFuZ28uY29udHJpYi5hdXRoLmJhY2tlbmRzLk1vZGVsQmFja2VuZCIsIl9hdXRoX3VzZXJfaWQiOiIzIn0=','2016-10-24 23:28:35'),('ex1mjzihk1hsgjp2a4p6une10i1q047i','OWM2OTMxOWQ3ZmU2YzA5Y2Y0MTIxMjY0ZDRkYjY1MWEzZGEyODM1MTp7Il9hdXRoX3VzZXJfaGFzaCI6IjUwY2QyZWJmYjdhNDk0ZjZhYWY3NWY0N2NlOTM0NDJlOGI1NTcyN2YiLCJfYXV0aF91c2VyX2JhY2tlbmQiOiJkamFuZ28uY29udHJpYi5hdXRoLmJhY2tlbmRzLk1vZGVsQmFja2VuZCIsIl9hdXRoX3VzZXJfaWQiOiIyIn0=','2016-11-24 22:02:04'),('exunatpcj7ulszihijopbxprse4bperx','OTJlMDIxYWUwNTlhNmEzZmM2MzQ1Y2U1ZmE2YjJmNjhlZmRhNTlhYTp7Il9hdXRoX3VzZXJfaGFzaCI6ImQzYWMwMThmYzYwZmNjN2U1Y2EyY2VmOWNiMGIxNWU5NDQ1Mjg0ZTYiLCJfYXV0aF91c2VyX2JhY2tlbmQiOiJkamFuZ28uY29udHJpYi5hdXRoLmJhY2tlbmRzLk1vZGVsQmFja2VuZCIsIl9hdXRoX3VzZXJfaWQiOiIyIn0=','2016-10-15 23:44:50'),('f7e8zhp19mcn7hvu4ds411vyjkg0b6y7','NDQwZDg4NTAxY2I4ZWM2MGFiYjhhMWRiMmZiNTRjMTcxMzE0NjY4MTp7Il9hdXRoX3VzZXJfaGFzaCI6Ijg4YmYwOGZiMTdlMzk1MmU3OTFmNTI0N2M4ZTU3ZWZlZGM1YTU5MWEiLCJfYXV0aF91c2VyX2JhY2tlbmQiOiJkamFuZ28uY29udHJpYi5hdXRoLmJhY2tlbmRzLk1vZGVsQmFja2VuZCIsIl9hdXRoX3VzZXJfaWQiOiI3In0=','2016-11-05 20:54:58'),('fazyif3sqbz8wzq8mkqk7pq41r5lysuw','OTJlMDIxYWUwNTlhNmEzZmM2MzQ1Y2U1ZmE2YjJmNjhlZmRhNTlhYTp7Il9hdXRoX3VzZXJfaGFzaCI6ImQzYWMwMThmYzYwZmNjN2U1Y2EyY2VmOWNiMGIxNWU5NDQ1Mjg0ZTYiLCJfYXV0aF91c2VyX2JhY2tlbmQiOiJkamFuZ28uY29udHJpYi5hdXRoLmJhY2tlbmRzLk1vZGVsQmFja2VuZCIsIl9hdXRoX3VzZXJfaWQiOiIyIn0=','2016-10-22 06:17:32'),('g0qnfv1nbk3264qkoj8biiqnf3zc7ag4','OWM2OTMxOWQ3ZmU2YzA5Y2Y0MTIxMjY0ZDRkYjY1MWEzZGEyODM1MTp7Il9hdXRoX3VzZXJfaGFzaCI6IjUwY2QyZWJmYjdhNDk0ZjZhYWY3NWY0N2NlOTM0NDJlOGI1NTcyN2YiLCJfYXV0aF91c2VyX2JhY2tlbmQiOiJkamFuZ28uY29udHJpYi5hdXRoLmJhY2tlbmRzLk1vZGVsQmFja2VuZCIsIl9hdXRoX3VzZXJfaWQiOiIyIn0=','2016-11-02 04:51:43'),('g1p21oxbdasoqy1l2wgab4a4kufip5ua','Y2EyOWEzZDk4YzZjNWFmODg4NTEzOTBlNTkxNjJkNzE2NmMwODI1ZTp7Il9hdXRoX3VzZXJfaGFzaCI6ImRlOWJmMmRhZTQzZDJhZjU0M2IxY2Q3YzlhYWQ1NDE4ZThmN2Y3NDAiLCJfYXV0aF91c2VyX2JhY2tlbmQiOiJkamFuZ28uY29udHJpYi5hdXRoLmJhY2tlbmRzLk1vZGVsQmFja2VuZCIsIl9hdXRoX3VzZXJfaWQiOiIzIn0=','2016-11-05 07:09:56'),('gdrb5275vskxenxkmwkhm4nnfrjwm7az','Y2EyOWEzZDk4YzZjNWFmODg4NTEzOTBlNTkxNjJkNzE2NmMwODI1ZTp7Il9hdXRoX3VzZXJfaGFzaCI6ImRlOWJmMmRhZTQzZDJhZjU0M2IxY2Q3YzlhYWQ1NDE4ZThmN2Y3NDAiLCJfYXV0aF91c2VyX2JhY2tlbmQiOiJkamFuZ28uY29udHJpYi5hdXRoLmJhY2tlbmRzLk1vZGVsQmFja2VuZCIsIl9hdXRoX3VzZXJfaWQiOiIzIn0=','2016-11-20 20:52:55'),('ggmx772915sp0uqhfjafg97cbe1nlbfx','OTJlMDIxYWUwNTlhNmEzZmM2MzQ1Y2U1ZmE2YjJmNjhlZmRhNTlhYTp7Il9hdXRoX3VzZXJfaGFzaCI6ImQzYWMwMThmYzYwZmNjN2U1Y2EyY2VmOWNiMGIxNWU5NDQ1Mjg0ZTYiLCJfYXV0aF91c2VyX2JhY2tlbmQiOiJkamFuZ28uY29udHJpYi5hdXRoLmJhY2tlbmRzLk1vZGVsQmFja2VuZCIsIl9hdXRoX3VzZXJfaWQiOiIyIn0=','2016-09-21 23:02:32'),('gicck9kvu0sad3sa4ks2vyikycgpwm2t','NWMzNmY1MGFkYjcxODAzYzNlYTUzODAwNTkyOGEzYjNlMTU3YzRiMTp7Il9hdXRoX3VzZXJfaGFzaCI6ImU2ZDY2NjMyN2FjY2IxMTVlOTg2ZWM4MTgzNTY5ZGRhZTlhNDEzY2MiLCJfYXV0aF91c2VyX2JhY2tlbmQiOiJkamFuZ28uY29udHJpYi5hdXRoLmJhY2tlbmRzLk1vZGVsQmFja2VuZCIsIl9hdXRoX3VzZXJfaWQiOiIzIn0=','2016-10-31 03:11:13'),('gnugm6qa3yy9h8uhbpny6neas16m4s7v','OTJlMDIxYWUwNTlhNmEzZmM2MzQ1Y2U1ZmE2YjJmNjhlZmRhNTlhYTp7Il9hdXRoX3VzZXJfaGFzaCI6ImQzYWMwMThmYzYwZmNjN2U1Y2EyY2VmOWNiMGIxNWU5NDQ1Mjg0ZTYiLCJfYXV0aF91c2VyX2JhY2tlbmQiOiJkamFuZ28uY29udHJpYi5hdXRoLmJhY2tlbmRzLk1vZGVsQmFja2VuZCIsIl9hdXRoX3VzZXJfaWQiOiIyIn0=','2016-10-08 22:55:34'),('gv2zt9madt5dqy6xlyeclpypln1973ir','NDQwZDg4NTAxY2I4ZWM2MGFiYjhhMWRiMmZiNTRjMTcxMzE0NjY4MTp7Il9hdXRoX3VzZXJfaGFzaCI6Ijg4YmYwOGZiMTdlMzk1MmU3OTFmNTI0N2M4ZTU3ZWZlZGM1YTU5MWEiLCJfYXV0aF91c2VyX2JhY2tlbmQiOiJkamFuZ28uY29udHJpYi5hdXRoLmJhY2tlbmRzLk1vZGVsQmFja2VuZCIsIl9hdXRoX3VzZXJfaWQiOiI3In0=','2016-12-09 02:05:48'),('gxthzxr39o016kf1k0y7zcn35rpsu5rr','NWMzNmY1MGFkYjcxODAzYzNlYTUzODAwNTkyOGEzYjNlMTU3YzRiMTp7Il9hdXRoX3VzZXJfaGFzaCI6ImU2ZDY2NjMyN2FjY2IxMTVlOTg2ZWM4MTgzNTY5ZGRhZTlhNDEzY2MiLCJfYXV0aF91c2VyX2JhY2tlbmQiOiJkamFuZ28uY29udHJpYi5hdXRoLmJhY2tlbmRzLk1vZGVsQmFja2VuZCIsIl9hdXRoX3VzZXJfaWQiOiIzIn0=','2016-10-24 21:54:38'),('h49x4esgebl5vm8a7vyqor47ldogjx09','OWM2OTMxOWQ3ZmU2YzA5Y2Y0MTIxMjY0ZDRkYjY1MWEzZGEyODM1MTp7Il9hdXRoX3VzZXJfaGFzaCI6IjUwY2QyZWJmYjdhNDk0ZjZhYWY3NWY0N2NlOTM0NDJlOGI1NTcyN2YiLCJfYXV0aF91c2VyX2JhY2tlbmQiOiJkamFuZ28uY29udHJpYi5hdXRoLmJhY2tlbmRzLk1vZGVsQmFja2VuZCIsIl9hdXRoX3VzZXJfaWQiOiIyIn0=','2016-12-14 22:56:13'),('hb81snlc8xhmiu63l9vr0bcogywgfh4d','NTQzZTA3MzNmZjdlYTRkZDljMjljMzU3MzE4ZTNlN2Q2NTMwNTRhYjp7Il9hdXRoX3VzZXJfaGFzaCI6ImQwMjU0YmUwNmFiOTQxNDZiODdiYmRhZTliYTU1NGMzMTBlYWFmNGYiLCJfYXV0aF91c2VyX2JhY2tlbmQiOiJkamFuZ28uY29udHJpYi5hdXRoLmJhY2tlbmRzLk1vZGVsQmFja2VuZCIsIl9hdXRoX3VzZXJfaWQiOiI5In0=','2016-11-23 18:25:19'),('ic9kbrtcqakwr09l3gh0s4ohcysjvw3g','OTJlMDIxYWUwNTlhNmEzZmM2MzQ1Y2U1ZmE2YjJmNjhlZmRhNTlhYTp7Il9hdXRoX3VzZXJfaGFzaCI6ImQzYWMwMThmYzYwZmNjN2U1Y2EyY2VmOWNiMGIxNWU5NDQ1Mjg0ZTYiLCJfYXV0aF91c2VyX2JhY2tlbmQiOiJkamFuZ28uY29udHJpYi5hdXRoLmJhY2tlbmRzLk1vZGVsQmFja2VuZCIsIl9hdXRoX3VzZXJfaWQiOiIyIn0=','2016-09-13 22:19:39'),('iildobv8t0dw6wheuot0qe4go51du78c','OTJlMDIxYWUwNTlhNmEzZmM2MzQ1Y2U1ZmE2YjJmNjhlZmRhNTlhYTp7Il9hdXRoX3VzZXJfaGFzaCI6ImQzYWMwMThmYzYwZmNjN2U1Y2EyY2VmOWNiMGIxNWU5NDQ1Mjg0ZTYiLCJfYXV0aF91c2VyX2JhY2tlbmQiOiJkamFuZ28uY29udHJpYi5hdXRoLmJhY2tlbmRzLk1vZGVsQmFja2VuZCIsIl9hdXRoX3VzZXJfaWQiOiIyIn0=','2016-10-23 02:47:13'),('it1tmz4isdrl9plrhxv1s4fugmwb6voa','ZDU5OThkNWRhZjg4ODQ1NmFjOTk4ODc0MWZhYjJjMDBmZGExZjM0Mzp7Il9hdXRoX3VzZXJfaGFzaCI6IjRjYmMwNzk5MzM0NmFmYWFlODljZGEzNzZkZWZhYWViZTE4OTVhNmYiLCJfYXV0aF91c2VyX2JhY2tlbmQiOiJkamFuZ28uY29udHJpYi5hdXRoLmJhY2tlbmRzLk1vZGVsQmFja2VuZCIsIl9hdXRoX3VzZXJfaWQiOiI0In0=','2016-10-30 21:28:43'),('iuii8gpbz3fdtgf0y4g7vhjueahx5wv1','OTJlMDIxYWUwNTlhNmEzZmM2MzQ1Y2U1ZmE2YjJmNjhlZmRhNTlhYTp7Il9hdXRoX3VzZXJfaGFzaCI6ImQzYWMwMThmYzYwZmNjN2U1Y2EyY2VmOWNiMGIxNWU5NDQ1Mjg0ZTYiLCJfYXV0aF91c2VyX2JhY2tlbmQiOiJkamFuZ28uY29udHJpYi5hdXRoLmJhY2tlbmRzLk1vZGVsQmFja2VuZCIsIl9hdXRoX3VzZXJfaWQiOiIyIn0=','2016-09-06 23:53:19'),('jf4jab1xzzp1btxrui2o05rkszjs2a98','OTJlMDIxYWUwNTlhNmEzZmM2MzQ1Y2U1ZmE2YjJmNjhlZmRhNTlhYTp7Il9hdXRoX3VzZXJfaGFzaCI6ImQzYWMwMThmYzYwZmNjN2U1Y2EyY2VmOWNiMGIxNWU5NDQ1Mjg0ZTYiLCJfYXV0aF91c2VyX2JhY2tlbmQiOiJkamFuZ28uY29udHJpYi5hdXRoLmJhY2tlbmRzLk1vZGVsQmFja2VuZCIsIl9hdXRoX3VzZXJfaWQiOiIyIn0=','2016-10-31 03:11:54'),('jktwxrrueyqb9pjqdcnccbl6be0k7edp','OWM2OTMxOWQ3ZmU2YzA5Y2Y0MTIxMjY0ZDRkYjY1MWEzZGEyODM1MTp7Il9hdXRoX3VzZXJfaGFzaCI6IjUwY2QyZWJmYjdhNDk0ZjZhYWY3NWY0N2NlOTM0NDJlOGI1NTcyN2YiLCJfYXV0aF91c2VyX2JhY2tlbmQiOiJkamFuZ28uY29udHJpYi5hdXRoLmJhY2tlbmRzLk1vZGVsQmFja2VuZCIsIl9hdXRoX3VzZXJfaWQiOiIyIn0=','2016-12-14 21:29:21'),('juja76ovsjbowom2j26sapiv6b9z5w8z','OTJlMDIxYWUwNTlhNmEzZmM2MzQ1Y2U1ZmE2YjJmNjhlZmRhNTlhYTp7Il9hdXRoX3VzZXJfaGFzaCI6ImQzYWMwMThmYzYwZmNjN2U1Y2EyY2VmOWNiMGIxNWU5NDQ1Mjg0ZTYiLCJfYXV0aF91c2VyX2JhY2tlbmQiOiJkamFuZ28uY29udHJpYi5hdXRoLmJhY2tlbmRzLk1vZGVsQmFja2VuZCIsIl9hdXRoX3VzZXJfaWQiOiIyIn0=','2016-10-11 23:29:28'),('k33m9myj1gdd4eas111vrt0ertz6j5ri','OTJlMDIxYWUwNTlhNmEzZmM2MzQ1Y2U1ZmE2YjJmNjhlZmRhNTlhYTp7Il9hdXRoX3VzZXJfaGFzaCI6ImQzYWMwMThmYzYwZmNjN2U1Y2EyY2VmOWNiMGIxNWU5NDQ1Mjg0ZTYiLCJfYXV0aF91c2VyX2JhY2tlbmQiOiJkamFuZ28uY29udHJpYi5hdXRoLmJhY2tlbmRzLk1vZGVsQmFja2VuZCIsIl9hdXRoX3VzZXJfaWQiOiIyIn0=','2016-09-12 03:50:07'),('k9ijfjt86y7emc62u5ut12p4f8t9isye','OTJlMDIxYWUwNTlhNmEzZmM2MzQ1Y2U1ZmE2YjJmNjhlZmRhNTlhYTp7Il9hdXRoX3VzZXJfaGFzaCI6ImQzYWMwMThmYzYwZmNjN2U1Y2EyY2VmOWNiMGIxNWU5NDQ1Mjg0ZTYiLCJfYXV0aF91c2VyX2JhY2tlbmQiOiJkamFuZ28uY29udHJpYi5hdXRoLmJhY2tlbmRzLk1vZGVsQmFja2VuZCIsIl9hdXRoX3VzZXJfaWQiOiIyIn0=','2016-10-11 01:30:43'),('kf32tv9iantv0lc8fjfmiug60lvbvajo','OTJlMDIxYWUwNTlhNmEzZmM2MzQ1Y2U1ZmE2YjJmNjhlZmRhNTlhYTp7Il9hdXRoX3VzZXJfaGFzaCI6ImQzYWMwMThmYzYwZmNjN2U1Y2EyY2VmOWNiMGIxNWU5NDQ1Mjg0ZTYiLCJfYXV0aF91c2VyX2JhY2tlbmQiOiJkamFuZ28uY29udHJpYi5hdXRoLmJhY2tlbmRzLk1vZGVsQmFja2VuZCIsIl9hdXRoX3VzZXJfaWQiOiIyIn0=','2016-09-28 22:37:44'),('l437e2ihqaedkja0uqnmwh7ddxkf6rpo','Y2EyOWEzZDk4YzZjNWFmODg4NTEzOTBlNTkxNjJkNzE2NmMwODI1ZTp7Il9hdXRoX3VzZXJfaGFzaCI6ImRlOWJmMmRhZTQzZDJhZjU0M2IxY2Q3YzlhYWQ1NDE4ZThmN2Y3NDAiLCJfYXV0aF91c2VyX2JhY2tlbmQiOiJkamFuZ28uY29udHJpYi5hdXRoLmJhY2tlbmRzLk1vZGVsQmFja2VuZCIsIl9hdXRoX3VzZXJfaWQiOiIzIn0=','2016-11-23 06:34:00'),('l9dsn62w06zit6yk2iab9gwwv3g9k0w5','Y2EyOWEzZDk4YzZjNWFmODg4NTEzOTBlNTkxNjJkNzE2NmMwODI1ZTp7Il9hdXRoX3VzZXJfaGFzaCI6ImRlOWJmMmRhZTQzZDJhZjU0M2IxY2Q3YzlhYWQ1NDE4ZThmN2Y3NDAiLCJfYXV0aF91c2VyX2JhY2tlbmQiOiJkamFuZ28uY29udHJpYi5hdXRoLmJhY2tlbmRzLk1vZGVsQmFja2VuZCIsIl9hdXRoX3VzZXJfaWQiOiIzIn0=','2016-11-06 16:41:05'),('ld7xlcfy84ctdrifypdcgpvaxw5wyrpk','OWM2OTMxOWQ3ZmU2YzA5Y2Y0MTIxMjY0ZDRkYjY1MWEzZGEyODM1MTp7Il9hdXRoX3VzZXJfaGFzaCI6IjUwY2QyZWJmYjdhNDk0ZjZhYWY3NWY0N2NlOTM0NDJlOGI1NTcyN2YiLCJfYXV0aF91c2VyX2JhY2tlbmQiOiJkamFuZ28uY29udHJpYi5hdXRoLmJhY2tlbmRzLk1vZGVsQmFja2VuZCIsIl9hdXRoX3VzZXJfaWQiOiIyIn0=','2016-11-25 22:18:24'),('lekvrvqjfc6hd5jn3twc2kiz65hbozma','OWM2OTMxOWQ3ZmU2YzA5Y2Y0MTIxMjY0ZDRkYjY1MWEzZGEyODM1MTp7Il9hdXRoX3VzZXJfaGFzaCI6IjUwY2QyZWJmYjdhNDk0ZjZhYWY3NWY0N2NlOTM0NDJlOGI1NTcyN2YiLCJfYXV0aF91c2VyX2JhY2tlbmQiOiJkamFuZ28uY29udHJpYi5hdXRoLmJhY2tlbmRzLk1vZGVsQmFja2VuZCIsIl9hdXRoX3VzZXJfaWQiOiIyIn0=','2016-11-08 23:43:23'),('lj3l8zt1m405bv52y7j1vec8momvu8h6','NWMzNmY1MGFkYjcxODAzYzNlYTUzODAwNTkyOGEzYjNlMTU3YzRiMTp7Il9hdXRoX3VzZXJfaGFzaCI6ImU2ZDY2NjMyN2FjY2IxMTVlOTg2ZWM4MTgzNTY5ZGRhZTlhNDEzY2MiLCJfYXV0aF91c2VyX2JhY2tlbmQiOiJkamFuZ28uY29udHJpYi5hdXRoLmJhY2tlbmRzLk1vZGVsQmFja2VuZCIsIl9hdXRoX3VzZXJfaWQiOiIzIn0=','2016-10-31 02:15:25'),('lzdqocnmeodoc87ani2rv86yuyrpaoa8','OTJlMDIxYWUwNTlhNmEzZmM2MzQ1Y2U1ZmE2YjJmNjhlZmRhNTlhYTp7Il9hdXRoX3VzZXJfaGFzaCI6ImQzYWMwMThmYzYwZmNjN2U1Y2EyY2VmOWNiMGIxNWU5NDQ1Mjg0ZTYiLCJfYXV0aF91c2VyX2JhY2tlbmQiOiJkamFuZ28uY29udHJpYi5hdXRoLmJhY2tlbmRzLk1vZGVsQmFja2VuZCIsIl9hdXRoX3VzZXJfaWQiOiIyIn0=','2016-09-17 01:40:50'),('m8kpmalp15ot3ts5mq0sxbdxn85b90yq','OWM2OTMxOWQ3ZmU2YzA5Y2Y0MTIxMjY0ZDRkYjY1MWEzZGEyODM1MTp7Il9hdXRoX3VzZXJfaGFzaCI6IjUwY2QyZWJmYjdhNDk0ZjZhYWY3NWY0N2NlOTM0NDJlOGI1NTcyN2YiLCJfYXV0aF91c2VyX2JhY2tlbmQiOiJkamFuZ28uY29udHJpYi5hdXRoLmJhY2tlbmRzLk1vZGVsQmFja2VuZCIsIl9hdXRoX3VzZXJfaWQiOiIyIn0=','2016-11-05 19:21:36'),('me3mvs644oml681i7g7f0hpscoebb7iy','OWM2OTMxOWQ3ZmU2YzA5Y2Y0MTIxMjY0ZDRkYjY1MWEzZGEyODM1MTp7Il9hdXRoX3VzZXJfaGFzaCI6IjUwY2QyZWJmYjdhNDk0ZjZhYWY3NWY0N2NlOTM0NDJlOGI1NTcyN2YiLCJfYXV0aF91c2VyX2JhY2tlbmQiOiJkamFuZ28uY29udHJpYi5hdXRoLmJhY2tlbmRzLk1vZGVsQmFja2VuZCIsIl9hdXRoX3VzZXJfaWQiOiIyIn0=','2016-11-10 23:07:04'),('mulsyuxhw6137srr6hw73i57cabgl4pn','ZGVkZTU5YTE1YWY2YmM3ZDdkMTJhZWQ5ZDY0NmI3ZWMxYTI5OTdmMzp7Il9hdXRoX3VzZXJfaGFzaCI6IjBiZmQ3ZTc5MGFkN2MwYmM4MmEwYWM4YTE0MDQxZjI5OTg4YTM3MzMiLCJfYXV0aF91c2VyX2JhY2tlbmQiOiJkamFuZ28uY29udHJpYi5hdXRoLmJhY2tlbmRzLk1vZGVsQmFja2VuZCIsIl9hdXRoX3VzZXJfaWQiOiI2In0=','2016-10-31 03:53:59'),('mya6k5v9cj1ekl7bppbbhddxa9r6vugc','NTQzZTA3MzNmZjdlYTRkZDljMjljMzU3MzE4ZTNlN2Q2NTMwNTRhYjp7Il9hdXRoX3VzZXJfaGFzaCI6ImQwMjU0YmUwNmFiOTQxNDZiODdiYmRhZTliYTU1NGMzMTBlYWFmNGYiLCJfYXV0aF91c2VyX2JhY2tlbmQiOiJkamFuZ28uY29udHJpYi5hdXRoLmJhY2tlbmRzLk1vZGVsQmFja2VuZCIsIl9hdXRoX3VzZXJfaWQiOiI5In0=','2016-11-23 22:40:25'),('n109rwwpqcwnq28vuj8lurtny889qwet','OTJlMDIxYWUwNTlhNmEzZmM2MzQ1Y2U1ZmE2YjJmNjhlZmRhNTlhYTp7Il9hdXRoX3VzZXJfaGFzaCI6ImQzYWMwMThmYzYwZmNjN2U1Y2EyY2VmOWNiMGIxNWU5NDQ1Mjg0ZTYiLCJfYXV0aF91c2VyX2JhY2tlbmQiOiJkamFuZ28uY29udHJpYi5hdXRoLmJhY2tlbmRzLk1vZGVsQmFja2VuZCIsIl9hdXRoX3VzZXJfaWQiOiIyIn0=','2016-10-27 04:53:13'),('n2xb2ybsecvhus0tx8ow1q4zklftw2uy','NTQzZTA3MzNmZjdlYTRkZDljMjljMzU3MzE4ZTNlN2Q2NTMwNTRhYjp7Il9hdXRoX3VzZXJfaGFzaCI6ImQwMjU0YmUwNmFiOTQxNDZiODdiYmRhZTliYTU1NGMzMTBlYWFmNGYiLCJfYXV0aF91c2VyX2JhY2tlbmQiOiJkamFuZ28uY29udHJpYi5hdXRoLmJhY2tlbmRzLk1vZGVsQmFja2VuZCIsIl9hdXRoX3VzZXJfaWQiOiI5In0=','2016-12-12 01:27:07'),('n7g01fsvc70wziw4ej0n4mcyvruexvwx','OTJlMDIxYWUwNTlhNmEzZmM2MzQ1Y2U1ZmE2YjJmNjhlZmRhNTlhYTp7Il9hdXRoX3VzZXJfaGFzaCI6ImQzYWMwMThmYzYwZmNjN2U1Y2EyY2VmOWNiMGIxNWU5NDQ1Mjg0ZTYiLCJfYXV0aF91c2VyX2JhY2tlbmQiOiJkamFuZ28uY29udHJpYi5hdXRoLmJhY2tlbmRzLk1vZGVsQmFja2VuZCIsIl9hdXRoX3VzZXJfaWQiOiIyIn0=','2016-10-29 05:36:02'),('ns09d28wb3j9akoaqisbxmegrmffy5wh','OWM2OTMxOWQ3ZmU2YzA5Y2Y0MTIxMjY0ZDRkYjY1MWEzZGEyODM1MTp7Il9hdXRoX3VzZXJfaGFzaCI6IjUwY2QyZWJmYjdhNDk0ZjZhYWY3NWY0N2NlOTM0NDJlOGI1NTcyN2YiLCJfYXV0aF91c2VyX2JhY2tlbmQiOiJkamFuZ28uY29udHJpYi5hdXRoLmJhY2tlbmRzLk1vZGVsQmFja2VuZCIsIl9hdXRoX3VzZXJfaWQiOiIyIn0=','2016-11-17 01:00:25'),('obfq9ngj904tfdnnblib17vfaxpdufl3','NDQwZDg4NTAxY2I4ZWM2MGFiYjhhMWRiMmZiNTRjMTcxMzE0NjY4MTp7Il9hdXRoX3VzZXJfaGFzaCI6Ijg4YmYwOGZiMTdlMzk1MmU3OTFmNTI0N2M4ZTU3ZWZlZGM1YTU5MWEiLCJfYXV0aF91c2VyX2JhY2tlbmQiOiJkamFuZ28uY29udHJpYi5hdXRoLmJhY2tlbmRzLk1vZGVsQmFja2VuZCIsIl9hdXRoX3VzZXJfaWQiOiI3In0=','2016-11-06 22:46:12'),('oxaee28ajdgz942acye6w4vjo9t30d4f','Y2EyOWEzZDk4YzZjNWFmODg4NTEzOTBlNTkxNjJkNzE2NmMwODI1ZTp7Il9hdXRoX3VzZXJfaGFzaCI6ImRlOWJmMmRhZTQzZDJhZjU0M2IxY2Q3YzlhYWQ1NDE4ZThmN2Y3NDAiLCJfYXV0aF91c2VyX2JhY2tlbmQiOiJkamFuZ28uY29udHJpYi5hdXRoLmJhY2tlbmRzLk1vZGVsQmFja2VuZCIsIl9hdXRoX3VzZXJfaWQiOiIzIn0=','2016-11-05 05:23:25'),('p095oe95dos23riixthul6pafm6yt4gk','Y2EyOWEzZDk4YzZjNWFmODg4NTEzOTBlNTkxNjJkNzE2NmMwODI1ZTp7Il9hdXRoX3VzZXJfaGFzaCI6ImRlOWJmMmRhZTQzZDJhZjU0M2IxY2Q3YzlhYWQ1NDE4ZThmN2Y3NDAiLCJfYXV0aF91c2VyX2JhY2tlbmQiOiJkamFuZ28uY29udHJpYi5hdXRoLmJhY2tlbmRzLk1vZGVsQmFja2VuZCIsIl9hdXRoX3VzZXJfaWQiOiIzIn0=','2016-11-04 23:43:01'),('pa43nvffqdzsbo3yl83j86foghtvpzro','OTJlMDIxYWUwNTlhNmEzZmM2MzQ1Y2U1ZmE2YjJmNjhlZmRhNTlhYTp7Il9hdXRoX3VzZXJfaGFzaCI6ImQzYWMwMThmYzYwZmNjN2U1Y2EyY2VmOWNiMGIxNWU5NDQ1Mjg0ZTYiLCJfYXV0aF91c2VyX2JhY2tlbmQiOiJkamFuZ28uY29udHJpYi5hdXRoLmJhY2tlbmRzLk1vZGVsQmFja2VuZCIsIl9hdXRoX3VzZXJfaWQiOiIyIn0=','2016-09-06 05:41:29'),('pkvczh4ulcvhqklyxqrr5vr3p9q9wtrq','OTJlMDIxYWUwNTlhNmEzZmM2MzQ1Y2U1ZmE2YjJmNjhlZmRhNTlhYTp7Il9hdXRoX3VzZXJfaGFzaCI6ImQzYWMwMThmYzYwZmNjN2U1Y2EyY2VmOWNiMGIxNWU5NDQ1Mjg0ZTYiLCJfYXV0aF91c2VyX2JhY2tlbmQiOiJkamFuZ28uY29udHJpYi5hdXRoLmJhY2tlbmRzLk1vZGVsQmFja2VuZCIsIl9hdXRoX3VzZXJfaWQiOiIyIn0=','2016-10-24 00:41:00'),('pvwe5t06vuirbpr8o3li8gffobl0l2n7','OWM2OTMxOWQ3ZmU2YzA5Y2Y0MTIxMjY0ZDRkYjY1MWEzZGEyODM1MTp7Il9hdXRoX3VzZXJfaGFzaCI6IjUwY2QyZWJmYjdhNDk0ZjZhYWY3NWY0N2NlOTM0NDJlOGI1NTcyN2YiLCJfYXV0aF91c2VyX2JhY2tlbmQiOiJkamFuZ28uY29udHJpYi5hdXRoLmJhY2tlbmRzLk1vZGVsQmFja2VuZCIsIl9hdXRoX3VzZXJfaWQiOiIyIn0=','2016-11-08 22:10:24'),('qocyxdjwmprp0runl6cn2463wzgnrlis','NDQwZDg4NTAxY2I4ZWM2MGFiYjhhMWRiMmZiNTRjMTcxMzE0NjY4MTp7Il9hdXRoX3VzZXJfaGFzaCI6Ijg4YmYwOGZiMTdlMzk1MmU3OTFmNTI0N2M4ZTU3ZWZlZGM1YTU5MWEiLCJfYXV0aF91c2VyX2JhY2tlbmQiOiJkamFuZ28uY29udHJpYi5hdXRoLmJhY2tlbmRzLk1vZGVsQmFja2VuZCIsIl9hdXRoX3VzZXJfaWQiOiI3In0=','2016-11-07 19:49:06'),('qpska1p85zgnz2rqzvcaiye26vkc8vx5','OWM2OTMxOWQ3ZmU2YzA5Y2Y0MTIxMjY0ZDRkYjY1MWEzZGEyODM1MTp7Il9hdXRoX3VzZXJfaGFzaCI6IjUwY2QyZWJmYjdhNDk0ZjZhYWY3NWY0N2NlOTM0NDJlOGI1NTcyN2YiLCJfYXV0aF91c2VyX2JhY2tlbmQiOiJkamFuZ28uY29udHJpYi5hdXRoLmJhY2tlbmRzLk1vZGVsQmFja2VuZCIsIl9hdXRoX3VzZXJfaWQiOiIyIn0=','2016-11-10 15:55:28'),('r55rolwat75hvxc15cv9j4oscsmi0i1g','OTJlMDIxYWUwNTlhNmEzZmM2MzQ1Y2U1ZmE2YjJmNjhlZmRhNTlhYTp7Il9hdXRoX3VzZXJfaGFzaCI6ImQzYWMwMThmYzYwZmNjN2U1Y2EyY2VmOWNiMGIxNWU5NDQ1Mjg0ZTYiLCJfYXV0aF91c2VyX2JhY2tlbmQiOiJkamFuZ28uY29udHJpYi5hdXRoLmJhY2tlbmRzLk1vZGVsQmFja2VuZCIsIl9hdXRoX3VzZXJfaWQiOiIyIn0=','2016-09-13 23:30:01'),('r6tc3h2qphtlgsojhrhuhrmt88n6q8u3','OWM2OTMxOWQ3ZmU2YzA5Y2Y0MTIxMjY0ZDRkYjY1MWEzZGEyODM1MTp7Il9hdXRoX3VzZXJfaGFzaCI6IjUwY2QyZWJmYjdhNDk0ZjZhYWY3NWY0N2NlOTM0NDJlOGI1NTcyN2YiLCJfYXV0aF91c2VyX2JhY2tlbmQiOiJkamFuZ28uY29udHJpYi5hdXRoLmJhY2tlbmRzLk1vZGVsQmFja2VuZCIsIl9hdXRoX3VzZXJfaWQiOiIyIn0=','2016-11-04 02:19:02'),('rb6tkyg4l3831iip79re0x1y6g1b94cs','OWM2OTMxOWQ3ZmU2YzA5Y2Y0MTIxMjY0ZDRkYjY1MWEzZGEyODM1MTp7Il9hdXRoX3VzZXJfaGFzaCI6IjUwY2QyZWJmYjdhNDk0ZjZhYWY3NWY0N2NlOTM0NDJlOGI1NTcyN2YiLCJfYXV0aF91c2VyX2JhY2tlbmQiOiJkamFuZ28uY29udHJpYi5hdXRoLmJhY2tlbmRzLk1vZGVsQmFja2VuZCIsIl9hdXRoX3VzZXJfaWQiOiIyIn0=','2016-11-22 17:15:46'),('rcswga6l3p6rz0bae6k2ifmtegq8jjps','Y2EyOWEzZDk4YzZjNWFmODg4NTEzOTBlNTkxNjJkNzE2NmMwODI1ZTp7Il9hdXRoX3VzZXJfaGFzaCI6ImRlOWJmMmRhZTQzZDJhZjU0M2IxY2Q3YzlhYWQ1NDE4ZThmN2Y3NDAiLCJfYXV0aF91c2VyX2JhY2tlbmQiOiJkamFuZ28uY29udHJpYi5hdXRoLmJhY2tlbmRzLk1vZGVsQmFja2VuZCIsIl9hdXRoX3VzZXJfaWQiOiIzIn0=','2016-11-02 15:49:06'),('rdp4y3pvkkv7bvxvlbnrxol0y1ezm8rg','NWMzNmY1MGFkYjcxODAzYzNlYTUzODAwNTkyOGEzYjNlMTU3YzRiMTp7Il9hdXRoX3VzZXJfaGFzaCI6ImU2ZDY2NjMyN2FjY2IxMTVlOTg2ZWM4MTgzNTY5ZGRhZTlhNDEzY2MiLCJfYXV0aF91c2VyX2JhY2tlbmQiOiJkamFuZ28uY29udHJpYi5hdXRoLmJhY2tlbmRzLk1vZGVsQmFja2VuZCIsIl9hdXRoX3VzZXJfaWQiOiIzIn0=','2016-10-24 23:24:57'),('rzjhfpzpv5pfhkzg542rfvsnvwnp905j','OTJlMDIxYWUwNTlhNmEzZmM2MzQ1Y2U1ZmE2YjJmNjhlZmRhNTlhYTp7Il9hdXRoX3VzZXJfaGFzaCI6ImQzYWMwMThmYzYwZmNjN2U1Y2EyY2VmOWNiMGIxNWU5NDQ1Mjg0ZTYiLCJfYXV0aF91c2VyX2JhY2tlbmQiOiJkamFuZ28uY29udHJpYi5hdXRoLmJhY2tlbmRzLk1vZGVsQmFja2VuZCIsIl9hdXRoX3VzZXJfaWQiOiIyIn0=','2016-09-13 06:45:55'),('sjmfrlhtvnizm3l46hl1ofxa5s45bcoe','OWM2OTMxOWQ3ZmU2YzA5Y2Y0MTIxMjY0ZDRkYjY1MWEzZGEyODM1MTp7Il9hdXRoX3VzZXJfaGFzaCI6IjUwY2QyZWJmYjdhNDk0ZjZhYWY3NWY0N2NlOTM0NDJlOGI1NTcyN2YiLCJfYXV0aF91c2VyX2JhY2tlbmQiOiJkamFuZ28uY29udHJpYi5hdXRoLmJhY2tlbmRzLk1vZGVsQmFja2VuZCIsIl9hdXRoX3VzZXJfaWQiOiIyIn0=','2016-11-09 01:17:09'),('suxwpie7e4vv7ur3fl8u4r8tqpylwjms','OWM2OTMxOWQ3ZmU2YzA5Y2Y0MTIxMjY0ZDRkYjY1MWEzZGEyODM1MTp7Il9hdXRoX3VzZXJfaGFzaCI6IjUwY2QyZWJmYjdhNDk0ZjZhYWY3NWY0N2NlOTM0NDJlOGI1NTcyN2YiLCJfYXV0aF91c2VyX2JhY2tlbmQiOiJkamFuZ28uY29udHJpYi5hdXRoLmJhY2tlbmRzLk1vZGVsQmFja2VuZCIsIl9hdXRoX3VzZXJfaWQiOiIyIn0=','2016-11-01 23:34:32'),('swb5a7uhpcrtr80h7kgzcqmut80vqbeq','OWM2OTMxOWQ3ZmU2YzA5Y2Y0MTIxMjY0ZDRkYjY1MWEzZGEyODM1MTp7Il9hdXRoX3VzZXJfaGFzaCI6IjUwY2QyZWJmYjdhNDk0ZjZhYWY3NWY0N2NlOTM0NDJlOGI1NTcyN2YiLCJfYXV0aF91c2VyX2JhY2tlbmQiOiJkamFuZ28uY29udHJpYi5hdXRoLmJhY2tlbmRzLk1vZGVsQmFja2VuZCIsIl9hdXRoX3VzZXJfaWQiOiIyIn0=','2016-12-12 01:57:16'),('tb0oscp3p6bjnwuwk9nxlq0rf4ub5hs2','OTJlMDIxYWUwNTlhNmEzZmM2MzQ1Y2U1ZmE2YjJmNjhlZmRhNTlhYTp7Il9hdXRoX3VzZXJfaGFzaCI6ImQzYWMwMThmYzYwZmNjN2U1Y2EyY2VmOWNiMGIxNWU5NDQ1Mjg0ZTYiLCJfYXV0aF91c2VyX2JhY2tlbmQiOiJkamFuZ28uY29udHJpYi5hdXRoLmJhY2tlbmRzLk1vZGVsQmFja2VuZCIsIl9hdXRoX3VzZXJfaWQiOiIyIn0=','2016-10-27 05:55:07'),('tgd6bcrlstexzc8ff5vj432kdhjjaksi','NDQwZDg4NTAxY2I4ZWM2MGFiYjhhMWRiMmZiNTRjMTcxMzE0NjY4MTp7Il9hdXRoX3VzZXJfaGFzaCI6Ijg4YmYwOGZiMTdlMzk1MmU3OTFmNTI0N2M4ZTU3ZWZlZGM1YTU5MWEiLCJfYXV0aF91c2VyX2JhY2tlbmQiOiJkamFuZ28uY29udHJpYi5hdXRoLmJhY2tlbmRzLk1vZGVsQmFja2VuZCIsIl9hdXRoX3VzZXJfaWQiOiI3In0=','2016-11-25 19:13:10'),('tjq0548lz4lvyqu5htv306tskan27pzo','OTJlMDIxYWUwNTlhNmEzZmM2MzQ1Y2U1ZmE2YjJmNjhlZmRhNTlhYTp7Il9hdXRoX3VzZXJfaGFzaCI6ImQzYWMwMThmYzYwZmNjN2U1Y2EyY2VmOWNiMGIxNWU5NDQ1Mjg0ZTYiLCJfYXV0aF91c2VyX2JhY2tlbmQiOiJkamFuZ28uY29udHJpYi5hdXRoLmJhY2tlbmRzLk1vZGVsQmFja2VuZCIsIl9hdXRoX3VzZXJfaWQiOiIyIn0=','2016-09-20 04:32:26'),('u9f7gt9az2u6gw9gac5ot6yyl6fnpm57','Y2EyOWEzZDk4YzZjNWFmODg4NTEzOTBlNTkxNjJkNzE2NmMwODI1ZTp7Il9hdXRoX3VzZXJfaGFzaCI6ImRlOWJmMmRhZTQzZDJhZjU0M2IxY2Q3YzlhYWQ1NDE4ZThmN2Y3NDAiLCJfYXV0aF91c2VyX2JhY2tlbmQiOiJkamFuZ28uY29udHJpYi5hdXRoLmJhY2tlbmRzLk1vZGVsQmFja2VuZCIsIl9hdXRoX3VzZXJfaWQiOiIzIn0=','2016-11-10 14:50:51'),('u9hzltifzz1pewhuwdnnhc81rqmuualn','OTJlMDIxYWUwNTlhNmEzZmM2MzQ1Y2U1ZmE2YjJmNjhlZmRhNTlhYTp7Il9hdXRoX3VzZXJfaGFzaCI6ImQzYWMwMThmYzYwZmNjN2U1Y2EyY2VmOWNiMGIxNWU5NDQ1Mjg0ZTYiLCJfYXV0aF91c2VyX2JhY2tlbmQiOiJkamFuZ28uY29udHJpYi5hdXRoLmJhY2tlbmRzLk1vZGVsQmFja2VuZCIsIl9hdXRoX3VzZXJfaWQiOiIyIn0=','2016-10-08 22:58:17'),('ucc4v3w2qr01xoutb0qmy2t0veobrdlr','NTQzZTA3MzNmZjdlYTRkZDljMjljMzU3MzE4ZTNlN2Q2NTMwNTRhYjp7Il9hdXRoX3VzZXJfaGFzaCI6ImQwMjU0YmUwNmFiOTQxNDZiODdiYmRhZTliYTU1NGMzMTBlYWFmNGYiLCJfYXV0aF91c2VyX2JhY2tlbmQiOiJkamFuZ28uY29udHJpYi5hdXRoLmJhY2tlbmRzLk1vZGVsQmFja2VuZCIsIl9hdXRoX3VzZXJfaWQiOiI5In0=','2016-12-12 02:44:58'),('uel7a6s1qrai78ykqsnv18n5az735a2b','OTJlMDIxYWUwNTlhNmEzZmM2MzQ1Y2U1ZmE2YjJmNjhlZmRhNTlhYTp7Il9hdXRoX3VzZXJfaGFzaCI6ImQzYWMwMThmYzYwZmNjN2U1Y2EyY2VmOWNiMGIxNWU5NDQ1Mjg0ZTYiLCJfYXV0aF91c2VyX2JhY2tlbmQiOiJkamFuZ28uY29udHJpYi5hdXRoLmJhY2tlbmRzLk1vZGVsQmFja2VuZCIsIl9hdXRoX3VzZXJfaWQiOiIyIn0=','2016-10-05 06:59:16'),('uhkmw43wru71pe05izfkn0dcf9qe61rw','ZDU5OThkNWRhZjg4ODQ1NmFjOTk4ODc0MWZhYjJjMDBmZGExZjM0Mzp7Il9hdXRoX3VzZXJfaGFzaCI6IjRjYmMwNzk5MzM0NmFmYWFlODljZGEzNzZkZWZhYWViZTE4OTVhNmYiLCJfYXV0aF91c2VyX2JhY2tlbmQiOiJkamFuZ28uY29udHJpYi5hdXRoLmJhY2tlbmRzLk1vZGVsQmFja2VuZCIsIl9hdXRoX3VzZXJfaWQiOiI0In0=','2016-10-28 04:27:51'),('untf0mtwiwyqh16x0um221rs8gi4jmyw','OTJlMDIxYWUwNTlhNmEzZmM2MzQ1Y2U1ZmE2YjJmNjhlZmRhNTlhYTp7Il9hdXRoX3VzZXJfaGFzaCI6ImQzYWMwMThmYzYwZmNjN2U1Y2EyY2VmOWNiMGIxNWU5NDQ1Mjg0ZTYiLCJfYXV0aF91c2VyX2JhY2tlbmQiOiJkamFuZ28uY29udHJpYi5hdXRoLmJhY2tlbmRzLk1vZGVsQmFja2VuZCIsIl9hdXRoX3VzZXJfaWQiOiIyIn0=','2016-09-15 22:54:53'),('urk7okxkx9z7wrgm3hc34b313uhbjw7t','OTJlMDIxYWUwNTlhNmEzZmM2MzQ1Y2U1ZmE2YjJmNjhlZmRhNTlhYTp7Il9hdXRoX3VzZXJfaGFzaCI6ImQzYWMwMThmYzYwZmNjN2U1Y2EyY2VmOWNiMGIxNWU5NDQ1Mjg0ZTYiLCJfYXV0aF91c2VyX2JhY2tlbmQiOiJkamFuZ28uY29udHJpYi5hdXRoLmJhY2tlbmRzLk1vZGVsQmFja2VuZCIsIl9hdXRoX3VzZXJfaWQiOiIyIn0=','2016-09-30 04:20:11'),('uuh5s12edo7mtdw443uf58fitkv1i287','OWM2OTMxOWQ3ZmU2YzA5Y2Y0MTIxMjY0ZDRkYjY1MWEzZGEyODM1MTp7Il9hdXRoX3VzZXJfaGFzaCI6IjUwY2QyZWJmYjdhNDk0ZjZhYWY3NWY0N2NlOTM0NDJlOGI1NTcyN2YiLCJfYXV0aF91c2VyX2JhY2tlbmQiOiJkamFuZ28uY29udHJpYi5hdXRoLmJhY2tlbmRzLk1vZGVsQmFja2VuZCIsIl9hdXRoX3VzZXJfaWQiOiIyIn0=','2016-11-25 22:17:45'),('uuvfsb4segdm63uafluhyhe26gppocd2','OWM2OTMxOWQ3ZmU2YzA5Y2Y0MTIxMjY0ZDRkYjY1MWEzZGEyODM1MTp7Il9hdXRoX3VzZXJfaGFzaCI6IjUwY2QyZWJmYjdhNDk0ZjZhYWY3NWY0N2NlOTM0NDJlOGI1NTcyN2YiLCJfYXV0aF91c2VyX2JhY2tlbmQiOiJkamFuZ28uY29udHJpYi5hdXRoLmJhY2tlbmRzLk1vZGVsQmFja2VuZCIsIl9hdXRoX3VzZXJfaWQiOiIyIn0=','2016-12-09 12:49:12'),('va22dt7wq8pkz15o2xcubv5lh670pg03','NWMzNmY1MGFkYjcxODAzYzNlYTUzODAwNTkyOGEzYjNlMTU3YzRiMTp7Il9hdXRoX3VzZXJfaGFzaCI6ImU2ZDY2NjMyN2FjY2IxMTVlOTg2ZWM4MTgzNTY5ZGRhZTlhNDEzY2MiLCJfYXV0aF91c2VyX2JhY2tlbmQiOiJkamFuZ28uY29udHJpYi5hdXRoLmJhY2tlbmRzLk1vZGVsQmFja2VuZCIsIl9hdXRoX3VzZXJfaWQiOiIzIn0=','2016-10-24 23:22:23'),('vbrp7ou6ifn1ypt580fuhroop9fmf6d7','OWM2OTMxOWQ3ZmU2YzA5Y2Y0MTIxMjY0ZDRkYjY1MWEzZGEyODM1MTp7Il9hdXRoX3VzZXJfaGFzaCI6IjUwY2QyZWJmYjdhNDk0ZjZhYWY3NWY0N2NlOTM0NDJlOGI1NTcyN2YiLCJfYXV0aF91c2VyX2JhY2tlbmQiOiJkamFuZ28uY29udHJpYi5hdXRoLmJhY2tlbmRzLk1vZGVsQmFja2VuZCIsIl9hdXRoX3VzZXJfaWQiOiIyIn0=','2016-11-21 00:03:04'),('vx71te9x1t75xnis51vmux0y8r8rma3s','NDQwZDg4NTAxY2I4ZWM2MGFiYjhhMWRiMmZiNTRjMTcxMzE0NjY4MTp7Il9hdXRoX3VzZXJfaGFzaCI6Ijg4YmYwOGZiMTdlMzk1MmU3OTFmNTI0N2M4ZTU3ZWZlZGM1YTU5MWEiLCJfYXV0aF91c2VyX2JhY2tlbmQiOiJkamFuZ28uY29udHJpYi5hdXRoLmJhY2tlbmRzLk1vZGVsQmFja2VuZCIsIl9hdXRoX3VzZXJfaWQiOiI3In0=','2016-12-06 17:41:26'),('vzpyn5q074iyjkgorv0jp4jx6wd8t90x','OWM2OTMxOWQ3ZmU2YzA5Y2Y0MTIxMjY0ZDRkYjY1MWEzZGEyODM1MTp7Il9hdXRoX3VzZXJfaGFzaCI6IjUwY2QyZWJmYjdhNDk0ZjZhYWY3NWY0N2NlOTM0NDJlOGI1NTcyN2YiLCJfYXV0aF91c2VyX2JhY2tlbmQiOiJkamFuZ28uY29udHJpYi5hdXRoLmJhY2tlbmRzLk1vZGVsQmFja2VuZCIsIl9hdXRoX3VzZXJfaWQiOiIyIn0=','2016-12-12 23:51:01'),('vzya8wdxpkas4yktpc2buw0sk11i8wvg','NDA4OTAyYWFhOGRmNTUwMTgxYTJjMzNhNzk0MDRiN2RjN2I5MDMxNTp7Il9hdXRoX3VzZXJfaGFzaCI6IjQxZDdlNTk0YjI5ODZjNTY3YWU5NGMzMTBjOTE3YmVmN2JlZjQxNjkiLCJfYXV0aF91c2VyX2JhY2tlbmQiOiJkamFuZ28uY29udHJpYi5hdXRoLmJhY2tlbmRzLk1vZGVsQmFja2VuZCIsIl9hdXRoX3VzZXJfaWQiOiIyMSJ9','2016-11-11 08:06:11'),('w1linam60drrjodshxlt1prhr79wq7o2','NWMzNmY1MGFkYjcxODAzYzNlYTUzODAwNTkyOGEzYjNlMTU3YzRiMTp7Il9hdXRoX3VzZXJfaGFzaCI6ImU2ZDY2NjMyN2FjY2IxMTVlOTg2ZWM4MTgzNTY5ZGRhZTlhNDEzY2MiLCJfYXV0aF91c2VyX2JhY2tlbmQiOiJkamFuZ28uY29udHJpYi5hdXRoLmJhY2tlbmRzLk1vZGVsQmFja2VuZCIsIl9hdXRoX3VzZXJfaWQiOiIzIn0=','2016-10-24 05:42:58'),('w2m0rz31gymdt6sor1s23u0v2xofgam5','OWM2OTMxOWQ3ZmU2YzA5Y2Y0MTIxMjY0ZDRkYjY1MWEzZGEyODM1MTp7Il9hdXRoX3VzZXJfaGFzaCI6IjUwY2QyZWJmYjdhNDk0ZjZhYWY3NWY0N2NlOTM0NDJlOGI1NTcyN2YiLCJfYXV0aF91c2VyX2JhY2tlbmQiOiJkamFuZ28uY29udHJpYi5hdXRoLmJhY2tlbmRzLk1vZGVsQmFja2VuZCIsIl9hdXRoX3VzZXJfaWQiOiIyIn0=','2016-11-04 23:10:25'),('wabwip9efnrcwlq7cysn23tjm562l0i4','Y2EyOWEzZDk4YzZjNWFmODg4NTEzOTBlNTkxNjJkNzE2NmMwODI1ZTp7Il9hdXRoX3VzZXJfaGFzaCI6ImRlOWJmMmRhZTQzZDJhZjU0M2IxY2Q3YzlhYWQ1NDE4ZThmN2Y3NDAiLCJfYXV0aF91c2VyX2JhY2tlbmQiOiJkamFuZ28uY29udHJpYi5hdXRoLmJhY2tlbmRzLk1vZGVsQmFja2VuZCIsIl9hdXRoX3VzZXJfaWQiOiIzIn0=','2016-11-03 01:22:34'),('wkhbzmx4x8bibo9e66rgqneev9c2ysil','OTJlMDIxYWUwNTlhNmEzZmM2MzQ1Y2U1ZmE2YjJmNjhlZmRhNTlhYTp7Il9hdXRoX3VzZXJfaGFzaCI6ImQzYWMwMThmYzYwZmNjN2U1Y2EyY2VmOWNiMGIxNWU5NDQ1Mjg0ZTYiLCJfYXV0aF91c2VyX2JhY2tlbmQiOiJkamFuZ28uY29udHJpYi5hdXRoLmJhY2tlbmRzLk1vZGVsQmFja2VuZCIsIl9hdXRoX3VzZXJfaWQiOiIyIn0=','2016-10-04 18:45:40'),('wo5zzul229qkyszakebco3gxh3pxhwui','OTJlMDIxYWUwNTlhNmEzZmM2MzQ1Y2U1ZmE2YjJmNjhlZmRhNTlhYTp7Il9hdXRoX3VzZXJfaGFzaCI6ImQzYWMwMThmYzYwZmNjN2U1Y2EyY2VmOWNiMGIxNWU5NDQ1Mjg0ZTYiLCJfYXV0aF91c2VyX2JhY2tlbmQiOiJkamFuZ28uY29udHJpYi5hdXRoLmJhY2tlbmRzLk1vZGVsQmFja2VuZCIsIl9hdXRoX3VzZXJfaWQiOiIyIn0=','2016-09-26 21:32:46'),('x266g199o2dlf3l6x5no77ueoj65k1if','OWM2OTMxOWQ3ZmU2YzA5Y2Y0MTIxMjY0ZDRkYjY1MWEzZGEyODM1MTp7Il9hdXRoX3VzZXJfaGFzaCI6IjUwY2QyZWJmYjdhNDk0ZjZhYWY3NWY0N2NlOTM0NDJlOGI1NTcyN2YiLCJfYXV0aF91c2VyX2JhY2tlbmQiOiJkamFuZ28uY29udHJpYi5hdXRoLmJhY2tlbmRzLk1vZGVsQmFja2VuZCIsIl9hdXRoX3VzZXJfaWQiOiIyIn0=','2016-12-14 23:45:22'),('xfbefp3f1pfo4r4qllqexsc9od7l494s','OWM2OTMxOWQ3ZmU2YzA5Y2Y0MTIxMjY0ZDRkYjY1MWEzZGEyODM1MTp7Il9hdXRoX3VzZXJfaGFzaCI6IjUwY2QyZWJmYjdhNDk0ZjZhYWY3NWY0N2NlOTM0NDJlOGI1NTcyN2YiLCJfYXV0aF91c2VyX2JhY2tlbmQiOiJkamFuZ28uY29udHJpYi5hdXRoLmJhY2tlbmRzLk1vZGVsQmFja2VuZCIsIl9hdXRoX3VzZXJfaWQiOiIyIn0=','2016-11-02 17:34:07'),('xj6wzbu7jmgk9c75x5g7ghvs3o67ehu4','OTJlMDIxYWUwNTlhNmEzZmM2MzQ1Y2U1ZmE2YjJmNjhlZmRhNTlhYTp7Il9hdXRoX3VzZXJfaGFzaCI6ImQzYWMwMThmYzYwZmNjN2U1Y2EyY2VmOWNiMGIxNWU5NDQ1Mjg0ZTYiLCJfYXV0aF91c2VyX2JhY2tlbmQiOiJkamFuZ28uY29udHJpYi5hdXRoLmJhY2tlbmRzLk1vZGVsQmFja2VuZCIsIl9hdXRoX3VzZXJfaWQiOiIyIn0=','2016-09-19 02:52:08'),('xk5db4c949cnlilvykjbb7nfqf4rbe3l','OTJlMDIxYWUwNTlhNmEzZmM2MzQ1Y2U1ZmE2YjJmNjhlZmRhNTlhYTp7Il9hdXRoX3VzZXJfaGFzaCI6ImQzYWMwMThmYzYwZmNjN2U1Y2EyY2VmOWNiMGIxNWU5NDQ1Mjg0ZTYiLCJfYXV0aF91c2VyX2JhY2tlbmQiOiJkamFuZ28uY29udHJpYi5hdXRoLmJhY2tlbmRzLk1vZGVsQmFja2VuZCIsIl9hdXRoX3VzZXJfaWQiOiIyIn0=','2016-10-04 14:18:54'),('xv7cvwqfypikqr31yw5irlvnwo85gwg7','Y2EyOWEzZDk4YzZjNWFmODg4NTEzOTBlNTkxNjJkNzE2NmMwODI1ZTp7Il9hdXRoX3VzZXJfaGFzaCI6ImRlOWJmMmRhZTQzZDJhZjU0M2IxY2Q3YzlhYWQ1NDE4ZThmN2Y3NDAiLCJfYXV0aF91c2VyX2JhY2tlbmQiOiJkamFuZ28uY29udHJpYi5hdXRoLmJhY2tlbmRzLk1vZGVsQmFja2VuZCIsIl9hdXRoX3VzZXJfaWQiOiIzIn0=','2016-11-06 02:55:59'),('xvs50arivdxf85d0mkglukk70t6h6eqk','Y2EyOWEzZDk4YzZjNWFmODg4NTEzOTBlNTkxNjJkNzE2NmMwODI1ZTp7Il9hdXRoX3VzZXJfaGFzaCI6ImRlOWJmMmRhZTQzZDJhZjU0M2IxY2Q3YzlhYWQ1NDE4ZThmN2Y3NDAiLCJfYXV0aF91c2VyX2JhY2tlbmQiOiJkamFuZ28uY29udHJpYi5hdXRoLmJhY2tlbmRzLk1vZGVsQmFja2VuZCIsIl9hdXRoX3VzZXJfaWQiOiIzIn0=','2016-11-04 05:24:06'),('y44i9pf82zs6bhnv99nfmkdnugcqirir','OWM2OTMxOWQ3ZmU2YzA5Y2Y0MTIxMjY0ZDRkYjY1MWEzZGEyODM1MTp7Il9hdXRoX3VzZXJfaGFzaCI6IjUwY2QyZWJmYjdhNDk0ZjZhYWY3NWY0N2NlOTM0NDJlOGI1NTcyN2YiLCJfYXV0aF91c2VyX2JhY2tlbmQiOiJkamFuZ28uY29udHJpYi5hdXRoLmJhY2tlbmRzLk1vZGVsQmFja2VuZCIsIl9hdXRoX3VzZXJfaWQiOiIyIn0=','2016-11-09 04:54:05'),('ycc01p1glzpss32sv7sh7lmfj13l1mko','Y2EyOWEzZDk4YzZjNWFmODg4NTEzOTBlNTkxNjJkNzE2NmMwODI1ZTp7Il9hdXRoX3VzZXJfaGFzaCI6ImRlOWJmMmRhZTQzZDJhZjU0M2IxY2Q3YzlhYWQ1NDE4ZThmN2Y3NDAiLCJfYXV0aF91c2VyX2JhY2tlbmQiOiJkamFuZ28uY29udHJpYi5hdXRoLmJhY2tlbmRzLk1vZGVsQmFja2VuZCIsIl9hdXRoX3VzZXJfaWQiOiIzIn0=','2016-11-04 00:27:56'),('yhtwjw69e2lj5ju34usuj1hn1khn5qhv','NDQwZDg4NTAxY2I4ZWM2MGFiYjhhMWRiMmZiNTRjMTcxMzE0NjY4MTp7Il9hdXRoX3VzZXJfaGFzaCI6Ijg4YmYwOGZiMTdlMzk1MmU3OTFmNTI0N2M4ZTU3ZWZlZGM1YTU5MWEiLCJfYXV0aF91c2VyX2JhY2tlbmQiOiJkamFuZ28uY29udHJpYi5hdXRoLmJhY2tlbmRzLk1vZGVsQmFja2VuZCIsIl9hdXRoX3VzZXJfaWQiOiI3In0=','2016-11-06 03:45:46'),('yk5o13yo8cw492vqh17abqlmeqxtcjz2','Y2EyOWEzZDk4YzZjNWFmODg4NTEzOTBlNTkxNjJkNzE2NmMwODI1ZTp7Il9hdXRoX3VzZXJfaGFzaCI6ImRlOWJmMmRhZTQzZDJhZjU0M2IxY2Q3YzlhYWQ1NDE4ZThmN2Y3NDAiLCJfYXV0aF91c2VyX2JhY2tlbmQiOiJkamFuZ28uY29udHJpYi5hdXRoLmJhY2tlbmRzLk1vZGVsQmFja2VuZCIsIl9hdXRoX3VzZXJfaWQiOiIzIn0=','2016-11-07 21:49:48'),('z7m4zqla63elq3hkzaq7djlo9d2ozt1g','OWM2OTMxOWQ3ZmU2YzA5Y2Y0MTIxMjY0ZDRkYjY1MWEzZGEyODM1MTp7Il9hdXRoX3VzZXJfaGFzaCI6IjUwY2QyZWJmYjdhNDk0ZjZhYWY3NWY0N2NlOTM0NDJlOGI1NTcyN2YiLCJfYXV0aF91c2VyX2JhY2tlbmQiOiJkamFuZ28uY29udHJpYi5hdXRoLmJhY2tlbmRzLk1vZGVsQmFja2VuZCIsIl9hdXRoX3VzZXJfaWQiOiIyIn0=','2016-11-02 05:03:04'),('zvma7vyeuwpir1nntvp7x1t5mh58uj21','Y2EyOWEzZDk4YzZjNWFmODg4NTEzOTBlNTkxNjJkNzE2NmMwODI1ZTp7Il9hdXRoX3VzZXJfaGFzaCI6ImRlOWJmMmRhZTQzZDJhZjU0M2IxY2Q3YzlhYWQ1NDE4ZThmN2Y3NDAiLCJfYXV0aF91c2VyX2JhY2tlbmQiOiJkamFuZ28uY29udHJpYi5hdXRoLmJhY2tlbmRzLk1vZGVsQmFja2VuZCIsIl9hdXRoX3VzZXJfaWQiOiIzIn0=','2016-11-03 19:49:08'),('zwamnzt0mybg7p0i31mvrh72xg3q9brg','OWM2OTMxOWQ3ZmU2YzA5Y2Y0MTIxMjY0ZDRkYjY1MWEzZGEyODM1MTp7Il9hdXRoX3VzZXJfaGFzaCI6IjUwY2QyZWJmYjdhNDk0ZjZhYWY3NWY0N2NlOTM0NDJlOGI1NTcyN2YiLCJfYXV0aF91c2VyX2JhY2tlbmQiOiJkamFuZ28uY29udHJpYi5hdXRoLmJhY2tlbmRzLk1vZGVsQmFja2VuZCIsIl9hdXRoX3VzZXJfaWQiOiIyIn0=','2016-12-14 22:46:41');
/*!40000 ALTER TABLE `django_session` ENABLE KEYS */;
UNLOCK TABLES;

--
-- Table structure for table `documents`
--

DROP TABLE IF EXISTS `documents`;
/*!40101 SET @saved_cs_client     = @@character_set_client */;
/*!40101 SET character_set_client = utf8 */;
CREATE TABLE `documents` (
  `id_documents` int(11) NOT NULL AUTO_INCREMENT,
  `author` text NOT NULL,
  `link` text NOT NULL,
  `keywords` text NOT NULL,
  `title` text NOT NULL,
  `uploaded_by` int(11) NOT NULL,
  PRIMARY KEY (`id_documents`),
  KEY `fk_documents_auth_user1_idx` (`uploaded_by`),
  CONSTRAINT `fk_documents_auth_user1` FOREIGN KEY (`uploaded_by`) REFERENCES `auth_user` (`id`) ON DELETE NO ACTION ON UPDATE NO ACTION
) ENGINE=InnoDB AUTO_INCREMENT=86 DEFAULT CHARSET=utf8;
/*!40101 SET character_set_client = @saved_cs_client */;

--
-- Dumping data for table `documents`
--

LOCK TABLES `documents` WRITE;
/*!40000 ALTER TABLE `documents` DISABLE KEYS */;
INSERT INTO `documents` VALUES (1,'TEA Ediciones','/static/uploaded_files/ABG-1.pdf','Pruebas de Habilidades Generales','APTITUDES BÁSICAS GENERALES',2),(2,'TEA Ediciones','/static/uploaded_files/ABG-2.pdf','Pruebas de Habilidades Generales','APTITUDES BÁSICAS GENERALES 2',2),(3,'Ann E. Boehm','/static/uploaded_files/Boehm-3.pdf','Pruebas de Habilidades Generales','BOEHM TEST OF BASIC CONCEPTS',2),(4,'Bessie B. Burgemeister, Lucille Hollander Blum, Irving Lorge','/static/uploaded_files/CMMS.pdf','Pruebas de Habilidades Generales','COLUMBIA MENTAL MATURITY SCALE',2),(5,'Collin D. Elliot','/static/uploaded_files/DAS.pdf','Pruebas de Habilidades Generales','DIFFERENTIAL APTITUDE SCALE (DAS)',2),(6,'Raymond B. Catell y A.K.S. Cattell','/static/uploaded_files/Factor-G.pdf','Pruebas de Habilidades Generales','CULTURE FAIR INTELLIGENCE TEST',2),(7,'A.S. Kaufman y N.L. Kaufman','/static/uploaded_files/K.BIT.pdf','Pruebas de Habilidades Generales','TEST BREVE DE INTELIGENCIA KAUFMAN',2),(8,'Alan S. Kaufman y Nadeen L. Kaufman','/static/uploaded_files/K-ABC.pdf','Pruebas de Habilidades Generales','BATERÍA DE EVALUACIÓN DE NIÑOS KAUFMAN',2),(9,'Dorothea McCarthy','/static/uploaded_files/MSCA.pdf','Pruebas de Habilidades Generales','ESCALA MCCARTHY DE APTITUDES Y PSICOMOTRICIDAD PARA NIÑOS',2),(10,'LL. Thurstone, Th. G. Thurstone','/static/uploaded_files/PMA.pdf','Pruebas de Habilidades Generales','APTITUDES MENTALES PRIMARIAS',2),(11,'R.L. Thorndike, E.P. Hagen y J.M. Sattler','/static/uploaded_files/Stanford-Binet.pdf','Pruebas de Habilidades Generales','ESCALA DE INTELIGENCIA STANFORD-BINET',2),(12,'David Wechsler','/static/uploaded_files/WAIS-IV.pdf','Pruebas de Habilidades Generales','ESCALA DE INTELIGENCIA DE WECHSLER PARA ADULTOS',2),(13,'David Wechsler','/static/uploaded_files/WISC-IV.pdf','Pruebas de Habilidades Generales','ESCALA DE INTELIGENCIA WECHSLER PARA NIÑOS',2),(14,'David Wechsler','/static/uploaded_files/WPPSI-III.pdf','Pruebas de Habilidades Generales','ESCALA DE INTELIGENCIA WECHSLER PARA PREESCOLARES',2),(15,'Gale H. Roid y Lucy J. Miller','/static/uploaded_files/Leiter-R.pdf','Pruebas de Habilidades Generales No Verbales','ESCALA MANIPULATIVA INTERNACIONAL',2),(16,'L. Brown, R. J. Sherbenou, y S. K. Johnsen','/static/uploaded_files/TONI-2.pdf','Pruebas de Habilidades Generales No Verbales','TEST DE INTELIGENCIA NO VERBAL',2),(17,'Francisco Secadas','/static/uploaded_files/AMPE-F.pdf','Pruebas de Habilidades/Procesos Cognitivos','TEST FACTORIAL DE INTELIGENCIA',2),(18,'Gerard A. Gioia, Peter K. Isquith, Steven C. Guy y Lauren Kenworthy','/static/uploaded_files/BRIEF.pdf','Pruebas de Habilidades/Procesos Cognitivos','BEHAVIOR RATING INVENTORY OF EXECUTIVE FUNCTION',2),(19,'Jack A. Naglieri y J.P. Das','/static/uploaded_files/CAST.pdf','Pruebas de Habilidades/Procesos Cognitivos','COGNITIVE ASSESSMENT SYSTEM TEST (CAS)',2),(20,'Jack A. Naglieri, J.P. Das y Sam Goldstein','/static/uploaded_files/CAS-2.pdf','Pruebas de Habilidades/Procesos Cognitivos','COGNITIVE ASSESSMENT SYSTEM 2',2),(21,'Francisco Javier Corbalán Berná, Fermín Antonio Martínez Zaragoza y Donolo Donolo','/static/uploaded_files/CREA.pdf','Pruebas de Habilidades/Procesos Cognitivos','TEST DE INTELIGENCIA CREATIVA',2),(22,'Dean C. Delis, Edith Kaplan y Joel H. Kramer','/static/uploaded_files/D-KEFS.pdf','Pruebas de Habilidades/Procesos Cognitivos','DELIS-KAPLAN EXECUTIVE FUNCTION SYSTEM',2),(23,'Yuste Hernanz','/static/uploaded_files/IGF.pdf','Pruebas de Habilidades/Procesos Cognitivos','INTELIGENCIA GENERAL Y FACTORIAL',2),(24,'Nancy Mather, Ana Muñoz-Sandoval, Kevin S. McGrew y Richard W. Woodcock.','/static/uploaded_files/Woodcock-Johnson-Habilidades-Cognitivas.pdf','Pruebas de Habilidades/Procesos Cognitivos','WOODCOCK-JOHNSON III PRUEBA DE HABILIDADES COGNITIVAS',2),(25,'Bruce A. Braken','/static/uploaded_files/BRACKEN.pdf','Pruebas de Aprovechamiento','BRACKEN BASIC CONCEPT SCALE-REVISED',2),(26,'Alan S. Kaufman y Nadeen L. Kaufman','/static/uploaded_files/K-TEA.pdf','Pruebas de Aprovechamiento','KAUFMAN TEST OF EDUCATIONAL ACHIEVEMENT',2),(27,'Ana Muñoz-Sandoval, Richard W. Woodcock, Kevin S. McGrew y Nancy Mather.','/static/uploaded_files/Woodcock-Johnson-Aprovechamiento.pdf','Pruebas de Aprovechamiento','PRUEBA DE APROVECHAMIENTO DE WOODCOCK-JOHNSON BATERIA III',2),(28,'Cecil R. Reynolds','/static/uploaded_files/Koppitz-2.pdf','Pruebas de Viso Motricidad','KOPPITZ DEVELOPMENTAL SCORING SYSTEM FOR THE BENDER GESTALT TEST',2),(29,'Keith E. Beery','/static/uploaded_files/VMI.pdf','Pruebas de Viso Motricidad','PRUEBA BEERY-BUKTENICA DEL DESARROLLO DE LA INTEGRACIÓN VISOMOTRIZ',2),(30,'Rolf Brickenkamp','/static/uploaded_files/d2.pdf','Pruebas de Atención','TEST DE ATENCIÓN',2),(31,'Anna Farré y Juan Narbona','/static/uploaded_files/EDAH.pdf','Pruebas de Atención','TEST DE EVALUACIÓN DEL TRASTORNO POR DÉFICIT DE TENCIÓN CON HIPERACTIVIDAD',2),(32,'Cecil R. Reynolds y Erin D. Bigler','/static/uploaded_files/TOMAL.pdf','Pruebas de Memoria','TEST DE MEMORIA Y APRENDIZAJE',2),(33,'David Wechsler','/static/uploaded_files/WMS-III.pdf','Pruebas de Memoria','WECHSLER MEMORY SCALE III',2),(34,'Nancy A. Martin y Rick Brownell','/static/uploaded_files/Expressive-One-Word.pdf','Pruebas de Lectura y Lenguaje','EXPRESSIVE ONE-WORD',2),(35,'Lloyd M. Dunn y Leota M. Dunn','/static/uploaded_files/Peabody.pdf','Pruebas de Lectura y Lenguaje','TEST DE VOCABULARIO EN IMÁGENES PEABODY (PPVT-III)',2),(36,'Fernando Cuetos, Blanca Rodríguez, Elvira Ruano y David Arribas','/static/uploaded_files/PROLEC-R.pdf','Pruebas de Lectura y Lenguaje','BATERÍA DE EVALUACIÓN DE LOS PROCESOS LECTORES - REVISADA',2),(37,'José Luis Ramos Sánchez y Fernando Cuetos Vega','/static/uploaded_files/PROLEC-SE.pdf','Pruebas de Lectura y Lenguaje','BATERÍA DE EVALUACIÓN DE LOS PROCESOS LECTORES EN ALUMNOS DE TERCER CICLO DE EDUCACIÓN Y EDUCACIÓN SECUNDARIA OBLIGATORIA',2),(38,'Cynthia A. Riccio, Brian Imhoff, Jam E. Hasbrouck y G. Nicole Davis','/static/uploaded_files/TPAS.pdf','Pruebas de Lectura y Lenguaje','TEST OF PHONOLOGICAL AWARENESS IN SPANISH (TPAS)',2),(39,'M.T. Russell y D.L. Karol','/static/uploaded_files/16PF-5.pdf','Pruebas de Personalidad','16PF-5 CUESTIONARIO FACTORIAL DE PERSONALIDAD',2),(40,'G.V. Caprara, C. Barbaranelli y L. Borgogni','/static/uploaded_files/BFQ.pdf','Pruebas de Personalidad','CUESTIONARIO “BIG FIVE”',2),(41,'John S. Gillis','/static/uploaded_files/CAS.pdf','Pruebas de Personalidad','CUESTIONARIO DE ANSIEDAD INFANTIL',2),(42,'Cecil R. Reynolds','/static/uploaded_files/CMAS-R.pdf','Pruebas de Personalidad','ESCALA DE ANSIEDAD MANIFESTADA EN NIÑOS',2),(43,'R.B. Porter y R.B. Cattell','/static/uploaded_files/CPQ.pdf','Pruebas de Personalidad','CPQ CUESTIONARIO DE PERSONALIDAD PARA NIÑOS',2),(44,'Hans J. Eysenck y Sybil B.G. Eysenck','/static/uploaded_files/EPQ-R.pdf','Pruebas de Personalidad','CUESTIONARIO DE PERSONALIDAD DE EYSENCK',2),(45,'Jerry S. Wiggins','/static/uploaded_files/IAS.pdf','Pruebas de Personalidad','ESCALAS DE ADJETIVOS INTERPERSONALES',2),(46,'Josep M. Tous Ral y Antonio Andrés Pueyo','/static/uploaded_files/IDDA-EA.pdf','Pruebas de Personalidad','INVENTARIO DIFERENCIAL DE ADJETIVOS PARA EL ESTUDIO DEL ESTADO DE ÁNIMO',2),(47,'Luis de Rivera y Manuel R. Abuín','/static/uploaded_files/LSB-50.pdf','Pruebas de Personalidad','LISTADO DE SÍNTOMAS BREVE',2),(48,'Th. Millon, C., Millon, R. Davis, S. Grossman','/static/uploaded_files/MCMI-III.pdf','Pruebas de Personalidad','INVENTARIO CLÍNICO MULTIAXIAL DE MILLON-III',2),(49,'Yossef S. Ben-Porath y Auke Tellegen','/static/uploaded_files/MMPI-2-RF.pdf','Pruebas de Personalidad','INVENTARIO MULTIFÁSICO DE PERSONALIDAD DE MINNESOTA - 2',2),(50,'John D. Mayer, Peter Salovey y David R. Caruso','/static/uploaded_files/MSCEIT.pdf','Pruebas de Personalidad','TEST DE INTELIGENCIA EMOCIONAL MAYER-SALOVEY-CARUSO',2),(51,'L.R. Derogatis','/static/uploaded_files/SCL-90-R.pdf','Pruebas de Personalidad','CUESTIONARIO DE 90 SÍNTOMAS',2),(52,'Leopold Bellak y Sonya Sorel Bellak','/static/uploaded_files/CAT.pdf','Pruebas Proyectivas','TEST DE APERCEPCIÓN INFANTIL CON FIGURAS HUMANAS',2),(53,'Marie Francoise, Georges Fromont, Antoinette Muel, et al.','/static/uploaded_files/El-Test-del-Arbol.pdf','Pruebas Proyectivas','EL TEST DEL ÁRBOL',2),(54,'Henry A. Murray','/static/uploaded_files/TAT.pdf','Pruebas Proyectivas','THEMATIC APPERCEPTION TEST',2),(55,'Marie Francoise, Georges Fromont, Antoinette Muel, et al.','/static/uploaded_files/Test-de-la-Familia.pdf','Pruebas Proyectivas','TEST DE LA FAMILIA',2),(56,'Louis Corman','/static/uploaded_files/Test-de-Pata-Negra.pdf','Pruebas Proyectivas','TEST DE PATA NEGRA',2),(57,'Leopold Szondi','/static/uploaded_files/Test-de-Szondi.pdf','Pruebas Proyectivas','TEST DE SZONDI',2),(58,'Jane Squires y Diane Bricker','/static/uploaded_files/ASQ-3.pdf','Pruebas de Evaluación del Desarrollo','AGES & STAGES QUESTIONNAIRES EN ESPAÑOL',2),(59,'J. Newborg','/static/uploaded_files/BATELLE.pdf','Pruebas de Evaluación del Desarrollo','INVENTARIO DE DESARROLLO BATELLE',2),(60,'Nancy Bayley','/static/uploaded_files/BAYLEY-III.pdf','Pruebas de Evaluación del Desarrollo','ESCALA BAYLEY DE DESARROLLO INFANTIL-III',2),(61,'Patti L. Harrison, Thomas Oakland','/static/uploaded_files/ABAS-II.pdf','Pruebas Neurológicas','ADAPTATIVE BEHAVIOR ASSESSMENT SYSTEM',2),(62,'M. Rutter, A. Le Couteur y C. Lord','/static/uploaded_files/ADI-R.pdf','Pruebas Neurológicas','ENTREVISTA PARA EL DIAGNÓSTICO DEL AUTISMO',2),(63,'Bárbara Wilson, Janet Cockburn y Peter Halligan','/static/uploaded_files/BIT.pdf','Pruebas Neurológicas','BEHAVIOURAL INATTENTION TEST',2),(64,'J.A. Portellano Pérez, R. Mateos Mateos, R. Martínez, et al.','/static/uploaded_files/CUMANIN.pdf','Pruebas Neurológicas','CUMANIN',2),(65,'J. L. Gómez Castro y M.ª J. Ortega López','/static/uploaded_files/HPL.pdf','Pruebas Neurológicas','TEST DE HOMOGENEIDAD Y PREFERENCIA LATERAL',2),(66,'Dra. Feggy Ostrosky-Solís, Dr. Alfredo Ardila y Dra. Mónica Rosselli','/static/uploaded_files/NEUROPSI.pdf','Pruebas Neurológicas','EVALUACIÓN NEUROPSICOLÓGICA BREVE EN ESPAÑOL',2),(67,'M. Álvarez González y R. Fernández Valentín','/static/uploaded_files/CHTE.pdf','Inventario y Hábitos de Estudio','CUESTIONARIO DE HÁBITOS Y TÉCNICAS DE ESTUDIO',2),(68,'Departamento I+D de TEA Ediciones y Mariano Yela','/static/uploaded_files/IC.pdf','Inventario y Hábitos de Estudio','INSTRUCCIONES COMPLEJAS',2),(69,'Departamento de I+D de TEA Ediciones, S.A.','/static/uploaded_files/COE.pdf','Inventario de Aptitudes Primarias (Valores)','COMPRENSIÓN DE ÓRDENES ESCRITAS (NIVELES 1, 2 Y 3)',2),(70,'N. Seisdedos, Sección de estudio de Tests; TEA Ediciones, S.A.','/static/uploaded_files/MONEDAS.pdf','Inventario de Aptitudes Primarias (Valores)','TEA MONEDAS',2),(71,'L. V. Gordon','/static/uploaded_files/SIV.pdf','Inventario de Aptitudes Primarias (Valores)','CUESTIONARIO DE VALORES INTERPERSONALES',2),(72,'Leonard V. Gordon','/static/uploaded_files/SPV.pdf','Inventario de Aptitudes Primarias (Valores)','CUESTIONARIO DE VALORES PERSONALES',2),(78,'Autor','/media/uploaded_documents/Altas Capacidades_PG0xYUJ.docx','altas,,;, capacidades,,;, test','Altas Capacidades',2),(83,'Autor','/media/uploaded_documents/Escala hiperactividad.docx','escala,,;, hiperactividad','Escala hiperactividad',2),(84,'Autor','/media/uploaded_documents/ESCALA PARA TDA_2LSkz8P.docx','escala,,;, tda','Escala para Tda',2),(85,'autor','/media/uploaded_documents/PRRAFOS INTRODUCTORIOS.docx','parrafos,,;, introductorios','parrafos introductorios',2);
/*!40000 ALTER TABLE `documents` ENABLE KEYS */;
UNLOCK TABLES;

--
-- Table structure for table `field`
--

DROP TABLE IF EXISTS `field`;
/*!40101 SET @saved_cs_client     = @@character_set_client */;
/*!40101 SET character_set_client = utf8 */;
CREATE TABLE `field` (
  `id_field` int(11) NOT NULL AUTO_INCREMENT,
  `field_name` text NOT NULL,
  `field_number` int(11) NOT NULL,
  `form_type_id_form_type` int(11) NOT NULL,
  `field_type` int(11) NOT NULL,
  `field_placeholder` varchar(100) DEFAULT NULL,
  `field_identifier` varchar(100) DEFAULT NULL,
  `field_required` tinyint(1) DEFAULT NULL,
  PRIMARY KEY (`id_field`),
  KEY `fk_field_form_type1_idx` (`form_type_id_form_type`),
  CONSTRAINT `fk_field_form_type1` FOREIGN KEY (`form_type_id_form_type`) REFERENCES `form_type` (`id_form_type`) ON DELETE NO ACTION ON UPDATE NO ACTION
) ENGINE=InnoDB AUTO_INCREMENT=592 DEFAULT CHARSET=utf8;
/*!40101 SET character_set_client = @saved_cs_client */;

--
-- Dumping data for table `field`
--

LOCK TABLES `field` WRITE;
/*!40000 ALTER TABLE `field` DISABLE KEYS */;
INSERT INTO `field` VALUES (1,'Fecha de hoy',1,1,4,'Fecha','fecha_hoy',NULL),(2,'Nombre de quien llama',3,1,1,'Nombre','nombre_llamada',NULL),(3,'Parentesco con la persona a quien se le brindará(n) el/los servicio(s)',4,1,1,'Parentesco','parentesco',NULL),(4,'Nombre de cliente(s)',5,1,1,'Nombre','nombre_cliente',NULL),(5,'Edad de cliente(s)',6,1,2,'Edad','edad_cliente',NULL),(6,'Dirección',8,1,1,'Dirección','direccion',NULL),(7,'¿Con quién vive(n)?',9,1,1,'¿Con quién vive(n)?','vive',NULL),(8,'Celular(es)',10,1,1,'Número','celular',NULL),(9,'Teléfono(s) de casa',11,1,1,'Número','telefono',NULL),(10,'Correo(s) electrónico(s)',12,1,1,'Correo','correo',NULL),(11,'Lugar de trabajo',13,1,1,'Dirección','trabajo',NULL),(12,'¿Cuál es la mejor hora para contactarlo/a por teléfono?',14,1,1,'Hora','mejor_hora',NULL),(13,'¿Cuál es el motivo por el que usted busca nuestro servicio?',15,1,6,'Motivo','motivo',NULL),(36,'¿Qué tipo de servicio necesita?',16,1,5,'Tipo Servicio','servicio_cipa',NULL),(37,'Observaciones',17,1,6,'Observaciones','observaciones',NULL),(38,'Datos Generales',0,1,0,NULL,NULL,NULL),(39,'Hora',2,1,1,'Hora','hora_actual',NULL),(40,'Género',7,1,5,'Género','genero',NULL),(41,'Formación Académica',18,1,0,NULL,NULL,NULL),(42,'¿A qué centro educativo (colegio/escuela) asiste el/la menor de edad?',19,1,1,'Centro Educativo','centro_educativo',NULL),(43,'¿Cómo se enteró de CIPA?',20,1,1,'¿Cómo?','enterarse_cipa',NULL),(44,'¿Quién le refirió?',21,1,1,'¿Quién?','referir_cipa',NULL),(45,'¿Está tomando algún medicamento?',22,1,5,'Sí/No','si_no_medicamento',NULL),(46,' ¿Cuál?',23,1,1,'medicamento','medicamento',NULL),(47,'¿Quién lo recetó?',24,1,1,'¿Quién?','receta_medicamento',NULL),(48,'¿Está llevando algún proceso legal?',25,1,5,'Sí/No','si_no_legal',NULL),(49,'¿Cuál?',26,1,5,'Tipo Proceso','proceso_legal',NULL),(50,'Detalles del proceso legal',27,1,6,'Detalles','detalles_legal',NULL),(51,'Información Complementaria',28,1,0,NULL,NULL,NULL),(52,'¿Ha recibido algún servicio psicológico en el pasado?',29,1,5,'Sí/No','si_no_servicio',NULL),(53,'¿Cuál?',30,1,5,'Servicio','servicio_cipa_2',NULL),(54,'¿En dónde recibió dicho(s) servicio(s) psicológico(s)?',31,1,1,'¿Donde?','donde_servicios',NULL),(55,'¿Quién traería al/los cliente(s) a CIPA?',33,1,1,'¿Quién?','quien_traeria',NULL),(56,'Entrevistador(a)',34,1,1,'Entrevistador(a)','entrevistador',NULL),(57,'Comentarios adicionales',35,1,6,'Comentarios Adicionales','comentarios_adicionales',NULL),(58,'Información del cliente',0,2,0,NULL,NULL,NULL),(59,'Nombre(s)',1,2,1,'Nombre','nombre_cliente',NULL),(60,'Fecha',2,2,4,'Fecha','fecha_hoy',NULL),(61,'Padre/madre o tutor (si es menor)',3,2,1,'Padre/madre/tutor','tutor_cliente',NULL),(62,'Fecha de nacimiento',4,2,4,'Fecha de Nacimiento','fecha_nacimiento',NULL),(63,'Edad',5,2,2,'Edad','edad_cliente',NULL),(64,'Dirección',6,2,1,'Dirección','direccion_cliente',NULL),(65,'Teléfono',7,2,1,'Teléfono','telefono_cliente',NULL),(66,'Teléfono del trabajo',8,2,1,'Teléfono del Trabajo','telefono_trabajo_cliente',NULL),(67,'Información del Profesional e Institción que refiere',9,2,0,NULL,NULL,NULL),(68,'Nombre(s)',10,2,1,'Nombre(s)','nombre_profesional',NULL),(69,'Fecha',11,2,4,'Fecha','fecha_profesional',NULL),(70,'Institución',12,2,1,'Institución','institucion_profesional',NULL),(71,'Dirección',13,2,1,'Dirección','direccion_profesional',NULL),(72,'Teléfono',14,2,1,'Teléfono','telefono_profesional',NULL),(73,'Correo electrónico',15,2,1,'Correo','correo_profesional',NULL),(74,'Problema(s) que presenta el cliente',16,2,6,'Problemas','problemas_cliente',NULL),(75,'Frecuencia de los problemas presentados',17,2,6,'Frecuencia','frecuencia_problemas',NULL),(76,'Síntomas (Nivel de gravedad)',18,2,6,'Síntomas','sintomas_cliente',NULL),(77,'Historia médica/psicológica',19,2,6,'Historia médica','historia_cliente',NULL),(78,'Temas que sugiere tratar',20,2,6,'Temas','temas_tratar_cliente',NULL),(79,'Uso exclusivo de la admisión a CIPA',21,2,0,NULL,NULL,NULL),(80,'Fecha en que se recibe',22,2,4,'Fecha','fecha_recibe',NULL),(81,'Referencia aceptada',23,2,1,'Referencia','referencia_aceptada',NULL),(82,'Referencia negada',24,2,1,'Referencia','referencia_negada',NULL),(83,'Estatus de referencia comunicado a',25,2,1,'Comunicado a...','referencia_comunicada',NULL),(84,'Fecha en que se realiza comunicado',26,2,4,'Fecha','fecha_comunicado',NULL),(85,'Anotaciones',27,2,6,'Anotaciones','anotaciones_comunicado',NULL),(86,'Nombre del/la Cliente',1,3,1,'Nombre','nombre_cliente',NULL),(87,'Donativo por sesión',2,3,1,'Cantidad en quetzales','donativo_sesion',NULL),(88,'Reducción del monto del donativo',3,3,5,'Sí/No','si_no_reduccion_monto',NULL),(89,'Fecha',1,4,4,'Fecha','fecha_verificacion',NULL),(90,'Tipo de servicio recibido',2,4,5,'Servicio','servicio_verificacion',NULL),(91,'Dichos servicios han sido proporcionados por el/la estudiante de',4,4,5,'Estudiante de','estudiante_de',NULL),(92,'Nombre de/la estudiante',5,4,1,'Nombre','nombre_estudiante',NULL),(93,'Fechas de las sesiones',6,4,6,'Fechas','fechas_sesiones',NULL),(94,'I. MOTIVO DE CONSULTA (Problema principal)',0,5,0,NULL,NULL,NULL),(95,'¿Por qué viene hoy a CIPA?, ¿Cuál es el problema?, ¿En qué puedo ayudarle?',1,5,6,'¿Por qué?','motivo_consulta',NULL),(96,'¿Hace cuánto tiempo se ha presentado este problema?',2,5,6,'¿Hace cuánto?','cuanto_tiempo',NULL),(97,'¿Cuándo notaron por primera vez este problema?',3,5,6,'¿Cuándo?','cuando_notaron',NULL),(98,'¿Qué parece mejorar el problema?',4,5,6,'¿Qué parece mejorar?','que_parece_mejorar',NULL),(99,'¿Qué parece empeorar el problema?',5,5,6,'¿Qué parece empeorar?','que_parece_empeorar',NULL),(100,'¿Ha sido el/la menor de edad evaluado(a) o está en tratamiento por el problema actual o similar?',6,5,5,'Sí/No','si_no_evaluado',NULL),(101,'¿Cuántas veces?',7,5,2,'¿Cuántas veces?','veces_evaluadas',NULL),(102,'¿Cuándo y dónde?',8,5,6,'¿Cuándo y donde?','cuando_donde_evaluado',NULL),(103,'Si a través de dicha evaluación se recibió un diagnóstico, ¿cuál fue ese diagnóstico?',9,5,6,'¿Cuál fue diagnóstico?','cual_fue_diagnostico',NULL),(104,'¿Está el/la menor de edad en la actualidad tomando algún medicamento?',10,5,5,'Sí/No','si_no_medicamento',NULL),(105,'¿Cuál medicamento?',11,5,6,'¿Cuál?','cual_medicamento',NULL),(106,'¿En qué dosis?',12,5,6,'¿Qué dosis?','dosis_medicamento',NULL),(107,'¿Quién lo recetó?',13,5,1,'¿Quién?','quien_receta',NULL),(108,'¿Quién le refirió a CIPA o cómo se enteró de este centro?',14,5,1,'¿Quién? o ¿Cómo?','quien_como_enterar',NULL),(109,'¿Por qué decidieron acudir en este momento y no antes?',15,5,6,'¿Por qué?','por_que_ahora',NULL),(110,'II. DATOS FAMILIARES',16,5,0,NULL,NULL,NULL),(111,'Menor de Edad',17,5,8,NULL,NULL,NULL),(112,'Apellidos',18,5,1,'Apellidos','apellidos_menor',NULL),(113,'Nombre(s)',19,5,1,'Nombre(s)','nombres_menor',NULL),(114,'Fecha de Nacimiento',20,5,1,'Fecha','fecha_nacimiento_menor',NULL),(115,'Edad (años y meses)',21,5,1,'Años y Meses','anios_meses_menor',NULL),(116,'Informante',22,5,5,'Informante','informante_menor',NULL),(117,'Otro',23,5,1,'Especifique','otro_informante_menor',NULL),(118,'Datos del padre',24,5,8,NULL,NULL,NULL),(119,'Nombre Completo',25,5,1,'Nombre Completo','nombre_completo_padre',NULL),(120,'Edad',26,5,2,'Edad','edad_padre',NULL),(121,'Nivel Educativo',27,5,1,'Nivel Educativo','nivel_educativo_padre',NULL),(122,'Dirección',28,5,1,'Dirección','dirección_padre',NULL),(123,'Celular',29,5,1,'Número de Celular','celular_padre',NULL),(124,'Teléfono casa',30,5,1,'Teléfono de Casa','telefono_casa_padre',NULL),(125,'Ocupación actual',31,5,1,'Ocupación Actual','ocupación_padre',NULL),(126,'Correo electrónico',32,5,1,'Correo Electrónico','correo_electronico_padre',NULL),(127,'Teléfono de emergencia',33,5,1,'Número de Teléfono de Emergencia','numero_emergencia_padre',NULL),(128,'Datos de la madre',34,5,8,NULL,NULL,NULL),(129,'Nombre',35,5,1,'Nombre','nombre_madre',NULL),(130,'Edad',36,5,2,'Edad','edad_madre',NULL),(131,'Nivel educativo',37,5,1,'Nivel Educativo','nivel_educativo_madre',NULL),(132,'Dirección',38,5,1,'Dirección','dirección_madre',NULL),(133,'Celular',39,5,1,'Número de Celular','celular_madre',NULL),(134,'Teléfono casa',40,5,1,'Teléfono de Casa','telefono_casa_madre',NULL),(135,'Ocupación actual',41,5,1,'Ocupación Actual','ocupacion_madre',NULL),(136,'Correo electrónico',42,5,1,'Correo Electrónico','correo_electronico_madre',NULL),(137,'Teléfono de emergencia',43,5,1,'Número de Teléfono de Emergencia','numero_emergencia_madre',NULL),(138,'ENCARGADO(A)',44,5,8,NULL,NULL,NULL),(139,'Parentesco con el/la menor de edad',45,5,1,'Parentesco','parentesco_con_menor',NULL),(140,'Nombre',46,5,1,'Nombre','nombre_encargado',NULL),(141,'Edad',47,5,2,'Edad','edad_encargado',NULL),(142,'Nivel educativo',48,5,1,'Nivel Educativo','nivel_educativo_encargado',NULL),(143,'Dirección',49,5,1,'Dirección','direccion_encargado',NULL),(144,'Celular',50,5,1,'Número de Celular','celular_encargado',NULL),(145,'Teléfono casa',51,5,1,'Teléfono Casa','telefono_casa_encargado',NULL),(146,'Ocupación actual',52,5,1,'Ocupación Actual','ocupacion_encargado',NULL),(147,'Correo electrónico',53,5,1,'Correo Electrónico','correo_electronico_encargado',NULL),(148,'Teléfono de emergencia',54,5,1,'Número de Teléfono de Emergencia','numero_emergencia_encargado',NULL),(149,'SITUACIÓN FAMILIAR GENERAL',55,5,8,NULL,NULL,NULL),(150,'Estado civil de los padres',56,5,5,'Estado civil','estado_civil_padres',NULL),(151,'El/la menor de edad vive con',57,5,1,'Vive con','menor_vive_con',NULL),(152,'Edad que tenía el/la menor de edad cuando ocurrió la separación/divorcio/muerte del progenitor',58,5,2,'Edad','edad_suceso_progenitor',NULL),(153,'III. HISTORIA DEL DESARROLLO DEL/LA MENOR DE EDAD',61,5,0,NULL,NULL,NULL),(154,'EMBARAZO, NACIMIENTO E INFANCIA TEMPRANA',62,5,8,NULL,NULL,NULL),(155,'¿Durante el embarazo, recibió medicamento la madre?',63,5,5,'Sí/No','si_no_medicamento_madre',NULL),(156,'¿Qué tipo de medicamento?',64,5,6,'Tipo de medicamento','tipo_medicamento_madre',NULL),(157,'¿Durante el embarazo, fumó tabaco la madre?',65,5,5,'Sí/No','si_no_tabaco',NULL),(158,'¿Cuántos cigarrillos al día?',66,5,2,'Número de cigarrillos al día','numero_cigarrillos_dia',NULL),(159,'¿Durante el embarazo, ingirió la madre bebidas alcohólicas?',67,5,5,'Sí/No','si_no_alcohol',NULL),(160,'¿Aproximadamente, cuánto alcohol ingirió cada día?',68,5,1,'¿Cuánto alcohol?','cantidad_alcohol',NULL),(161,'¿Durante el embarazo, uso drogas la madre?',69,5,5,'Sí/No','si_no_drogas',NULL),(162,'¿Qué clase de drogas?',70,5,11,NULL,'tipo_drogas',NULL),(163,'Tipo de nacimiento',71,5,5,'Tipo de nacimiento','tipo_nacimiento',NULL),(164,'Razón de la cesárea',72,5,6,'Razón','razon_cesarea',NULL),(165,'Tipo de asistencia del parto',73,5,8,NULL,NULL,NULL),(166,'¿Necesitó algún tipo de asistencia especial? (Ej. Fórceps, etcétera)',74,5,6,'¿Existió algún tipo asistencia?','tipo_asistencia_parto',NULL),(167,'¿Fue niño(a) prematuro(a)?',75,5,5,'Sí/No','si_no_prematuro',NULL),(168,'¿Cuántos meses?',76,5,1,'¿Cuántos meses?','cant_meses_prematuro',NULL),(169,'¿Necesitó hospitalización al nacer?',77,5,5,'Sí/No','si_no_hosplitalizacion_nacer',NULL),(170,'¿Durante cuánto tiempo?',78,5,1,'¿Cuánto tiempo?','tiempo_hospitalizacion_nacer',NULL),(171,'¿Cuál fue el peso del/la niño(a) al nacer?',79,5,1,'Peso','peso_nacer',NULL),(172,'¿Hubo algún defecto de nacimiento o complicaciones al nacer?',80,5,5,'Sí/No','si_no_defecto_nacer',NULL),(173,'Si su respuesta es sí, por favor describa',81,5,6,'Describir','describir_defecto_nacer',NULL),(174,'¿Hubo algún problema con el ciclo del sueño?',82,5,5,'Sí/No','si_no_problema_suenio',NULL),(175,'Si su respuesta es sí, por favor describa',83,5,6,'Describir','describir_problema_suenio',NULL),(176,'¿Hubo algún problema con la alimentación?',84,5,5,'Sí/No','si_no_problema_alimentacion',NULL),(177,'Si su respuesta es sí, por favor describa',85,5,6,'Describir','describir_problema_alimentacion',NULL),(178,'¿Fue alimentado con lactancia materna?',86,5,5,'Sí/No','si_no_lactancia_materna',NULL),(179,'¿A qué edad dejó de recibir leche materna?',87,5,2,'Edad','edad_termina_lactancia_materna',NULL),(180,'De bebé, él/ella ¿Fue tranquilo(a)?',88,5,5,'Sí/No','si_no_tranquilo',NULL),(181,'¿Le gustaba que lo cargaran y arrullaran en brazos?',89,5,5,'Sí/No/A veces','si_no_arrullo',NULL),(182,'¿Se mostraba alerta a lo que pasaba a su alrededor?',90,5,5,'Sí/No/A veces','si_no_alerta',NULL),(183,'¿Hubo algún problema específico en el crecimiento y desarrollo del/la niño(a) durante los',91,5,5,'Sí/No','si_no_problema_crecimiento',NULL),(184,'Si su respuesta es sí, por favor describa',92,5,6,'Describir','describir_problema_crecimiento',NULL),(185,'Observaciones adicionales',94,5,6,'Observaciones','observaciones_adicionales',NULL),(186,'HISTORIA ACADÉMICA DEL/LA MENOR DE EDAD',95,5,0,NULL,NULL,NULL),(187,'Año que el/la menor de edad cursa actualmente',97,5,1,'Año que cursa','anio_cursa_actualmente',NULL),(188,'Carrera universitaria que menciona quiere estudiar',98,5,1,'Carrera','carrera_quiere',NULL),(189,'Profesión que menciona que quiere desempeñar en el futuro',99,5,1,'Profesión','profesion_quiere',NULL),(190,'¿Ha sido retenido(a) en algún grado?',100,5,5,'Sí/No','si_no_retenido_grado',NULL),(191,'Si su respuesta es sí, describa: ¿Qué grado, cuántas veces y por qué?',101,5,6,'Describir','describir_retenido_grado',NULL),(192,'Materias con las que el/la menor de edad tiene dificultad',103,5,6,'¿Qué materias?','materias_dificultad',NULL),(193,'¿Recibe el/la menor de edad ayudas especiales en el colegio/la escuela?',104,5,5,'Sí/No','si_no_ayuda_especiales',NULL),(194,'Si su respuesta es sí, por favor describa',105,5,6,'Describir','describir_ayuda_especiales',NULL),(195,'¿Ha recibido tutorías especiales?',106,5,5,'Sí/No','si_no_tutorias_especiales',NULL),(196,'Si su respuesta es sí, por favor describa',107,5,6,'Describir','describir_tutorias_especiales',NULL),(197,'HISTORIA MÉDICA DEL/LA MENOR DE EDAD',108,5,0,NULL,NULL,NULL),(198,'Otras enfermedades o condiciones',110,5,6,'Describir otras enfermedades','otras_enfermedades_condiciones',NULL),(199,'HISTORIA MÉDICA FAMILIAR',111,5,0,NULL,NULL,NULL),(200,'MANIFESTACIONES CONDUCTUALES Y SOCIALES DEL/LA MENOR DE EDAD',113,5,0,NULL,NULL,NULL),(201,'HISTORIA DE LA FAMILIA DEL/LA MENOR DE EDAD',115,5,0,NULL,NULL,NULL),(202,'Situación legal',117,5,6,'Describir','describir_situacion_legal',NULL),(203,'¿Qué posición ordinal ocupa el padre del niño/a entre sus propios hermanos?',118,5,5,'Posición ordinal','posicion_ordinal_padre',NULL),(204,'Otro (Explique)',119,5,6,'Explicar','explicar_posicion_ordinal_padre',NULL),(205,'Indique el número de hermano(a)s del padre',120,5,1,'Número hermanos(as)','numero_hermanos_padre',NULL),(206,'Anote algunas de las características más importantes de la familia de origen del padre',121,5,6,'Características','caracteristicas_familia_padre',NULL),(207,'Indique el número de hermano(a)s de la madre',122,5,1,'Número hermanos(as)','numero_hermanos_madre',NULL),(208,'Anote algunas de las características más importantes de la familia de origen de la madre',123,5,6,'Características','caracteristicas_familia_madre',NULL),(209,'TÉCNICAS DISCIPLINARIAS',124,5,0,NULL,NULL,NULL),(210,'Otra técnica (describa)',126,5,6,'Describir','describir_tecnica_disciplinaria',NULL),(211,'¿Qué técnicas disciplinarias son usualmente efectivas?',127,5,6,'Describir','describir_tecnica_efectiva',NULL),(212,'¿Con qué tipo de problema(s)?',128,5,6,'Describir','describir_tecnica_problema',NULL),(213,'¿Qué técnicas disciplinarias no son usualmente efectivas?',129,5,6,'Describir','describir_tecnica_no_efectiva',NULL),(214,'¿Cuáles son las formas más satisfactorias que usted ha encontrado para ayudar al menor de edad?',130,5,6,'Describir','describir_tecnica_satisfactoria',NULL),(215,'HISTORIA DE INTERVENCIÓN PSICOLÓGICA',131,5,0,NULL,NULL,NULL),(216,'Ha recibido el/la menor de edad algún servicio psicológico previamente',132,5,5,'Sí/No','si_no_servicio_psicologico_previo',NULL),(217,'Si su respuesta fue sí, por favor indique los tipos de servicios que ha recibido',133,5,5,'Tipo Servicio','tipo_servicio_psicologico_previo',NULL),(218,'Indique de parte de quién ha recibido esos servicios psicológicos',134,5,5,'¿Quién los proporcionó?','proporciona_servicio_psicologico_previo',NULL),(219,'Otro(a)',135,5,6,'Describa si fue por otro medio','otro_servicio_psicologico_previo',NULL),(220,'¿Está asistiendo el/la menor de edad con otro(a) profesional actualmente?',136,5,5,'Sí/No','si_no_servicio_otro_profesional',NULL),(221,'Si su respuesta fue sí, por favor indique con quién',137,5,6,'Indicar con quién','quien_servicio_otro_profesional',NULL),(222,'¿Alguien los refirió a CIPA?',138,5,5,'Sí/No','si_no_referir_cipa',NULL),(223,'Si su respuesta fue sí, por favor indique quién',139,5,6,'¿Quién?','quien_referir_cipa',NULL),(224,'Otro',140,5,6,'¿Alguién mas los refirió?','otro_quien_referir_cipa',NULL),(225,'SITUACIÓN ECONÓMICA DE LA FAMILIA',141,5,0,NULL,NULL,NULL),(226,'Situación del padre',142,5,5,'Situación','situacion_economica_padre',NULL),(227,'En caso de laborar, indique lo siguiente',143,5,8,NULL,NULL,NULL),(228,'Nombre del trabajo',144,5,1,'Nombre','nombre_trabajo_padre',NULL),(229,'Ingresos mensuales totales (Q)',145,5,1,'Ingresos mensuales','ingresos_mensuales_padre',NULL),(230,'¿Cuánto de eso aporta a la casa?',146,5,1,'¿Cuánto aporta?','cuanto_aporta_padre',NULL),(231,'Situación de la madre',147,5,5,'Situación','situacion_economica_madre',NULL),(232,'En caso laborar, indique lo siguiente',148,5,8,NULL,NULL,NULL),(233,'Nombre del trabajo',149,5,1,'Nombre','nombre_trabajo_madre',NULL),(234,'Ingresos mensuales totales (Q)',150,5,1,'Ingresos mensuales','ingresos_mensuales_madre',NULL),(235,'¿Cuánto de eso aporta a la casa?',151,5,1,'¿Cuánto aporta?','cuanto_aporta_madre',NULL),(236,'Situación de encargado(a) principal',152,5,5,'Situación','situacion_economica_encargado',NULL),(237,'En caso laborar, indique lo siguiente',153,5,8,'',NULL,NULL),(238,'Nombre del trabajo',154,5,1,'Nombre','nombre_trabajo_encargado',NULL),(239,'Ingresos mensuales totales (Q)',155,5,1,'Ingresos mensuales','ingresos_mensuales_encargado',NULL),(240,'¿Cuánto de eso aporta a la casa?',156,5,1,'¿Cuánto aporta?','cuanto_aporta_encargado',NULL),(241,'Situación económica familiar',157,5,8,NULL,NULL,NULL),(242,'Monto aproximado de ingresos mensuales totales de la familia (Q)',158,5,1,'Monto aproximado','monto_aproximado_ingresos',NULL),(243,'¿Cuántos miembros dependen de estos ingresos?',159,5,2,'¿Cuántos miembros?','miembros_dependen_ingresos',NULL),(244,'¿Cómo definiría su situación económica de la familia?',160,5,5,'Situación económica','situacion_economica_familiar',NULL),(245,'Situaciones particulares',161,5,5,'Situaciones particulares','situacion_particular_familia',NULL),(246,'Por favor indique a continuación cualquier otra información que considera importante para describir la situación económica familiar',162,5,6,'Describir','describir_situacion_economica_familiar',NULL),(247,'OTRA INFORMACIÓN',163,5,0,NULL,NULL,NULL),(248,'¿Cuáles son las actividades favoritas del menor de edad? (actividades lúdicas/sociales/hobbies/académicas/etcétera) Indiquelas en orden de preferencia',164,5,6,'Describir','describir_actividades_favoritas',NULL),(249,'¿Qué actividades le gustan menos al menor de edad? (actividades lúdicas/sociales/hobbies/académicas, etcétera) Indíquelas en orden de aberración',165,5,6,'Describir','describir_actividades_gusta_menos',NULL),(250,'¿Qué actividades le gustaría a usted que el/la menor de edad realizara más a menudo de lo que actualmente realiza?(actividades lúdicas/sociales/hobbies/académicas, etcétera) Indíquelas en orden de preferencia ',166,5,6,'Describir','describir_actividades_gustaria',NULL),(251,'¿Qué impide que realice las actividades antes mencionadas?',167,5,6,'¿Qué impide?','impide_actividades_anteriores',NULL),(252,'Problemas en el ambiente familiar',168,5,8,NULL,NULL,NULL),(253,'TODO LO QUE USTED ESCRIBA AQUÍ ES ABSOLUTAMENTE CONFIDENCIAL',169,5,6,'Describir','describir_problemas_familiares',NULL),(254,'Nombre de quien llenó este formulario',170,5,1,'Nombre','nombre_llena_formulario',NULL),(255,'Parentesco con el/la menor de edad',171,5,1,'Parentesco','parentesco_llena_formulario',NULL),(256,'Cantidad acordada con el/la cliente por sesión (Q)',1,6,1,'Cantidad','cantidad_acordada',NULL),(257,'Donativo de Entrevista Inicial',2,6,8,NULL,NULL,NULL),(258,'Realizado',3,6,5,'Sí/No','si_no_realizado',NULL),(259,'Q',4,6,1,'Cantidad','cantidad_donativo_entrevista',NULL),(260,'Datos Personales',1,7,0,NULL,NULL,NULL),(261,'Nombre',2,7,1,'Nombre','nombre_adulto',NULL),(262,'Fecha',3,7,4,'Fecha','fecha_adulto',NULL),(263,'Dirección',4,7,1,'Dirección','direccion_adulto',NULL),(264,'Edad de el/la cliente',5,7,2,'Edad','edad_adulto',NULL),(265,'Fecha de nacimiento',6,7,4,'Fecha Nacimiento','fecha_nacimiento_adulto',NULL),(266,'Género',7,7,5,'Género','genero_adulto',NULL),(267,'Teléfono casa',8,7,1,'Teléfono Casa','telefono_casa_adulto',NULL),(268,'Teléfono del trabajo',9,7,1,'Teléfono Trabajo','Telefono_trabajo_adulto',NULL),(269,'Celular',10,7,1,'Celular','celular_adulto',NULL),(270,'Correo electrónico',11,7,1,'Correo electrónico','correo_adulto',NULL),(271,'Nivel de educación (último grado completado)',12,7,1,'Último grado completado','educacion_adulto',NULL),(272,'Estado civil',13,7,5,'Estado civil','estado_civil_adulto',NULL),(273,'Historia Familiar',14,7,0,NULL,NULL,NULL),(274,'*Indique el trastorno',17,7,1,'Trastorno','trastorno_familiar_adulto',NULL),(275,'Historia Médica',18,7,0,NULL,NULL,NULL),(276,'Alguna(s) otra(s) enfermedad(es) sereva(s)',20,7,6,'Enfermedad(es) severa(s)','trastorno_severo_adulto',NULL),(277,'Esta ustsed actualmente o ha estado bajo cuidados médicos durante el año pasado',21,7,5,'Sí/No','si_no_cuidado_medico_adulto',NULL),(278,'Nombre/Dirección de su médico/Correo electrónico',22,7,6,'Información médico','informacion_medico_adulto',NULL),(279,'Fecha del último examen',23,7,4,'Fecha del último examen','fecha_examen_adulto',0),(280,'Procesos de Psicoterapia/Consejería Previos',25,7,0,NULL,NULL,NULL),(281,'¿Ha consultado a un/a psicoterapeuta/consejero(a) en el pasado?',26,7,4,'¿Ha consultado?','si_no_consulta_adulto',NULL),(282,'Indique la razón por la que terminó la terapia',28,7,6,'Razón','razón_filanizo_terapia_adulto',NULL),(283,'¿Está asistiendo con otro(a) psicoterapeuta/consejero(a)?',30,7,5,'Sí/No','si_no_asiste_adulto',NULL),(284,'¿Ha estado hospitalizado(a) por razones psicológicas/psiquiátricas en el pasado?',31,7,5,'Sí/No','si_no_hospitalizado_adulto',NULL),(285,'¿Le han aplicado anteriormente pruebas psicológicas?',33,7,5,'Sí/No','si_no_pruebas_psico_adulto',NULL),(286,'Fechas aproximadas',34,7,6,'Aproximadas','fechas_pruebas_adulto',NULL),(287,'Aplicadas por',35,7,6,'Aplicadas por','aplicadas_por_adulto',NULL),(288,'Dirección',36,7,6,'Dirección','direccion_pruebas_adulto',NULL),(289,'Test psicológicos aplicados',37,7,5,'Test psicológicos','tests_aplicados_adulto',NULL),(290,'Por favor escriba un resumen breve de su problema actual',38,7,6,'Resumen','resumen_problema_adulto',NULL),(291,'Información sobre situación económica',39,7,0,NULL,NULL,NULL),(292,'Empleo actual',40,7,1,'Empleo actual','empleo_actual_adulto',NULL),(293,'Número de personas que dependen económicamente de usted',41,7,2,'Numero de personas','numero_dependen_adulto',NULL),(294,'Información adicional que usted cree que pueda ser importante o útil',42,7,6,'Información adicional','informacion_adicional_adulto',NULL),(295,'Nombre cliente(s)',1,8,6,'Nombre cliente(s)','nombre_clientes',NULL),(296,'Nombre psicoterapeuta/consejero(a)',2,8,1,'Nombre psicoterapeuta/consejero','nombre_psicoterapeuta',NULL),(297,'Fecha de la sesión',3,8,4,'Fecha de la sesión','fecha_sesion',NULL),(298,'Estatus de entrada',4,8,5,'Estatus','estatus_entrada',NULL),(299,'Otro',5,8,1,'Otro','otro_estatus_entrada',NULL),(300,'Parte 1: Información',6,8,0,NULL,NULL,NULL),(301,'¿Cuál es la razón por la que el/la cliente acudió a buscar psicoterapia/consejería en este momento?',7,8,6,'Razón','razon_busca_psicoterapia',NULL),(302,'¿Cómo presenta el cliente su problema? *Rotulación (cómo le llama, cómo lo titula, cómo lo define)',8,8,6,'¿Cómo lo llama?','como_presenta_problema',NULL),(303,'¿Cómo es el estado emocional del cliente?',9,8,6,'¿Cómo es el estado emocional?','como_es_estado_emocional',NULL),(304,'¿A qué factores el cliente atribuye su problema? *Factores Detonantes',10,8,6,'Factores','factores_atribuye',NULL),(305,'¿Cuándo ocurrió este problema por primera vez?',11,8,6,'¿Cuándo ocurrió?','cuando_primera_vez',NULL),(306,'¿Cuál es la historia del problema?',12,8,6,'Historia','historia_problema',NULL),(307,'¿Cómo intentó resolver esta situación anteriormente?',13,8,6,'¿Cómo?','como_intento_resolver',NULL),(308,'¿Qué le funcionó?',14,8,6,'¿Qué le funcionó?','que_funciono',NULL),(309,'¿Qué no le funcionó?',15,8,6,'¿Qué no le funcionó?','que_no_funciono',NULL),(310,'¿En qué circunstancias tiende a ocurrir el problema?',16,8,6,'¿En que circunstancias?','que_circunstancias_ocurre',NULL),(311,'¿Cuáles son las principales características del problema?',17,8,6,'¿Cuáles?','cuales_principales_caracteristicas',NULL),(312,'¿Qué aspectos personales condujeron al cliente a esta situación?',18,8,6,'¿Qué aspectos?','que_aspectos_personales',NULL),(313,'¿Se muestra vulnerable? *A nivel afectivo/cognitivo/conductual',19,8,6,'¿Se muestra vulnerable?','muestra_vulnerable',NULL),(314,'¿Qué beneficios puede obtener el cliente de su situación actual?',20,8,6,'¿Qué beneficios?','beneficios_situacion_actual',NULL),(315,'¿Cuáles son los factores que mantienen el problema? *Factores de mantenimiento',21,8,6,'¿Cuáles factores?','factores_mantienen_problema',NULL),(316,'¿Cuáles son las cogniciones, emociones y conductas relacionadas al problema (principales síntomas)? *DSM-V',22,8,6,'¿Cuáles?','emociones_relacionadas_problema',NULL),(317,'Nivel de gravedad de los síntomas (según cliente)',23,8,5,'Gravedad (según cliente)','nivel_gravedad_cliente',NULL),(318,'Cronicidad de los síntomas (según cliente)',24,8,5,'Conicidad (según cliente)','cronicidad_sintomas_cliente',NULL),(319,'Malestar subjetivo *Cómo expresa el cliente su malestar (sentimientos de enojo, tristeza, frustración, culpabilidad, etcétera)',25,8,6,'Malestar','malestar_subjetivo',NULL),(320,'Complejidad de la situación (según terapeuta/consejero(a))',26,8,8,NULL,NULL,NULL),(321,'Elementos involucrados',27,8,6,'Elementos involucrados','elementos_involucrados',NULL),(322,'Tipo de red de apoyo',29,8,5,'Tipo de red','tipo_red_apoyo',NULL),(323,'Personas que la componen',30,8,6,'Personas que componen','personas_componen_red',NULL),(324,'Estado de cambio en que actualmente se encuentra el cliente *Etapa en la que se encuentra el cliente, con relación al cambio que necesita lograr a través del proceso psicoterapéutico/de consejería',31,8,5,'Estado de cambio','estado_cambio',NULL),(325,'Nivel de motivación para el cambio',32,8,5,'Nivel de motivación','nivel_motivacion',NULL),(326,'Nivel de resistencia *Qué tanto se resiste a cambiar',33,8,5,'Nivel de resistencia','nivel_resistencia',NULL),(327,'Nivel de reactancia *Qué tan receptivo se muestra a la influencia del terapeuta/consejero(a)',34,8,5,'Nivel reactancia','nivel_reactancia',NULL),(328,'Estresores actuales',35,8,6,'Estresores','estresores_actuales',NULL),(329,'SOEP (Subjetivo/Objetivo/Evaluación/Plan)',36,8,0,NULL,NULL,NULL),(330,'SUBJETIVO *Impresión del terapeuta/consejero(a) acerca del cliente y la sesión',37,8,8,NULL,NULL,NULL),(331,'Alianza terapéutica',38,8,6,'Alianza terapéutica','alianza_terapeutica',NULL),(332,'Estado de ánimo',39,8,6,'Estado de Ánimo','estado_animo',NULL),(333,'Nivel de funcionamiento',40,8,6,'Nivel de funcionamiento:','nivel_funcionamiento',NULL),(334,'Progresos del cliente',41,8,6,'Progresos del cliente','progresos_cliente',NULL),(335,'Transferencia',42,8,6,'Transferencia','transferencia',NULL),(336,'Contratransferencia',43,8,6,'Contratransferencia','contratransferencia',NULL),(337,'OBJETIVO *Contenido concreto tratado en la sesión',44,8,8,NULL,NULL,NULL),(338,'Temas tratados',45,8,6,'Temas tratados','temas_tratados',NULL),(339,'Experiencias relevantes',46,8,6,'Experiencias relevantes','experiencias_relevantes',NULL),(340,'Cambios concretos del cliente',47,8,6,'Cambios concretos del cliente','cambios_concretos_cliente',NULL),(341,'Otras observaciones',48,8,6,'Otras observaciones','otras_observaciones',NULL),(342,'¿Qué eventos o factores impulsaron al cliente a llamar a CIPA para hacer la cita en este momento?',49,8,6,'¿Qué eventos?','eventos_impulsaron_cipa',NULL),(343,'¿Quién le refirió a CIPA?',50,8,1,'¿Quién?','quien_refirio_cipa',NULL),(344,'¿Qué espera de la psicoterapia/consejería? *Expectativas',51,8,6,'Expectativas','espera_psicoterapia',NULL),(345,'Historia médica relevante',52,8,6,'Historia médica','historia_medica_relevante',NULL),(346,'Historia legal (demandas legales, actuales o pasadas)',53,8,5,'Sí/No','si_no_historia_legal',NULL),(347,'Descripción',54,8,6,'Descripción','descripción_historia_legal',NULL),(348,'EVALUACIÓN',55,8,8,NULL,NULL,NULL),(349,'Resumen del pensamiento clínico del terapeuta/consejero acerca del problemay la situación del cliente (interpretación y síntesis de OBJETIVO y SUBJETIVO y consideración de criterios DSM-V)',56,8,6,'Resumen','evaluacion_resumen_pensamiento',NULL),(350,'PLAN *Plan de Acción y Pronóstico',57,8,8,NULL,NULL,NULL),(351,'-Plan de Acción',58,8,8,NULL,NULL,NULL),(352,'Modalidad del servicio que necesita',59,8,5,'Modalidad','modalidad_servicio_necesita',NULL),(353,'Necesidad de evaluaciones adicionales(por ejemplo: evaluación psicológica, psicoeducativa, psiquiátrica, neurológica, médica, etcétera)',60,8,5,'Sí/No','si_no_necesidad_evaluaciones',NULL),(354,'Evaluaciones requeridas',61,8,6,'Evaluaciones','evaluaciones_requeridas',NULL),(355,'Objetivos terapéuticos planteados por referencia externa',63,8,8,NULL,NULL,NULL),(356,'Persona que refiere',64,8,1,'Persona','persona_refiere_externa',NULL),(357,'Objetivo terapéutico',65,8,1,'Objetivo','objetivo_terapeutico_externo',NULL),(358,'-Pronóstico',66,8,8,NULL,NULL,NULL),(359,'Características de pronóstico',67,8,5,'Características','caracteristicas_pronostico',NULL),(360,'Razón del pronóstico',68,8,6,'Razón','razon_pronostico',NULL),(361,'Nombre cliente(s)',1,9,6,'Nombre(s)','nombre_clientes',NULL),(362,'Nombre psicoterapeuta/consejero(a)',2,9,6,'Nombre','nombre_psicoterapeuta',NULL),(363,'Fecha de la sesión',3,9,4,'Fecha','fecha_sesion',NULL),(364,'Sesión No',4,9,2,'Número de sesión','numero_sesion',NULL),(365,'Motivo de consulta',5,9,6,'Motivo','motivo_consulta',NULL),(366,'SUBJETIVO *Impresión del terapeuta/consejero(a) acerca del cliente y la sesión',6,9,8,NULL,NULL,NULL),(367,'Alianza terapéutica',7,9,6,'Alianza terapéutica','alianza_terapeutica',NULL),(368,'Estado de ánimo',8,9,6,'Estado de ánimo','estado_animo',NULL),(369,'Nivel de funcionamiento',9,9,6,'Nivel de funcionamiento','nivel_funcionamiento',NULL),(370,'Progresos del cliente',10,9,6,'Progresos del cliente','progresos_cliente',NULL),(371,'Transferencia',11,9,6,'Transferencia','transferencia',NULL),(372,'OBJETIVO *Contenido concreto tratado en la sesión',12,9,8,NULL,NULL,NULL),(373,'Temas tratados',13,9,6,'Temas tratados','temas_tratados',NULL),(374,'Experiencias relevantes',14,9,6,'Experiencias relevantes','experiencias_relevantes',NULL),(375,'Cambios concretos del cliente',15,9,6,'Cambios concretos del cliente','cambios_concretos_cliente',NULL),(376,'Otras observaciones',16,9,6,'Otras observaciones','otras_observaciones_objetivo',NULL),(377,'EVALUACIÓN',17,9,8,NULL,NULL,NULL),(378,'Resumen del pensamiento clínico del terapeuta/consejero acerca del problema y la situación del cliente (interpretación y síntesis de OBJETIVO y SUBJETIVO y consideración de criterios DSM-V)',18,9,6,'Resumen','resumen_pensamiento_clinico',NULL),(379,'PLAN *Plan de Acción y Pronóstico',19,9,8,NULL,NULL,NULL),(380,'-Plan de Acción (evolución de los objetivos acordados)',20,9,6,'Plan de acción','plan_accion',NULL),(381,'-Pronóstico',21,9,5,'Características pronóstico','caracteristicas_pronostico',NULL),(382,'Razón del pronóstico',22,9,6,'Razón del pronostico','razon_pronostico',NULL),(383,'Observaciones',23,9,6,'Observaciones','observaciones_pronostico',NULL),(384,'Registro de mis emociones *Del profesional en formación',24,9,6,'Registro de emociones','registro_emociones',NULL),(385,'Notas de supervisión del caso',25,9,6,'Notas de supervisión','notas_supervision',NULL),(386,'Nombre del/la profesional en formación que le brindó el/los servicio(s)',1,12,1,'Nombre','nombre_profesional',NULL),(387,'Por favor indique qué servicio(s) clínicos recibió en CIPA',2,12,5,'Servicios','servicios_recibidos',NULL),(388,'Otro',3,12,1,'Otro','otro_servicio',NULL),(389,'Si no quedó completamente satisfecho(a) por favor indíquenos en qué podemos mejorar',5,12,6,'Indicar en qué se puede mejorar','que_mejorar',NULL),(390,'DATOS DE QUIEN RESPONDE LA ENCUESTA',6,12,0,NULL,NULL,NULL),(391,'Género',7,12,5,'Género','genero_responde',NULL),(392,'Rango de edad',8,12,5,'Rango de edad','rango_edad_responde',NULL),(393,'¿Quién fue el/la profesional en formación que le brindó el/los servicios?',9,12,5,'Tipo de profesional','profesional_responde',NULL),(394,'Si a usted le interesa discutir sus opiniones con más detalle por favor escriba su número telefónico y las horas en que podemos llamarle.',10,12,8,NULL,NULL,NULL),(395,'Nombre',11,12,1,'Nombre','nombre_interesado',NULL),(396,'Teléfono(s)',12,12,1,'Teléfono(s)','telefono_interesado',NULL),(397,'Hora(s) para llamar',13,12,1,'Hora(s)','hora_interesado',NULL),(398,'Cantidad acordada con el/la cliente por el paquete de evaluación (Q)',1,13,1,'Cantidad acordada','cantidad_acordada_evaluacion',NULL),(399,'Cantidad acordada por sesión (Q)',2,13,1,'Cantidad acordada','cantidad_acordada_sesion',NULL),(400,'Donativo de Entrevista Inicial',3,13,8,NULL,NULL,NULL),(401,'Realizado',4,13,5,'Sí/No','si_no_donativo',NULL),(402,'Q',5,13,1,'Donativo','donativo_realizado',NULL),(403,'Nombre del/la profesional en formación que le brindó el/los servicio(s)',1,14,1,'Nombre','nombre_profesional',NULL),(404,'Por favor indique qué servicio(s) psicoeducativo(s) recibió en CIPA',2,14,5,'Servicio','servicios_recibio_cipa',NULL),(405,'Otro',3,14,1,'Otro','otro_servicio',NULL),(406,'Si no quedó completamente satisfecho(a) por favor indíquenos en qué podemos mejorar',5,14,6,'¿Qué se puede mejorar?','que_mejorar',NULL),(407,'DATOS DE QUIEN RESPONDE LA ENCUESTA',6,14,0,NULL,NULL,NULL),(408,'Género',7,14,5,'Género','genero_responde',NULL),(409,'Rango de edad',8,14,5,'Rango de edad','rango_edad_responde',NULL),(410,'Si a usted le interesa discutir sus opiniones con más detalle, por favor escriba su número telefónico y las horas en que podemos llamarle',9,14,8,NULL,NULL,NULL),(411,'Nombre',10,14,1,'Nombre','nombre_interesado',NULL),(412,'Teléfono(s)',11,14,1,'Teléfono(s)','telefono_interesado',NULL),(413,'Hora(s) para llamar',12,14,6,'Horas','horas_interesado',NULL),(414,'Nombre de Psicoterapeuta/Consejero/a',1,11,1,'Nombre','nombre_psicoterapeuta',NULL),(415,'Nombre del/la niño/a',2,11,1,'Nombre','nombre_ninio',NULL),(416,'Fecha',3,11,4,'Fecha','fecha',NULL),(417,'Sesión No',4,11,2,'Número de Sesión','numero_sesion',NULL),(418,'Motivo de consulta',5,11,6,'Motivo','motivo_consulta',NULL),(419,'Teoría aplicada',6,11,6,'Teoría','teoria_aplicada',NULL),(420,'Intervención específica (si la hubo)',7,11,6,'Intervencion','intervencion_especifica',NULL),(421,'Supervisor/a',8,11,1,'Supervisor','supervisor',NULL),(422,'I. SUBJETIVO',9,11,8,NULL,NULL,NULL),(426,'Seleccionar los sentimientos que el niño expresó directamente o a través de un juguete',10,11,10,NULL,NULL,NULL),(427,'FELIZ',11,11,11,'Seleccione de la lista (barra espaciadora para ver la lista completa)','subjetivo_feliz',NULL),(428,'CONFIADO',12,11,11,'Seleccione de la lista (barra espaciadora para ver la lista completa)','subjetivo_confiado',NULL),(429,'TRISTE',13,11,11,'Seleccione de la lista (barra espaciadora para ver la lista completa)','subjetivo_triste',NULL),(430,'VACILANTE',14,11,11,'Seleccione de la lista (barra espaciadora para ver la lista completa)','subjetivo_vacilante',NULL),(431,'ENOJADO',15,11,11,'Seleccione de la lista (barra espaciadora para ver la lista completa)','subjetivo_enojado',NULL),(432,'CURIOSO',16,11,11,'Seleccione de la lista (barra espaciadora para ver la lista completa)','subjetivo_curioso',NULL),(433,'MIEDOSO',17,11,11,'Seleccione de la lista (barra espaciadora para ver la lista completa)','subjetivo_miedoso',NULL),(434,'SUPERFICIAL',18,11,11,'Seleccione de la lista (barra espaciadora para ver la lista completa)','subjetivo_superficial',NULL),(435,'II. OBJETIVO',19,11,8,NULL,NULL,NULL),(436,'A. JUGUETES/CONDUCTA DE JUEGO: Seleccionar los juguetes que se usaron',20,11,11,'Seleccione de la lista (barra espaciadora para ver la lista completa)','objetivo_juguetes',NULL),(437,'Descripción breve del juego',21,11,6,' ','objetivo_descripcion',NULL),(438,'B. VERBALIZACIONES SIGNIFICATIVAS: Indicar con N las iniciadas por el niño y con T las iniciadas por el psicoterapeuta',22,11,6,' ','objetivo_verbalizacion',NULL),(439,'C. ESTABLECIMIENTO DE LÍMITES: Escribir el límite acordado a un lado del motivo (ejemplo: Tiró arena en el piso). Indicar el número de veces que se necesitó establecer el límite. Si fue necesario establecer una consecuencia o ultimátum en respuesta a no seguir un límite, describir cuál fue el proceso',23,11,6,' ','objetivo_limites',NULL),(440,'Motivo del límite',24,11,11,'Seleccione de la lista (barra espaciadora para ver la lista completa)','motivo_del_límite',NULL),(441,'III. EVALUACIÓN',25,11,8,NULL,NULL,NULL),(442,'A. DINÁMICAS DE LA SESIÓN: Califica el comportamiento global del niño',26,11,10,NULL,NULL,NULL),(443,'Nivel de actividad del niño (baja = 1, alta = 10)',27,11,5,' ','dinamica_actividad',NULL),(444,'Intensidad de juego (baja = 1, alta = 10)',28,11,5,' ','dinamica_intensidad',NULL),(445,'Inclusión del terapeuta (baja = 1, alta = 10)',29,11,5,' ','dinamica_inclusion',NULL),(446,'Destructivo = 1, Constructivo = 10',30,11,5,' ','dinamica_constructivo',NULL),(447,'Sucio/caotico/desordenado = 1, Nítido = 10',31,11,5,' ','dinamica_nitido',NULL),(448,'B. TEMAS DE JUEGO: Indicar los temas que aplican. Describir de qué manera se desarrolló el juego',32,11,10,NULL,NULL,NULL),(449,'1- (no es un tema de juego en sí, si no la manera en que el niño se adapta/familiariza al cuarto de juego)',33,11,11,'Seleccione de la lista (barra espaciadora para ver la lista completa)','juego_exploratorio_lista',NULL),(450,'Describa',34,11,6,' ','juego_exploratorio',NULL),(451,'2-',35,11,11,'Seleccione de la lista (barra espaciadora para ver la lista completa)','juego_relacional_lista',NULL),(452,'Describa',36,11,6,' ','juego_relacional',NULL),(453,'3-',37,11,11,'Seleccione de la lista (barra espaciadora para ver la lista completa)','juego_poder_lista',NULL),(454,'Describa',38,11,6,' ','juego_poder',NULL),(455,'4-',39,11,11,'Seleccione de la lista (barra espaciadora para ver la lista completa)','juego_inadecuado_lista',NULL),(456,'Describa',40,11,6,' ','juego_inadecuado',NULL),(457,'5-',41,11,11,'Seleccione de la lista (barra espaciadora para ver la lista completa)','juego_agresion_lista',NULL),(458,'Describa',42,11,6,' ','juego_agresion',NULL),(459,'6-',43,11,11,'Seleccione de la lista (barra espaciadora para ver la lista completa)','juego_seguridad_lista',NULL),(460,'Describa',44,11,6,' ','juego_seguridad',NULL),(461,'7-',45,11,11,'Seleccione de la lista (barra espaciadora para ver la lista completa)','juego_dominio_lista',NULL),(462,'Describa',46,11,6,' ','juego_dominio',NULL),(463,'8-',47,11,11,'Seleccione de la lista (barra espaciadora para ver la lista completa)','juego_cuidado_lista',NULL),(464,'Describa',48,11,6,' ','juego_cuidado',NULL),(465,'9-',49,11,11,'Seleccione de la lista (barra espaciadora para ver la lista completa)','juego_muerte_lista',NULL),(466,'Describa',50,11,6,' ','juego_muerte',NULL),(467,'10- Juego Sexualizado',51,11,6,' ','juego_juego',NULL),(468,'11- Otro',52,11,6,' ','juego_otro',NULL),(469,'C. EL AFECTO Y COMPORTAMIENTO DEL NIÑÓ EN GENERAL FUE:',53,11,10,NULL,NULL,NULL),(470,'Triste/deprimido/enojado/miedoso = 1, Contento/satisfecho (Afecto apropiado) = 10',54,11,5,' ','evaluacion_comportamiento_1',NULL),(471,'Ansioso/inseguro = 1, Seguro/confiado = 10',55,11,5,' ','evaluacion_comportamiento_2',NULL),(472,'Dependiente/CLINGY/necesitado = 1, Autónomo/independiente = 10',56,11,5,' ','evaluacion_comportamiento_3',NULL),(473,'Inmaduro/regresión/Muy maduro = 1, Apropiado a su edad = 10',57,11,5,' ','evaluacion_comportamiento_4',NULL),(474,'Baja tolerancia a la frustración = 1, Alta tolerancia a la frustración = 10',58,11,5,' ','evaluacion_comportamiento_5',NULL),(475,'Locus de control externo = 1, Locus de control interno (Auto-controlado) = 10 ',59,11,5,' ','evaluacion_comportamiento_6',NULL),(476,'Impulsivo/se distrae confacilidad = 1, Enfocado/ con un propósito = 10',60,11,5,' ','evaluacion_comportamiento_7',NULL),(477,'Inhibido/tenso = 1, Creativo/expresivo/espontáneo = 10',61,11,5,' ','evaluacion_comportamiento_8',NULL),(478,'Aislado/desapegado = 1, Conectado/sentido de pertenencia = 10',62,11,5,' ','evaluacion_comportamiento_9',NULL),(479,'D. CONCEPTUALIZACIÓN DEL CLIENTE Y PROGRESO BASADO EN LA ORIENTACIÓN TEÓRICA DEL TERAPEUTA',63,11,6,' ','evaluacion_conceptualizacion',NULL),(480,'PLAN/RECOMENDACIONES',64,11,11,'Seleccione de la lista (barra espaciadora para ver la lista completa)','evaluacion_plan',NULL),(481,'Nombre de Psicoterapeuta/Consejero(a)',1,10,1,'Nombre','nombre_psicoterapeuta',NULL),(482,'Fecha de llamada telefónica',2,10,4,'Fecha','fecha_llamada',NULL),(483,'Número de sesiones',3,10,2,'Número de Sesiones','numero_sesiones',NULL),(484,'Fecha de sesión inicial',4,10,4,'Fecha','fecha_inicial',NULL),(485,'Servicio',5,10,5,'Tipo de Servicio','tipo_servicio',NULL),(486,'Motivo de consulta (General)',6,10,6,' ','motivo_consulta',NULL),(487,'DATOS DEL/LA CLIENTE',7,10,8,NULL,NULL,NULL),(488,'Nombres y apellidos',8,10,1,' ','datos_cliente_1',NULL),(489,'Fecha de nacimiento',9,10,4,' ','datos_cliente_2',NULL),(490,'Sexo',10,10,1,' ','datos_cliente_3',NULL),(491,'Edad',11,10,2,' ','datos_cliente_4',NULL),(492,'Estado Civil',12,10,1,'','datos_cliente_5',NULL),(493,'Vive con',13,10,6,' ','datos_cliente_6',NULL),(494,'Dirección y teléfono de casa',14,10,6,' ','datos_cliente_7',NULL),(495,'Dirección y teléfono de oficina',15,10,6,' ','datos_cliente_8',NULL),(496,'Nivel educativo',16,10,1,'','datos_cliente_9',NULL),(497,'Institución',17,10,1,' ','datos_cliente_10',NULL),(498,'Ocupación actual',18,10,1,' ','datos_cliente_11',NULL),(499,'Ocupaciones anteriores',19,10,6,' ','datos_cliente_12',NULL),(500,'Nivel socioeconómico',20,10,1,' ','datos_cliente_13',NULL),(501,'Grupo étnico',21,10,1,' ','datos_cliente_14',NULL),(502,'Religión/Espiritualidad',22,10,1,' ','datos_cliente_15',NULL),(503,'Informante',23,10,1,' ','datos_cliente_16',NULL),(504,'Terapias previas',24,10,6,' ','datos_cliente_17',NULL),(505,'Otro (especifique)',25,10,6,' ','datos_cliente_18',NULL),(506,'DATOS FAMILIARES',26,10,8,NULL,NULL,NULL),(507,'Padre',27,10,10,NULL,NULL,NULL),(508,'Nombre',28,10,1,' ','datos_padre_1',NULL),(509,'Edad',29,10,2,' ','datos_padre_2',NULL),(510,'Estado civil',30,10,1,' ','datos_padre_3',NULL),(511,'Nivel educativo',31,10,1,' ','datos_padre_4',NULL),(512,'Dirección y teléfono de casa',32,10,6,' ','datos_padre_5',NULL),(513,'Dirección y teléfono de oficina',33,10,6,' ','datos_padre_6',NULL),(514,'Ocupación actual',34,10,1,' ','datos_padre_7',NULL),(515,'Nivel socioeconómico',35,10,1,' ','datos_padre_8',NULL),(516,'Grupo étnico',36,10,1,' ','datos_padre_9',NULL),(517,'Religión/Espiritualidad',37,10,1,' ','datos_padre_10',NULL),(518,'Madre',38,10,10,' ',NULL,NULL),(519,'Nombre',39,10,1,' ','datos_madre_1',NULL),(520,'Edad',40,10,2,' ','datos_madre_2',NULL),(521,'Estado civil',41,10,1,' ','datos_madre_3',NULL),(522,'Nivel educativo',42,10,1,' ','datos_madre_4',NULL),(523,'Dirección y teléfono de casa',43,10,6,' ','datos_madre_5',NULL),(524,'Dirección y teléfono de oficina',44,10,6,' ','datos_madre_6',NULL),(525,'Ocupación actual',45,10,1,' ','datos_madre_7',NULL),(526,'Nivel socioeconómico',46,10,1,' ','datos_madre_8',NULL),(527,'Grupo étnico',47,10,1,' ','datos_madre_9',NULL),(528,'Religión/Espiritualidad',48,10,1,' ','datos_madre_10',NULL),(529,'Pareja/Esposo(a)',49,10,10,' ',NULL,NULL),(530,'Nombre',50,10,1,' ','datos_madre_1',NULL),(531,'Edad',51,10,2,' ','datos_madre_2',NULL),(532,'Estado civil',52,10,1,' ','datos_madre_3',NULL),(533,'Nivel educativo',53,10,1,' ','datos_madre_4',NULL),(534,'Dirección y teléfono de casa',54,10,6,' ','datos_madre_5',NULL),(535,'Dirección y teléfono de oficina',55,10,6,' ','datos_madre_6',NULL),(536,'Ocupación actual',56,10,1,' ','datos_madre_7',NULL),(537,'Nivel socioeconómico',57,10,1,' ','datos_madre_8',NULL),(538,'Grupo étnico',58,10,1,' ','datos_madre_9',NULL),(539,'Religión/Espiritualidad',59,10,1,' ','datos_madre_10',NULL),(540,'Observaciones (datos y situación familiar)',62,10,6,' ','familia_observaciones',NULL),(541,'GENOGRAMA (información básica y grafica)',63,10,12,'Suba una imagen de Genograma','genograma_image',NULL),(542,'MOTIVO DE CONSULTA (Basado en el proceso terapéutico)',64,10,8,NULL,NULL,NULL),(543,'Motivo',65,10,5,'Motivo','motivo_consulta_terapeutico',NULL),(544,'Tipo de malestar',66,10,5,'Tipo','tipo_malestar',NULL),(545,'Describa',67,10,6,' ','describa_malestar',NULL),(546,'Núcleo de la demanda',68,10,0,NULL,NULL,NULL),(547,'¿Quién demanda?',69,10,1,'¿Quién?','quien_demanda',NULL),(548,'¿Qué demanda?',70,10,6,'','que_demanda',NULL),(549,'¿Por qué piensa que esto sucede?',71,10,6,' ','por_que_piensa',NULL),(550,'¿Qué lo originó?',72,10,6,' ','que_origina',NULL),(551,'¿Qué lo sostiene?',73,10,6,' ','que_sostiene',NULL),(552,'Áreas disfuncionales',74,10,8,NULL,NULL,NULL),(553,'Salud Física',75,10,6,' ','disfuncional_fisica',NULL),(554,'Psicológica (emocional, cognitiva, conductual)',76,10,6,' ','disfuncional_psicologica',NULL),(555,'Académica',77,10,6,' ','disfuncional_academica',NULL),(556,'Laboral',78,10,6,' ','disfuncional_laboral',NULL),(557,'Familiar',79,10,6,' ','disfuncional_familiar',NULL),(558,'Social',80,10,6,' ','disfuncional_social',NULL),(559,'Otra',81,10,6,' ','disfuncional_otra',NULL),(560,'Evolución de la demanda',82,10,6,' ','evolucion_demanda',NULL),(561,'Rotulación',83,10,6,' ','rotulacion',NULL),(562,'Atribución',84,10,6,' ','atribucion',NULL),(563,'Búsqueda',85,10,6,' ','busqueda',NULL),(564,'Severidad',86,10,6,' ','severidad',NULL),(565,'Cronicidad',87,10,6,' ','cronicidad',NULL),(566,'Grado de urgencia',88,10,6,' ','urgencia',NULL),(567,'Red de apoyo',89,10,6,' ','apoyo',NULL),(568,'Expectativas: (altas o bajas y una frase que aclare)',90,10,6,' ','expectativas',NULL),(569,'Motivación para el cambio',91,10,6,' ','motivacion',NULL),(570,'Factores de vulnerabilidad',92,10,6,' ','vulnerabilidad',NULL),(571,'Factores desencadenantes',93,10,6,' ','desencadenantes',NULL),(572,'Factores de mantenimiento',94,10,6,' ','mantenimiento',NULL),(573,'Factores protectores',95,10,6,' ','protectores',NULL),(574,'Creencias',96,10,6,' ','creencias',NULL),(575,'Temas',97,10,6,' ','temas',NULL),(576,'Acontecimientos vitales significativos',98,10,6,' ','acontecimientos',NULL),(577,'Particularidades respecto a',99,10,8,' ','',NULL),(578,'Aspecto físico',100,10,6,' ','aspecto_fisico',NULL),(579,'Comunicación',101,10,6,' ','comunicacon',NULL),(580,'Datos significativos',102,10,6,' ','significativos',NULL),(581,'Actitud frente al entrevistador',103,10,6,' ','actitud_entrevistador',NULL),(582,'Objetivos',104,10,8,NULL,NULL,NULL),(583,'1.',105,10,6,' ','objetivo_1',NULL),(584,'2.',106,10,6,' ','objetivo_2',NULL),(585,'3.',107,10,6,' ','objetivo_3',NULL),(586,'Estrategias: (ejemplo)',108,10,8,NULL,NULL,NULL),(587,'1.',109,10,6,' ','estrategia_1',NULL),(588,'2.',110,10,6,' ','estrategia_2',NULL),(589,'3.',111,10,6,' ','estrategia_3',NULL),(590,'4.',112,10,6,' ','estrategia_4',NULL),(591,'5.',113,10,6,' ','estrategia_5',NULL);
/*!40000 ALTER TABLE `field` ENABLE KEYS */;
UNLOCK TABLES;

--
-- Table structure for table `form`
--

DROP TABLE IF EXISTS `form`;
/*!40101 SET @saved_cs_client     = @@character_set_client */;
/*!40101 SET character_set_client = utf8 */;
CREATE TABLE `form` (
  `id_form` int(11) NOT NULL AUTO_INCREMENT,
  `record_id_record` int(11) NOT NULL,
  `form_type_id_form_type` int(11) NOT NULL,
  PRIMARY KEY (`id_form`),
  KEY `fk_form_record1_idx` (`record_id_record`),
  KEY `fk_form_form_type1_idx` (`form_type_id_form_type`),
  CONSTRAINT `fk_form_form_type1` FOREIGN KEY (`form_type_id_form_type`) REFERENCES `form_type` (`id_form_type`) ON DELETE NO ACTION ON UPDATE NO ACTION,
  CONSTRAINT `fk_form_record1` FOREIGN KEY (`record_id_record`) REFERENCES `record` (`id_record`) ON DELETE NO ACTION ON UPDATE NO ACTION
) ENGINE=InnoDB AUTO_INCREMENT=90 DEFAULT CHARSET=utf8;
/*!40101 SET character_set_client = @saved_cs_client */;

--
-- Dumping data for table `form`
--

LOCK TABLES `form` WRITE;
/*!40000 ALTER TABLE `form` DISABLE KEYS */;
INSERT INTO `form` VALUES (6,9,1),(7,10,1),(8,9,3),(9,10,3),(10,10,5),(11,11,1),(12,11,3),(13,11,5),(14,11,5),(15,12,1),(16,12,3),(17,12,5),(18,13,1),(19,13,3),(20,10,6),(21,11,6),(22,12,6),(23,12,6),(24,12,6),(25,12,6),(26,12,6),(27,12,6),(28,12,6),(29,12,6),(30,12,6),(31,12,6),(32,12,6),(33,12,6),(34,12,6),(35,12,6),(36,12,6),(37,9,6),(38,13,5),(39,13,6),(40,13,6),(41,13,6),(42,13,6),(43,13,6),(44,13,6),(45,13,6),(46,13,6),(47,13,6),(48,13,6),(49,13,6),(50,13,6),(51,13,6),(52,13,6),(53,14,1),(54,15,1),(55,15,2),(56,15,2),(57,15,6),(58,16,1),(59,17,1),(64,18,1),(65,17,3),(66,17,3),(67,18,3),(68,19,1),(69,20,1),(70,21,1),(71,22,1),(72,20,9),(73,23,1),(74,20,3),(75,20,9),(76,20,9),(79,14,10),(80,14,10),(81,17,4),(83,25,1),(84,25,5),(85,26,1),(86,26,5),(87,19,3),(88,19,4),(89,19,11);
/*!40000 ALTER TABLE `form` ENABLE KEYS */;
UNLOCK TABLES;

--
-- Table structure for table `form_has_field`
--

DROP TABLE IF EXISTS `form_has_field`;
/*!40101 SET @saved_cs_client     = @@character_set_client */;
/*!40101 SET character_set_client = utf8 */;
CREATE TABLE `form_has_field` (
  `id_form_has_field` int(11) NOT NULL AUTO_INCREMENT,
  `form_id_form` int(11) NOT NULL,
  `field_id_field` int(11) NOT NULL,
  `text_answer` text,
  `int_answer` int(11) DEFAULT NULL,
  `date_answer` date DEFAULT NULL,
  `bool_answer` tinyint(1) DEFAULT NULL,
  PRIMARY KEY (`id_form_has_field`),
  KEY `fk_form_has_field_form1_idx` (`form_id_form`),
  KEY `fk_form_has_field_field1_idx` (`field_id_field`),
  CONSTRAINT `fk_form_has_field_field1` FOREIGN KEY (`field_id_field`) REFERENCES `field` (`id_field`) ON DELETE NO ACTION ON UPDATE NO ACTION,
  CONSTRAINT `fk_form_has_field_form1` FOREIGN KEY (`form_id_form`) REFERENCES `form` (`id_form`) ON DELETE NO ACTION ON UPDATE NO ACTION
) ENGINE=InnoDB AUTO_INCREMENT=2572 DEFAULT CHARSET=utf8;
/*!40101 SET character_set_client = @saved_cs_client */;

--
-- Dumping data for table `form_has_field`
--

LOCK TABLES `form_has_field` WRITE;
/*!40000 ALTER TABLE `form_has_field` DISABLE KEYS */;
INSERT INTO `form_has_field` VALUES (954,7,1,NULL,NULL,'2016-09-12',NULL),(955,7,2,'Makoto Hidaka',NULL,NULL,NULL),(956,7,3,'Hermano',NULL,NULL,NULL),(957,7,4,'Kouta Tsuchiya',NULL,NULL,NULL),(958,7,5,NULL,18,NULL,NULL),(959,7,6,'calle lote zona',NULL,NULL,NULL),(960,7,7,'Padres',NULL,NULL,NULL),(961,7,8,'4552245',NULL,NULL,NULL),(962,7,9,'22214654',NULL,NULL,NULL),(963,7,10,'algo@algo.com',NULL,NULL,NULL),(964,7,11,'por ahí',NULL,NULL,NULL),(965,7,12,'5:00 9:00',NULL,NULL,NULL),(966,7,13,'razones',NULL,NULL,NULL),(967,7,36,'Evaluación Psicológica',NULL,NULL,NULL),(968,7,37,'',NULL,NULL,NULL),(969,7,38,NULL,NULL,NULL,NULL),(970,7,39,'8:30',NULL,NULL,NULL),(971,7,40,'masculino',NULL,NULL,NULL),(972,7,41,NULL,NULL,NULL,NULL),(973,7,42,'CEN',NULL,NULL,NULL),(974,7,43,'UVG',NULL,NULL,NULL),(975,7,44,'Persona X',NULL,NULL,NULL),(976,7,45,'No',NULL,NULL,NULL),(977,7,46,'',NULL,NULL,NULL),(978,7,47,'',NULL,NULL,NULL),(979,7,48,'No',NULL,NULL,NULL),(980,7,49,'',NULL,NULL,NULL),(981,7,50,'',NULL,NULL,NULL),(982,7,51,NULL,NULL,NULL,NULL),(983,7,52,'No',NULL,NULL,NULL),(984,7,53,'',NULL,NULL,NULL),(985,7,54,'',NULL,NULL,NULL),(986,7,55,'Padre',NULL,NULL,NULL),(987,7,56,'Alumno Y',NULL,NULL,NULL),(988,7,57,'Últimos comentarios',NULL,NULL,NULL),(989,8,86,'Kouta Tsuchiya',NULL,NULL,NULL),(990,8,87,'100',NULL,NULL,NULL),(991,8,88,'',NULL,NULL,NULL),(992,9,86,'Kouta Tsuchiya',NULL,NULL,NULL),(993,9,87,'100',NULL,NULL,NULL),(994,9,88,'',NULL,NULL,NULL),(995,10,94,NULL,NULL,NULL,NULL),(996,10,95,'asdfasdf',NULL,NULL,NULL),(997,10,96,'asdfasdf',NULL,NULL,NULL),(998,10,97,'asfasdf',NULL,NULL,NULL),(999,10,98,'asdfasdf',NULL,NULL,NULL),(1000,10,99,'asdfasdf',NULL,NULL,NULL),(1001,10,100,'',NULL,NULL,NULL),(1002,10,101,NULL,1,NULL,NULL),(1003,10,102,'asdfasf',NULL,NULL,NULL),(1004,10,103,'asdfasfd',NULL,NULL,NULL),(1005,10,104,'',NULL,NULL,NULL),(1006,10,105,'asdfasdf',NULL,NULL,NULL),(1007,10,106,'asdfasdf',NULL,NULL,NULL),(1008,10,107,'asdfasdf',NULL,NULL,NULL),(1009,10,108,'asdfasdf',NULL,NULL,NULL),(1010,10,109,'asdfasdfasdf',NULL,NULL,NULL),(1011,10,110,NULL,NULL,NULL,NULL),(1012,11,1,NULL,NULL,'2016-09-15',NULL),(1013,11,2,'Neto',NULL,NULL,NULL),(1014,11,3,'Hermano',NULL,NULL,NULL),(1015,11,4,'Kouta Tsuchiya',NULL,NULL,NULL),(1016,11,5,NULL,18,NULL,NULL),(1017,11,6,'calle lote zona',NULL,NULL,NULL),(1018,11,7,'Padres',NULL,NULL,NULL),(1019,11,8,'4552245',NULL,NULL,NULL),(1020,11,9,'22214654',NULL,NULL,NULL),(1021,11,10,'algo@algo.com',NULL,NULL,NULL),(1022,11,11,'por ahí',NULL,NULL,NULL),(1023,11,12,'5:00 9:00',NULL,NULL,NULL),(1024,11,13,'',NULL,NULL,NULL),(1025,11,36,'',NULL,NULL,NULL),(1026,11,37,'',NULL,NULL,NULL),(1027,11,38,NULL,NULL,NULL,NULL),(1028,11,39,'8:30',NULL,NULL,NULL),(1029,11,40,'masculino',NULL,NULL,NULL),(1030,11,41,NULL,NULL,NULL,NULL),(1031,11,42,'',NULL,NULL,NULL),(1032,11,43,'',NULL,NULL,NULL),(1033,11,44,'',NULL,NULL,NULL),(1034,11,45,'',NULL,NULL,NULL),(1035,11,46,'',NULL,NULL,NULL),(1036,11,47,'',NULL,NULL,NULL),(1037,11,48,'',NULL,NULL,NULL),(1038,11,49,'',NULL,NULL,NULL),(1039,11,50,'',NULL,NULL,NULL),(1040,11,51,NULL,NULL,NULL,NULL),(1041,11,52,'',NULL,NULL,NULL),(1042,11,53,'',NULL,NULL,NULL),(1043,11,54,'',NULL,NULL,NULL),(1044,11,55,'',NULL,NULL,NULL),(1045,11,56,'',NULL,NULL,NULL),(1046,11,57,'',NULL,NULL,NULL),(1047,12,86,'Neto',NULL,NULL,NULL),(1048,12,87,'100',NULL,NULL,NULL),(1049,12,88,'',NULL,NULL,NULL),(1050,13,94,NULL,NULL,NULL,NULL),(1051,13,95,'asdfasdfasdfasdfasdf',NULL,NULL,NULL),(1052,13,96,'',NULL,NULL,NULL),(1053,13,97,'',NULL,NULL,NULL),(1054,13,98,'',NULL,NULL,NULL),(1055,13,99,'',NULL,NULL,NULL),(1056,13,100,'',NULL,NULL,NULL),(1057,14,94,NULL,NULL,NULL,NULL),(1058,14,95,'asdfasdfasdfasdfasdf',NULL,NULL,NULL),(1059,14,96,'',NULL,NULL,NULL),(1060,14,97,'',NULL,NULL,NULL),(1061,14,98,'',NULL,NULL,NULL),(1062,14,99,'',NULL,NULL,NULL),(1063,14,100,'',NULL,NULL,NULL),(1064,14,101,NULL,1,NULL,NULL),(1065,14,102,'',NULL,NULL,NULL),(1066,14,103,'',NULL,NULL,NULL),(1067,14,104,'',NULL,NULL,NULL),(1068,14,105,'',NULL,NULL,NULL),(1069,14,106,'',NULL,NULL,NULL),(1070,14,107,'',NULL,NULL,NULL),(1071,14,108,'',NULL,NULL,NULL),(1072,14,109,'',NULL,NULL,NULL),(1073,14,110,NULL,NULL,NULL,NULL),(1074,15,1,NULL,NULL,'2016-09-15',NULL),(1075,15,2,'Otro',NULL,NULL,NULL),(1076,15,3,'',NULL,NULL,NULL),(1077,15,4,'',NULL,NULL,NULL),(1078,15,5,NULL,18,NULL,NULL),(1079,15,6,'',NULL,NULL,NULL),(1080,15,7,'',NULL,NULL,NULL),(1081,15,8,'',NULL,NULL,NULL),(1082,15,9,'',NULL,NULL,NULL),(1083,15,10,'',NULL,NULL,NULL),(1084,15,11,'',NULL,NULL,NULL),(1085,15,12,'',NULL,NULL,NULL),(1086,15,13,'',NULL,NULL,NULL),(1087,15,36,'',NULL,NULL,NULL),(1088,15,37,'',NULL,NULL,NULL),(1089,15,38,NULL,NULL,NULL,NULL),(1090,15,39,'',NULL,NULL,NULL),(1091,15,40,'',NULL,NULL,NULL),(1092,15,41,NULL,NULL,NULL,NULL),(1093,15,42,'',NULL,NULL,NULL),(1094,15,43,'',NULL,NULL,NULL),(1095,15,44,'',NULL,NULL,NULL),(1096,15,45,'',NULL,NULL,NULL),(1097,15,46,'',NULL,NULL,NULL),(1098,15,47,'',NULL,NULL,NULL),(1099,15,48,'',NULL,NULL,NULL),(1100,15,49,'',NULL,NULL,NULL),(1101,15,50,'',NULL,NULL,NULL),(1102,15,51,NULL,NULL,NULL,NULL),(1103,15,52,'',NULL,NULL,NULL),(1104,15,53,'',NULL,NULL,NULL),(1105,15,54,'',NULL,NULL,NULL),(1106,15,55,'',NULL,NULL,NULL),(1107,15,56,'',NULL,NULL,NULL),(1108,15,57,'',NULL,NULL,NULL),(1109,16,86,'Neto',NULL,NULL,NULL),(1110,16,87,'100',NULL,NULL,NULL),(1111,16,88,'',NULL,NULL,NULL),(1112,17,94,NULL,NULL,NULL,NULL),(1113,17,95,'asdfasfd',NULL,NULL,NULL),(1114,17,96,'',NULL,NULL,NULL),(1115,17,97,'',NULL,NULL,NULL),(1116,17,98,'',NULL,NULL,NULL),(1117,17,99,'',NULL,NULL,NULL),(1118,17,100,'',NULL,NULL,NULL),(1119,17,101,NULL,1,NULL,NULL),(1120,17,102,'',NULL,NULL,NULL),(1121,17,103,'',NULL,NULL,NULL),(1122,17,104,'',NULL,NULL,NULL),(1123,17,105,'',NULL,NULL,NULL),(1124,17,106,'',NULL,NULL,NULL),(1125,17,107,'',NULL,NULL,NULL),(1126,17,108,'',NULL,NULL,NULL),(1127,17,109,'',NULL,NULL,NULL),(1128,17,110,NULL,NULL,NULL,NULL),(1129,18,1,NULL,NULL,'2016-09-15',NULL),(1130,18,2,'Bruce Wayne',NULL,NULL,NULL),(1131,18,3,'',NULL,NULL,NULL),(1132,18,4,'',NULL,NULL,NULL),(1133,18,5,NULL,18,NULL,NULL),(1134,18,6,'',NULL,NULL,NULL),(1135,18,7,'',NULL,NULL,NULL),(1136,18,8,'',NULL,NULL,NULL),(1137,18,9,'',NULL,NULL,NULL),(1138,18,10,'',NULL,NULL,NULL),(1139,18,11,'',NULL,NULL,NULL),(1140,18,12,'',NULL,NULL,NULL),(1141,18,13,'',NULL,NULL,NULL),(1142,18,36,'',NULL,NULL,NULL),(1143,18,37,'',NULL,NULL,NULL),(1144,18,38,NULL,NULL,NULL,NULL),(1145,18,39,'8:30',NULL,NULL,NULL),(1146,18,40,'',NULL,NULL,NULL),(1147,18,41,NULL,NULL,NULL,NULL),(1148,18,42,'',NULL,NULL,NULL),(1149,18,43,'',NULL,NULL,NULL),(1150,18,44,'',NULL,NULL,NULL),(1151,18,45,'',NULL,NULL,NULL),(1152,18,46,'',NULL,NULL,NULL),(1153,18,47,'',NULL,NULL,NULL),(1154,18,48,'',NULL,NULL,NULL),(1155,18,49,'',NULL,NULL,NULL),(1156,18,50,'',NULL,NULL,NULL),(1157,18,51,NULL,NULL,NULL,NULL),(1158,18,52,'',NULL,NULL,NULL),(1159,18,53,'',NULL,NULL,NULL),(1160,18,54,'',NULL,NULL,NULL),(1161,18,55,'',NULL,NULL,NULL),(1162,18,56,'',NULL,NULL,NULL),(1163,18,57,'',NULL,NULL,NULL),(1164,19,86,'Neto',NULL,NULL,NULL),(1165,19,87,'100',NULL,NULL,NULL),(1166,19,88,'',NULL,NULL,NULL),(1167,20,256,'85.00',NULL,NULL,NULL),(1168,20,257,NULL,NULL,NULL,NULL),(1169,20,258,'',NULL,NULL,NULL),(1170,20,259,'85.00',NULL,NULL,NULL),(1171,21,256,'48',NULL,NULL,NULL),(1172,21,257,NULL,NULL,NULL,NULL),(1173,21,258,'',NULL,NULL,NULL),(1174,21,259,'48',NULL,NULL,NULL),(1175,22,256,'80',NULL,NULL,NULL),(1176,22,257,NULL,NULL,NULL,NULL),(1177,22,258,'',NULL,NULL,NULL),(1178,22,259,'80',NULL,NULL,NULL),(1179,23,256,NULL,NULL,NULL,NULL),(1180,23,257,NULL,NULL,NULL,NULL),(1181,23,258,'',NULL,NULL,NULL),(1182,23,259,NULL,NULL,NULL,NULL),(1183,24,256,NULL,NULL,NULL,NULL),(1184,24,257,NULL,NULL,NULL,NULL),(1185,24,258,'',NULL,NULL,NULL),(1186,24,259,NULL,NULL,NULL,NULL),(1187,25,256,NULL,NULL,NULL,NULL),(1188,25,257,NULL,NULL,NULL,NULL),(1189,25,258,'',NULL,NULL,NULL),(1190,25,259,NULL,NULL,NULL,NULL),(1191,26,256,NULL,NULL,NULL,NULL),(1192,26,257,NULL,NULL,NULL,NULL),(1193,26,258,'',NULL,NULL,NULL),(1194,26,259,NULL,NULL,NULL,NULL),(1195,27,256,NULL,NULL,NULL,NULL),(1196,27,257,NULL,NULL,NULL,NULL),(1197,27,258,'',NULL,NULL,NULL),(1198,27,259,NULL,NULL,NULL,NULL),(1199,28,256,NULL,NULL,NULL,NULL),(1200,28,257,NULL,NULL,NULL,NULL),(1201,28,258,'',NULL,NULL,NULL),(1202,28,259,NULL,NULL,NULL,NULL),(1203,29,256,NULL,NULL,NULL,NULL),(1204,29,257,NULL,NULL,NULL,NULL),(1205,29,258,'',NULL,NULL,NULL),(1206,29,259,NULL,NULL,NULL,NULL),(1207,30,256,NULL,NULL,NULL,NULL),(1208,30,257,NULL,NULL,NULL,NULL),(1209,30,258,'',NULL,NULL,NULL),(1210,30,259,NULL,NULL,NULL,NULL),(1211,31,256,NULL,NULL,NULL,NULL),(1212,31,257,NULL,NULL,NULL,NULL),(1213,31,258,'',NULL,NULL,NULL),(1214,31,259,NULL,NULL,NULL,NULL),(1215,32,256,NULL,NULL,NULL,NULL),(1216,32,257,NULL,NULL,NULL,NULL),(1217,32,258,'',NULL,NULL,NULL),(1218,32,259,NULL,NULL,NULL,NULL),(1219,33,256,NULL,NULL,NULL,NULL),(1220,33,257,NULL,NULL,NULL,NULL),(1221,33,258,'',NULL,NULL,NULL),(1222,33,259,NULL,NULL,NULL,NULL),(1223,34,256,NULL,NULL,NULL,NULL),(1224,34,257,NULL,NULL,NULL,NULL),(1225,34,258,'',NULL,NULL,NULL),(1226,34,259,NULL,NULL,NULL,NULL),(1227,35,256,NULL,NULL,NULL,NULL),(1228,35,257,NULL,NULL,NULL,NULL),(1229,35,258,'',NULL,NULL,NULL),(1230,35,259,NULL,NULL,NULL,NULL),(1231,36,256,NULL,NULL,NULL,NULL),(1232,36,257,NULL,NULL,NULL,NULL),(1233,36,258,'',NULL,NULL,NULL),(1234,36,259,NULL,NULL,NULL,NULL),(1235,37,256,'80',NULL,NULL,NULL),(1236,37,257,NULL,NULL,NULL,NULL),(1237,37,258,'',NULL,NULL,NULL),(1238,37,259,'80',NULL,NULL,NULL),(1239,38,94,NULL,NULL,NULL,NULL),(1240,38,95,'asdfsasdf',NULL,NULL,NULL),(1241,38,96,'asdfasdf',NULL,NULL,NULL),(1242,38,97,'asdfasdf',NULL,NULL,NULL),(1243,38,98,'',NULL,NULL,NULL),(1244,38,99,'',NULL,NULL,NULL),(1245,38,100,'',NULL,NULL,NULL),(1246,38,101,NULL,1,NULL,NULL),(1247,38,102,'',NULL,NULL,NULL),(1248,38,103,'',NULL,NULL,NULL),(1249,38,104,'',NULL,NULL,NULL),(1250,38,105,'',NULL,NULL,NULL),(1251,38,106,'',NULL,NULL,NULL),(1252,38,107,'',NULL,NULL,NULL),(1253,38,108,'',NULL,NULL,NULL),(1254,38,109,'',NULL,NULL,NULL),(1255,38,110,NULL,NULL,NULL,NULL),(1256,38,111,NULL,NULL,NULL,NULL),(1257,38,112,'',NULL,NULL,NULL),(1258,38,113,'',NULL,NULL,NULL),(1259,38,114,'',NULL,NULL,NULL),(1260,38,115,'',NULL,NULL,NULL),(1261,38,116,'',NULL,NULL,NULL),(1262,38,117,'',NULL,NULL,NULL),(1263,38,118,NULL,NULL,NULL,NULL),(1264,38,119,'',NULL,NULL,NULL),(1265,39,256,'80',NULL,NULL,NULL),(1266,39,257,NULL,NULL,NULL,NULL),(1267,39,258,'',NULL,NULL,NULL),(1268,39,259,'80',NULL,NULL,NULL),(1269,40,256,'80',NULL,NULL,NULL),(1270,40,257,NULL,NULL,NULL,NULL),(1271,40,258,'',NULL,NULL,NULL),(1272,40,259,'80',NULL,NULL,NULL),(1273,41,256,'80',NULL,NULL,NULL),(1274,41,257,NULL,NULL,NULL,NULL),(1275,41,258,'',NULL,NULL,NULL),(1276,41,259,'80',NULL,NULL,NULL),(1277,42,256,'80',NULL,NULL,NULL),(1278,42,257,NULL,NULL,NULL,NULL),(1279,42,258,'',NULL,NULL,NULL),(1280,42,259,'80',NULL,NULL,NULL),(1281,43,256,'80',NULL,NULL,NULL),(1282,43,257,NULL,NULL,NULL,NULL),(1283,43,258,'',NULL,NULL,NULL),(1284,43,259,'80',NULL,NULL,NULL),(1285,44,256,'80',NULL,NULL,NULL),(1286,44,257,NULL,NULL,NULL,NULL),(1287,44,258,'',NULL,NULL,NULL),(1288,44,259,'80',NULL,NULL,NULL),(1289,45,256,'80',NULL,NULL,NULL),(1290,45,257,NULL,NULL,NULL,NULL),(1291,45,258,'',NULL,NULL,NULL),(1292,45,259,'80',NULL,NULL,NULL),(1293,46,256,'80',NULL,NULL,NULL),(1294,46,257,NULL,NULL,NULL,NULL),(1295,46,258,'',NULL,NULL,NULL),(1296,46,259,'80',NULL,NULL,NULL),(1297,47,256,'80',NULL,NULL,NULL),(1298,47,257,NULL,NULL,NULL,NULL),(1299,47,258,'',NULL,NULL,NULL),(1300,47,259,'80',NULL,NULL,NULL),(1301,48,256,'80',NULL,NULL,NULL),(1302,48,257,NULL,NULL,NULL,NULL),(1303,48,258,'',NULL,NULL,NULL),(1304,48,259,'80',NULL,NULL,NULL),(1305,49,256,'80',NULL,NULL,NULL),(1306,49,257,NULL,NULL,NULL,NULL),(1307,49,258,'',NULL,NULL,NULL),(1308,49,259,'80',NULL,NULL,NULL),(1309,50,256,'80',NULL,NULL,NULL),(1310,50,257,NULL,NULL,NULL,NULL),(1311,50,258,'',NULL,NULL,NULL),(1312,50,259,'80',NULL,NULL,NULL),(1313,51,256,'80',NULL,NULL,NULL),(1314,51,257,NULL,NULL,NULL,NULL),(1315,51,258,'',NULL,NULL,NULL),(1316,51,259,'80',NULL,NULL,NULL),(1317,52,256,'80',NULL,NULL,NULL),(1318,52,257,NULL,NULL,NULL,NULL),(1319,52,258,'',NULL,NULL,NULL),(1320,52,259,'80',NULL,NULL,NULL),(1321,53,1,NULL,NULL,'0008-08-08',NULL),(1322,53,2,'',NULL,NULL,NULL),(1323,53,3,'',NULL,NULL,NULL),(1324,53,4,'',NULL,NULL,NULL),(1325,54,1,NULL,NULL,'2016-10-18',NULL),(1326,54,2,'Ernesto Solis',NULL,NULL,NULL),(1327,54,3,'Hermano',NULL,NULL,NULL),(1328,54,4,'Kouta Tsuchiya',NULL,NULL,NULL),(1329,54,5,NULL,11,NULL,NULL),(1330,54,6,'calle lote zona',NULL,NULL,NULL),(1331,54,7,'Padres',NULL,NULL,NULL),(1332,54,8,'4552245',NULL,NULL,NULL),(1333,54,9,'22214654',NULL,NULL,NULL),(1334,54,10,'algo@algo.com',NULL,NULL,NULL),(1335,54,11,'por ahí',NULL,NULL,NULL),(1336,54,12,'5:00 9:00',NULL,NULL,NULL),(1337,54,13,'alskjdhflaskjdfh',NULL,NULL,NULL),(1338,54,36,'Evaluación Psicológica',NULL,NULL,NULL),(1339,54,37,'asdfalsdjf;alskdfas',NULL,NULL,NULL),(1340,54,38,NULL,NULL,NULL,NULL),(1341,54,39,'8:30',NULL,NULL,NULL),(1342,54,40,'masculino',NULL,NULL,NULL),(1343,54,41,NULL,NULL,NULL,NULL),(1344,54,42,'CEN',NULL,NULL,NULL),(1345,54,43,'UVG',NULL,NULL,NULL),(1346,54,44,'Persona X',NULL,NULL,NULL),(1347,54,45,'No',NULL,NULL,NULL),(1348,54,46,'',NULL,NULL,NULL),(1349,54,47,'',NULL,NULL,NULL),(1350,54,48,'No',NULL,NULL,NULL),(1351,54,49,'',NULL,NULL,NULL),(1352,54,50,'',NULL,NULL,NULL),(1353,54,51,NULL,NULL,NULL,NULL),(1354,54,52,'No',NULL,NULL,NULL),(1355,54,53,'',NULL,NULL,NULL),(1356,54,54,'',NULL,NULL,NULL),(1357,54,55,'None',NULL,NULL,NULL),(1358,54,56,'',NULL,NULL,NULL),(1359,54,57,'askdjhflaksf',NULL,NULL,NULL),(1360,55,58,NULL,NULL,NULL,NULL),(1361,55,59,'Kouta Tsuchiya',NULL,NULL,NULL),(1362,55,60,NULL,NULL,'2016-09-27',NULL),(1363,55,61,'',NULL,NULL,NULL),(1364,56,58,NULL,NULL,NULL,NULL),(1365,56,59,'Kouta Tsuchiya',NULL,NULL,NULL),(1366,56,60,NULL,NULL,'2016-09-27',NULL),(1367,56,61,'',NULL,NULL,NULL),(1368,56,62,NULL,NULL,'2016-09-27',NULL),(1369,56,63,NULL,18,NULL,NULL),(1370,56,64,'',NULL,NULL,NULL),(1371,56,65,'',NULL,NULL,NULL),(1372,56,66,'',NULL,NULL,NULL),(1373,56,67,NULL,NULL,NULL,NULL),(1374,56,68,'',NULL,NULL,NULL),(1375,56,69,NULL,NULL,'2016-09-27',NULL),(1376,56,70,'',NULL,NULL,NULL),(1377,56,71,'',NULL,NULL,NULL),(1378,56,72,'',NULL,NULL,NULL),(1379,56,73,'',NULL,NULL,NULL),(1380,56,74,'',NULL,NULL,NULL),(1381,56,75,'',NULL,NULL,NULL),(1382,56,76,'',NULL,NULL,NULL),(1383,56,77,'',NULL,NULL,NULL),(1384,56,78,'',NULL,NULL,NULL),(1385,56,79,NULL,NULL,NULL,NULL),(1386,56,80,NULL,NULL,'2016-09-27',NULL),(1387,56,81,'',NULL,NULL,NULL),(1388,56,82,'',NULL,NULL,NULL),(1389,56,83,'',NULL,NULL,NULL),(1390,56,84,NULL,NULL,'2016-09-27',NULL),(1391,56,85,'',NULL,NULL,NULL),(1392,57,256,'80.00',NULL,NULL,NULL),(1393,57,257,NULL,NULL,NULL,NULL),(1394,57,258,'',NULL,NULL,NULL),(1395,57,259,'80.00',NULL,NULL,NULL),(1396,58,1,NULL,NULL,'2016-09-15',NULL),(1397,58,2,'Alejandro',NULL,NULL,NULL),(1398,58,3,'Padre',NULL,NULL,NULL),(1399,58,4,'Daniel',NULL,NULL,NULL),(1400,58,5,NULL,3,NULL,NULL),(1401,58,6,'11 ave. 38-65',NULL,NULL,NULL),(1402,58,7,'Padres y hermana',NULL,NULL,NULL),(1403,58,8,'30362888',NULL,NULL,NULL),(1404,58,9,'24424829',NULL,NULL,NULL),(1405,58,10,'calejandromd@hotmail.com',NULL,NULL,NULL),(1406,58,11,'UNOP',NULL,NULL,NULL),(1407,58,12,'12:00',NULL,NULL,NULL),(1408,58,13,'Mala conducta',NULL,NULL,NULL),(1409,58,36,'Psicoterapia',NULL,NULL,NULL),(1410,58,37,'Podría ser Evaluación',NULL,NULL,NULL),(1411,58,38,NULL,NULL,NULL,NULL),(1412,58,39,'15:00',NULL,NULL,NULL),(1413,58,40,'masculino',NULL,NULL,NULL),(1414,58,41,NULL,NULL,NULL,NULL),(1415,58,42,'CAPOUILLIEZ',NULL,NULL,NULL),(1416,58,43,'Referida por Colegio',NULL,NULL,NULL),(1417,58,44,'Directora',NULL,NULL,NULL),(1418,58,45,'No',NULL,NULL,NULL),(1419,58,46,'NA',NULL,NULL,NULL),(1420,58,47,'NA',NULL,NULL,NULL),(1421,58,48,'No',NULL,NULL,NULL),(1422,58,49,'',NULL,NULL,NULL),(1423,58,50,'NA',NULL,NULL,NULL),(1424,58,51,NULL,NULL,NULL,NULL),(1425,58,52,'No',NULL,NULL,NULL),(1426,58,53,'Otro',NULL,NULL,NULL),(1427,58,54,'',NULL,NULL,NULL),(1428,58,55,'',NULL,NULL,NULL),(1429,58,56,'',NULL,NULL,NULL),(1430,58,57,'',NULL,NULL,NULL),(1431,59,38,NULL,NULL,NULL,NULL),(1432,59,1,NULL,NULL,'2016-10-05',NULL),(1433,59,39,'8:00',NULL,NULL,NULL),(1434,59,2,'Francisco Franco',NULL,NULL,NULL),(1435,59,3,'Padrastro',NULL,NULL,NULL),(1436,59,4,'Fernando Torres',NULL,NULL,NULL),(1437,59,5,NULL,16,NULL,NULL),(1438,59,40,'masculino',NULL,NULL,NULL),(1439,59,6,'11 calle lote',NULL,NULL,NULL),(1440,59,7,'Padres',NULL,NULL,NULL),(1441,59,8,'542132165',NULL,NULL,NULL),(1442,59,9,'22216546',NULL,NULL,NULL),(1443,59,10,'algo@hotmail.com',NULL,NULL,NULL),(1444,59,11,'direccion lote calle',NULL,NULL,NULL),(1445,59,12,'8:00',NULL,NULL,NULL),(1446,59,13,'',NULL,NULL,NULL),(1447,59,36,'Consejería',NULL,NULL,NULL),(1448,59,37,'',NULL,NULL,NULL),(1449,59,41,NULL,NULL,NULL,NULL),(1450,59,42,'CEN',NULL,NULL,NULL),(1451,59,43,'UVG',NULL,NULL,NULL),(1452,59,44,'Alumno X',NULL,NULL,NULL),(1453,59,45,'No',NULL,NULL,NULL),(1454,59,46,'',NULL,NULL,NULL),(1455,59,47,'',NULL,NULL,NULL),(1456,59,48,'No',NULL,NULL,NULL),(1457,59,49,'',NULL,NULL,NULL),(1458,59,50,'',NULL,NULL,NULL),(1459,59,51,NULL,NULL,NULL,NULL),(1460,59,52,'No',NULL,NULL,NULL),(1461,59,53,'',NULL,NULL,NULL),(1462,59,54,'',NULL,NULL,NULL),(1463,59,55,'Padrastro',NULL,NULL,NULL),(1464,59,56,'Alumno X',NULL,NULL,NULL),(1465,59,57,'',NULL,NULL,NULL),(1478,64,38,NULL,NULL,NULL,NULL),(1479,64,1,NULL,NULL,'2016-10-06',NULL),(1480,64,39,'15:00',NULL,NULL,NULL),(1481,64,2,'Ale',NULL,NULL,NULL),(1482,64,3,'Papa',NULL,NULL,NULL),(1483,64,4,'Hola',NULL,NULL,NULL),(1484,64,5,NULL,5,NULL,NULL),(1485,64,40,'masculino',NULL,NULL,NULL),(1486,64,6,'11 ave 38-65',NULL,NULL,NULL),(1487,64,7,'alejandro',NULL,NULL,NULL),(1488,64,8,'30362888',NULL,NULL,NULL),(1489,64,9,'24424829',NULL,NULL,NULL),(1490,64,10,'calejandromd92@hotmail.com',NULL,NULL,NULL),(1491,64,11,'UVG',NULL,NULL,NULL),(1492,64,12,'12:00',NULL,NULL,NULL),(1493,64,13,'',NULL,NULL,NULL),(1494,64,36,'Psicoterapia',NULL,NULL,NULL),(1495,64,37,'',NULL,NULL,NULL),(1496,64,41,NULL,NULL,NULL,NULL),(1497,64,42,'Capouilliez',NULL,NULL,NULL),(1498,64,43,'Referida',NULL,NULL,NULL),(1499,64,44,'Psicologa Colegio',NULL,NULL,NULL),(1500,64,45,'No',NULL,NULL,NULL),(1501,64,46,'',NULL,NULL,NULL),(1502,64,47,'',NULL,NULL,NULL),(1503,64,48,'No',NULL,NULL,NULL),(1504,64,49,'',NULL,NULL,NULL),(1505,64,50,'',NULL,NULL,NULL),(1506,64,51,NULL,NULL,NULL,NULL),(1507,64,52,'Si',NULL,NULL,NULL),(1508,64,53,'Psicoterapia',NULL,NULL,NULL),(1509,64,54,'AIGLE',NULL,NULL,NULL),(1510,64,55,'Madre',NULL,NULL,NULL),(1511,64,56,'Alejandro Morales',NULL,NULL,NULL),(1512,64,57,'',NULL,NULL,NULL),(1513,65,86,'',NULL,NULL,NULL),(1514,65,87,'',NULL,NULL,NULL),(1515,65,88,'',NULL,NULL,NULL),(1516,66,86,'',NULL,NULL,NULL),(1517,66,87,'',NULL,NULL,NULL),(1518,66,88,'',NULL,NULL,NULL),(1519,67,86,'Hola',NULL,NULL,NULL),(1520,67,87,'80.00',NULL,NULL,NULL),(1521,67,88,'No',NULL,NULL,NULL),(1522,68,38,NULL,NULL,NULL,NULL),(1523,68,1,NULL,NULL,'2017-06-13',NULL),(1524,68,39,'3:00 pm',NULL,NULL,NULL),(1525,68,2,'Rosa Ramírez',NULL,NULL,NULL),(1526,68,3,'Madre',NULL,NULL,NULL),(1527,68,4,'Lucía Valdez',NULL,NULL,NULL),(1528,68,5,NULL,5,NULL,NULL),(1529,68,40,'femenino',NULL,NULL,NULL),(1530,68,6,'calle avenida zona 16',NULL,NULL,NULL),(1531,68,7,'Padres',NULL,NULL,NULL),(1532,68,8,'542132165',NULL,NULL,NULL),(1533,68,9,'22216546',NULL,NULL,NULL),(1534,68,10,'rosa_ram@algo.com',NULL,NULL,NULL),(1535,68,11,'calle avenida zona 10',NULL,NULL,NULL),(1536,68,12,'8:00',NULL,NULL,NULL),(1537,68,13,'Mi hija tiene problemas relacionandose con otros niños.',NULL,NULL,NULL),(1538,68,36,'Consejería',NULL,NULL,NULL),(1539,68,37,'Sin observaciones.',NULL,NULL,NULL),(1540,68,41,NULL,NULL,NULL,NULL),(1541,68,42,'CEN',NULL,NULL,NULL),(1542,68,43,'Alumno de UVG',NULL,NULL,NULL),(1543,68,44,'Ernesto Solís',NULL,NULL,NULL),(1544,68,45,'No',NULL,NULL,NULL),(1545,68,46,'',NULL,NULL,NULL),(1546,68,47,'',NULL,NULL,NULL),(1547,68,48,'No',NULL,NULL,NULL),(1548,68,49,'',NULL,NULL,NULL),(1549,68,50,'',NULL,NULL,NULL),(1550,68,51,NULL,NULL,NULL,NULL),(1551,68,52,'No',NULL,NULL,NULL),(1552,68,53,'',NULL,NULL,NULL),(1553,68,54,'',NULL,NULL,NULL),(1554,68,55,'El padre',NULL,NULL,NULL),(1555,68,56,'',NULL,NULL,NULL),(1556,68,57,'',NULL,NULL,NULL),(1557,69,38,NULL,NULL,NULL,NULL),(1558,69,1,NULL,NULL,'2016-10-04',NULL),(1559,69,39,'3:00pm',NULL,NULL,NULL),(1560,69,2,'Ana Mena',NULL,NULL,NULL),(1561,69,3,'Madre',NULL,NULL,NULL),(1562,69,4,'Lisa Mena',NULL,NULL,NULL),(1563,69,5,NULL,18,NULL,NULL),(1564,69,40,'femenino',NULL,NULL,NULL),(1565,69,6,'zona 2',NULL,NULL,NULL),(1566,69,7,'solas',NULL,NULL,NULL),(1567,69,8,'47985431',NULL,NULL,NULL),(1568,69,9,'24567898',NULL,NULL,NULL),(1569,69,10,'anamena@gmail.com',NULL,NULL,NULL),(1570,69,11,'ninguno',NULL,NULL,NULL),(1571,69,12,'cualquier hora',NULL,NULL,NULL),(1572,69,13,'',NULL,NULL,NULL),(1573,69,36,'Psicoterapia',NULL,NULL,NULL),(1574,69,37,'',NULL,NULL,NULL),(1575,69,41,NULL,NULL,NULL,NULL),(1576,69,42,'Escuela No.107',NULL,NULL,NULL),(1577,69,43,'estudiante UVG',NULL,NULL,NULL),(1578,69,44,'nadie',NULL,NULL,NULL),(1579,69,45,'No',NULL,NULL,NULL),(1580,69,46,'',NULL,NULL,NULL),(1581,69,47,'',NULL,NULL,NULL),(1582,69,48,'No',NULL,NULL,NULL),(1583,69,49,'',NULL,NULL,NULL),(1584,69,50,'',NULL,NULL,NULL),(1585,69,51,NULL,NULL,NULL,NULL),(1586,69,52,'Si',NULL,NULL,NULL),(1587,69,53,'Psicoterapia',NULL,NULL,NULL),(1588,69,54,'En la escuela',NULL,NULL,NULL),(1589,69,55,'mi persona',NULL,NULL,NULL),(1590,69,56,'Roksana',NULL,NULL,NULL),(1591,69,57,'',NULL,NULL,NULL),(1592,70,38,NULL,NULL,NULL,NULL),(1593,70,1,NULL,NULL,'2016-10-20',NULL),(1594,70,39,'',NULL,NULL,NULL),(1595,70,2,'',NULL,NULL,NULL),(1596,70,3,'',NULL,NULL,NULL),(1597,70,4,'',NULL,NULL,NULL),(1598,70,5,NULL,20,NULL,NULL),(1599,70,40,'',NULL,NULL,NULL),(1600,70,6,'',NULL,NULL,NULL),(1601,70,7,'',NULL,NULL,NULL),(1602,70,8,'',NULL,NULL,NULL),(1603,70,9,'',NULL,NULL,NULL),(1604,70,10,'',NULL,NULL,NULL),(1605,70,11,'',NULL,NULL,NULL),(1606,70,12,'',NULL,NULL,NULL),(1607,70,13,'',NULL,NULL,NULL),(1608,70,36,'',NULL,NULL,NULL),(1609,70,37,'',NULL,NULL,NULL),(1610,70,41,NULL,NULL,NULL,NULL),(1611,70,42,'',NULL,NULL,NULL),(1612,70,43,'',NULL,NULL,NULL),(1613,70,44,'',NULL,NULL,NULL),(1614,70,45,'',NULL,NULL,NULL),(1615,70,46,'',NULL,NULL,NULL),(1616,70,47,'',NULL,NULL,NULL),(1617,70,48,'',NULL,NULL,NULL),(1618,70,49,'',NULL,NULL,NULL),(1619,70,50,'',NULL,NULL,NULL),(1620,70,51,NULL,NULL,NULL,NULL),(1621,70,52,'',NULL,NULL,NULL),(1622,70,53,'',NULL,NULL,NULL),(1623,70,54,'',NULL,NULL,NULL),(1624,70,55,'',NULL,NULL,NULL),(1625,70,56,'',NULL,NULL,NULL),(1626,70,57,'',NULL,NULL,NULL),(1627,71,38,NULL,NULL,NULL,NULL),(1628,71,1,NULL,NULL,'2016-10-05',NULL),(1629,71,39,'',NULL,NULL,NULL),(1630,71,2,'',NULL,NULL,NULL),(1631,71,3,'',NULL,NULL,NULL),(1632,71,4,'',NULL,NULL,NULL),(1633,71,5,NULL,20,NULL,NULL),(1634,71,40,'',NULL,NULL,NULL),(1635,71,6,'',NULL,NULL,NULL),(1636,71,7,'',NULL,NULL,NULL),(1637,71,8,'',NULL,NULL,NULL),(1638,71,9,'',NULL,NULL,NULL),(1639,71,10,'',NULL,NULL,NULL),(1640,71,11,'',NULL,NULL,NULL),(1641,71,12,'',NULL,NULL,NULL),(1642,71,13,'',NULL,NULL,NULL),(1643,71,36,'',NULL,NULL,NULL),(1644,71,37,'',NULL,NULL,NULL),(1645,71,41,NULL,NULL,NULL,NULL),(1646,71,42,'',NULL,NULL,NULL),(1647,71,43,'',NULL,NULL,NULL),(1648,71,44,'',NULL,NULL,NULL),(1649,71,45,'',NULL,NULL,NULL),(1650,71,46,'',NULL,NULL,NULL),(1651,71,47,'',NULL,NULL,NULL),(1652,71,48,'',NULL,NULL,NULL),(1653,71,49,'',NULL,NULL,NULL),(1654,71,50,'',NULL,NULL,NULL),(1655,71,51,NULL,NULL,NULL,NULL),(1656,71,52,'',NULL,NULL,NULL),(1657,71,53,'',NULL,NULL,NULL),(1658,71,54,'',NULL,NULL,NULL),(1659,71,55,'',NULL,NULL,NULL),(1660,71,56,'',NULL,NULL,NULL),(1661,71,57,'',NULL,NULL,NULL),(1662,72,361,'Lisa Mena',NULL,NULL,NULL),(1663,72,362,'Sofía Micheo',NULL,NULL,NULL),(1664,72,363,NULL,NULL,'2016-10-11',NULL),(1665,72,364,NULL,1,NULL,NULL),(1666,72,365,'Bullying y problemas en casa.',NULL,NULL,NULL),(1667,72,366,NULL,NULL,NULL,NULL),(1668,72,367,'Al inicio la paciente se mostró muy enojada por estar allí, pero al darle su espacio, la misma se fue acomodando. Mostró algo de vulnerabilidad ya que derramó varias lágrimas.',NULL,NULL,NULL),(1669,72,368,'Perturbado, mostró altibajos, enojo y tristeza.',NULL,NULL,NULL),(1670,72,369,'Correcto.',NULL,NULL,NULL),(1671,72,370,'Ninguno.',NULL,NULL,NULL),(1672,72,371,'Al inició se pudo percibir que me detectaba como una figura de autoridad y se sentía intimidada, al comentarle de que era un espacio libre y que no sería juzgada, la misma bajó esa armadura. ',NULL,NULL,NULL),(1673,72,372,NULL,NULL,NULL,NULL),(1674,72,373,'El por qué de la terapia. ',NULL,NULL,NULL),(1675,72,374,'La misma comentó que en la actualidad no se sentía bien en el hogar y en la escuela. ',NULL,NULL,NULL),(1676,72,375,'Pudo verbalizar al final de la sesión, más de lo que llegó hablando.',NULL,NULL,NULL),(1677,72,376,'No hacía mucho contacto visual, sino hasta el final. ',NULL,NULL,NULL),(1678,72,377,NULL,NULL,NULL,NULL),(1679,72,378,'La paciente se encuentra perturbada por las dos situaciones problemáticas en diferentes ambientes. Por lo tanto, no ha tenido control en su vida hasta el momento, y por ende se encuentra aislada de todos.',NULL,NULL,NULL),(1680,72,379,NULL,NULL,NULL,NULL),(1681,72,380,'Evaluarla con LSB-50.',NULL,NULL,NULL),(1682,72,381,'Con características de buen pronóstico',NULL,NULL,NULL),(1683,72,382,'La misma se encontró entusiasmada al finalizar la sesión.',NULL,NULL,NULL),(1684,72,383,'Al hablar del hogar sintió mayor incomodidad, que al hablar de la situación en la escuela.',NULL,NULL,NULL),(1685,72,384,'Me sentí al inicio angustiada, ya que la paciente no quería ni verme a los ojos. Luego al ir avanzando en la sesión, pude comprender que no era una situación fácil para la misma y comprendí el motivo de su silencio y aislamiento.',NULL,NULL,NULL),(1686,72,385,'',NULL,NULL,NULL),(1687,73,38,NULL,NULL,NULL,NULL),(1688,73,1,NULL,NULL,'2016-10-01',NULL),(1689,73,39,'8:00',NULL,NULL,NULL),(1690,73,2,'Katerina López',NULL,NULL,NULL),(1691,73,3,'Mamá',NULL,NULL,NULL),(1692,73,4,'Carlos Rivera',NULL,NULL,NULL),(1693,73,5,NULL,16,NULL,NULL),(1694,73,40,'masculino',NULL,NULL,NULL),(1695,73,6,'Zona 16',NULL,NULL,NULL),(1696,73,7,'Con papá, mamá y hermanos',NULL,NULL,NULL),(1697,73,8,'56789050',NULL,NULL,NULL),(1698,73,9,'23657857',NULL,NULL,NULL),(1699,73,10,'katerinalopez@hotmail.com',NULL,NULL,NULL),(1700,73,11,'Ama de casa',NULL,NULL,NULL),(1701,73,12,'Por la mañana',NULL,NULL,NULL),(1702,73,13,'El colegio solicita evaluación para verificar si tiene TDAH.',NULL,NULL,NULL),(1703,73,36,'Evaluación Psicoeducativa',NULL,NULL,NULL),(1704,73,37,'Ya ha sido diagnosticado en el pasado.',NULL,NULL,NULL),(1705,73,41,NULL,NULL,NULL,NULL),(1706,73,42,'Colegio El Verbo',NULL,NULL,NULL),(1707,73,43,'El colegio',NULL,NULL,NULL),(1708,73,44,'La directora del colegio',NULL,NULL,NULL),(1709,73,45,'Si',NULL,NULL,NULL),(1710,73,46,'Ritalina',NULL,NULL,NULL),(1711,73,47,'Dr. López',NULL,NULL,NULL),(1712,73,48,'No',NULL,NULL,NULL),(1713,73,49,'',NULL,NULL,NULL),(1714,73,50,'',NULL,NULL,NULL),(1715,73,51,NULL,NULL,NULL,NULL),(1716,73,52,'Si',NULL,NULL,NULL),(1717,73,53,'Evaluación Psicoeducativa',NULL,NULL,NULL),(1718,73,54,'Con el Dr. López',NULL,NULL,NULL),(1719,73,55,'Nos turnaríamos con el papá',NULL,NULL,NULL),(1720,73,56,'Roksana',NULL,NULL,NULL),(1721,73,57,'',NULL,NULL,NULL),(1722,74,86,'Lisa Mena',NULL,NULL,NULL),(1723,74,87,'Q30',NULL,NULL,NULL),(1724,74,88,'',NULL,NULL,NULL),(1725,75,361,'Lisa Mena',NULL,NULL,NULL),(1726,75,362,'Sofía Micheo',NULL,NULL,NULL),(1727,75,363,NULL,NULL,'2016-10-18',NULL),(1728,75,364,NULL,2,NULL,NULL),(1729,75,365,'Bullying y problemas en casa.',NULL,NULL,NULL),(1730,75,366,NULL,NULL,NULL,NULL),(1731,75,367,'Muy buena, ya no fue tan distante como en la primera sesión.',NULL,NULL,NULL),(1732,75,368,'Correcto, la misma se logró mostrar más tranquila.',NULL,NULL,NULL),(1733,75,369,'Correcto.',NULL,NULL,NULL),(1734,75,370,'Estado emocional más relajado y más abierto a estar en la clínica.',NULL,NULL,NULL),(1735,75,371,'Ninguna.',NULL,NULL,NULL),(1736,75,372,NULL,NULL,NULL,NULL),(1737,75,373,'Ninguna.',NULL,NULL,NULL),(1738,75,374,'La misma verbalizó su situación en el colegio y cómo eso le ha afectado en sus calificaciones.',NULL,NULL,NULL),(1739,75,375,'Verbalizar más y estado emocional tranquilo.',NULL,NULL,NULL),(1740,75,376,'',NULL,NULL,NULL),(1741,75,377,NULL,NULL,NULL,NULL),(1742,75,378,'Lisa se presentó más cómoda en el ambiente y con la terapeuta. Esto deja una visión de que cuando se trata de ambientes nuevos, la misma se torna muy cerrada.',NULL,NULL,NULL),(1743,75,379,NULL,NULL,NULL,NULL),(1744,75,380,'LSB-50 en las próximas sesiones.',NULL,NULL,NULL),(1745,75,381,'Con características de buen pronóstico',NULL,NULL,NULL),(1746,75,382,'Se siente más comprometida con la terapia. Incluso pudo establecer objetivos.',NULL,NULL,NULL),(1747,75,383,'Se mostró mucho más cómoda con el ambiente y al establecerse objetivos, pudo sentirse comprometida con el cambio.',NULL,NULL,NULL),(1748,75,384,'Me sentí muy satisfecha al conocer el interés por el cambio. Al establecer objetivos, me dejó mayor visión sobre el camino a seguir.',NULL,NULL,NULL),(1749,75,385,'',NULL,NULL,NULL),(1750,76,361,'Lisa Mena',NULL,NULL,NULL),(1751,76,362,'Sofía Micheo',NULL,NULL,NULL),(1752,76,363,NULL,NULL,'2016-10-25',NULL),(1753,76,364,NULL,3,NULL,NULL),(1754,76,365,'Bullying y problemas en casa.',NULL,NULL,NULL),(1755,76,366,NULL,NULL,NULL,NULL),(1756,76,367,'Muy buena.',NULL,NULL,NULL),(1757,76,368,'Se mostró algo inestable al inicio de la sesión, ya que mencionó que estaba estresada por los exámenes y que por ir a terapia no había podido estudiar.',NULL,NULL,NULL),(1758,76,369,'Algo perturbado, por el estrés.',NULL,NULL,NULL),(1759,76,370,'Logró verbalizar que le estaba molestando y por qué se encontraba molesta.',NULL,NULL,NULL),(1760,76,371,'Me inició a ver como una figura de autoridad.',NULL,NULL,NULL),(1761,76,372,NULL,NULL,NULL,NULL),(1762,76,373,'Estrés, organización y primer objetivo establecido: \"Manejar mejor mi carácter\".',NULL,NULL,NULL),(1763,76,374,'Estrés por falta de organización.',NULL,NULL,NULL),(1764,76,375,'Verbalizar y decir qué le está afectando.',NULL,NULL,NULL),(1765,76,376,'Al recordarle que era un espacio libre de estrés, la misma recordó que no estaba obligada a venir a terapia.',NULL,NULL,NULL),(1766,76,377,NULL,NULL,NULL,NULL),(1767,76,378,'La misma está percibiendo la terapia como una pérdida de tiempo. Pero al recordar los objetivos del por qué estar allí, se volvió a sentir motivada. ',NULL,NULL,NULL),(1768,76,379,NULL,NULL,NULL,NULL),(1769,76,380,'Trabajar con objetivos.\r\nPasar LSB-50',NULL,NULL,NULL),(1770,76,381,'Con características de buen pronóstico',NULL,NULL,NULL),(1771,76,382,'Al seguir enfocadas en los objetivos, se podrá seguir avanzando.',NULL,NULL,NULL),(1772,76,383,'',NULL,NULL,NULL),(1773,76,384,'Me sentí asustada al verla llorar en un inicio, pero al darle el espacio y silencio, el ambiente pudo volver a estar tranquilo.',NULL,NULL,NULL),(1774,76,385,'',NULL,NULL,NULL),(1955,80,481,'Alejandro',NULL,NULL,NULL),(1956,80,482,NULL,NULL,'2016-10-22',NULL),(1957,80,483,NULL,1,NULL,NULL),(1958,80,484,NULL,NULL,'2016-10-24',NULL),(1959,80,485,'Individual',NULL,NULL,NULL),(1960,80,486,'cierto motivo',NULL,NULL,NULL),(1961,80,487,NULL,NULL,NULL,NULL),(1962,80,488,'Sasaki Kojirou',NULL,NULL,NULL),(1963,80,489,NULL,NULL,'1994-06-22',NULL),(1964,80,490,'Masculino',NULL,NULL,NULL),(1965,80,491,NULL,24,NULL,NULL),(1966,80,492,'Casado',NULL,NULL,NULL),(1967,80,493,'',NULL,NULL,NULL),(1968,80,494,'',NULL,NULL,NULL),(1969,80,495,'',NULL,NULL,NULL),(1970,80,496,'',NULL,NULL,NULL),(1971,80,497,'',NULL,NULL,NULL),(1972,80,498,'',NULL,NULL,NULL),(1973,80,499,'',NULL,NULL,NULL),(1974,80,500,'',NULL,NULL,NULL),(1975,80,501,'',NULL,NULL,NULL),(1976,80,502,'',NULL,NULL,NULL),(1977,80,503,'',NULL,NULL,NULL),(1978,80,504,'',NULL,NULL,NULL),(1979,80,505,'',NULL,NULL,NULL),(1980,80,506,NULL,NULL,NULL,NULL),(1981,80,507,NULL,NULL,NULL,NULL),(1982,80,508,'',NULL,NULL,NULL),(1983,80,509,NULL,52,NULL,NULL),(1984,80,510,'',NULL,NULL,NULL),(1985,80,511,'',NULL,NULL,NULL),(1986,80,512,'',NULL,NULL,NULL),(1987,80,513,'',NULL,NULL,NULL),(1988,80,514,'',NULL,NULL,NULL),(1989,80,515,'',NULL,NULL,NULL),(1990,80,516,'',NULL,NULL,NULL),(1991,80,517,'',NULL,NULL,NULL),(1992,80,518,NULL,NULL,NULL,NULL),(1993,80,519,'',NULL,NULL,NULL),(1994,80,520,NULL,22,NULL,NULL),(1995,80,521,'',NULL,NULL,NULL),(1996,80,522,'',NULL,NULL,NULL),(1997,80,523,'',NULL,NULL,NULL),(1998,80,524,'',NULL,NULL,NULL),(1999,80,525,'',NULL,NULL,NULL),(2000,80,526,'',NULL,NULL,NULL),(2001,80,527,'',NULL,NULL,NULL),(2002,80,528,'',NULL,NULL,NULL),(2003,80,529,NULL,NULL,NULL,NULL),(2004,80,530,'',NULL,NULL,NULL),(2005,80,531,NULL,22,NULL,NULL),(2006,80,532,'',NULL,NULL,NULL),(2007,80,533,'',NULL,NULL,NULL),(2008,80,534,'',NULL,NULL,NULL),(2009,80,535,'',NULL,NULL,NULL),(2010,80,536,'',NULL,NULL,NULL),(2011,80,537,'',NULL,NULL,NULL),(2012,80,538,'',NULL,NULL,NULL),(2013,80,539,'',NULL,NULL,NULL),(2014,80,540,'',NULL,NULL,NULL),(2015,80,541,'/2016-8-30/genograma/3.jpg',NULL,NULL,NULL),(2016,80,542,NULL,NULL,NULL,NULL),(2017,80,543,'',NULL,NULL,NULL),(2018,80,544,'',NULL,NULL,NULL),(2019,80,545,'',NULL,NULL,NULL),(2020,80,546,NULL,NULL,NULL,NULL),(2021,80,547,'',NULL,NULL,NULL),(2022,80,548,'',NULL,NULL,NULL),(2023,80,549,'',NULL,NULL,NULL),(2024,80,550,'',NULL,NULL,NULL),(2025,80,551,'',NULL,NULL,NULL),(2026,80,552,NULL,NULL,NULL,NULL),(2027,80,553,'',NULL,NULL,NULL),(2028,80,554,'',NULL,NULL,NULL),(2029,80,555,'',NULL,NULL,NULL),(2030,80,556,'',NULL,NULL,NULL),(2031,80,557,'',NULL,NULL,NULL),(2032,80,558,'',NULL,NULL,NULL),(2033,80,559,'',NULL,NULL,NULL),(2034,80,560,'',NULL,NULL,NULL),(2035,80,561,'',NULL,NULL,NULL),(2036,80,562,'',NULL,NULL,NULL),(2037,80,563,'',NULL,NULL,NULL),(2038,80,564,'',NULL,NULL,NULL),(2039,80,565,'',NULL,NULL,NULL),(2040,80,566,'',NULL,NULL,NULL),(2041,80,567,'',NULL,NULL,NULL),(2042,80,568,'',NULL,NULL,NULL),(2043,80,569,'',NULL,NULL,NULL),(2044,80,570,'',NULL,NULL,NULL),(2045,80,571,'',NULL,NULL,NULL),(2046,80,572,'',NULL,NULL,NULL),(2047,80,573,'',NULL,NULL,NULL),(2048,80,574,'',NULL,NULL,NULL),(2049,80,575,'',NULL,NULL,NULL),(2050,80,576,'',NULL,NULL,NULL),(2051,80,577,NULL,NULL,NULL,NULL),(2052,80,578,'',NULL,NULL,NULL),(2053,80,579,'',NULL,NULL,NULL),(2054,80,580,'',NULL,NULL,NULL),(2055,80,581,'',NULL,NULL,NULL),(2056,80,582,NULL,NULL,NULL,NULL),(2057,80,583,'',NULL,NULL,NULL),(2058,80,584,'',NULL,NULL,NULL),(2059,80,585,'',NULL,NULL,NULL),(2060,80,586,NULL,NULL,NULL,NULL),(2061,80,587,'',NULL,NULL,NULL),(2062,80,588,'',NULL,NULL,NULL),(2063,80,589,'',NULL,NULL,NULL),(2064,80,590,'',NULL,NULL,NULL),(2065,80,591,'',NULL,NULL,NULL),(2066,81,89,NULL,NULL,'2016-10-24',NULL),(2067,81,90,'Psicoterapia',NULL,NULL,NULL),(2068,81,91,'Estudiante de Licenciatura en Psicología',NULL,NULL,NULL),(2069,81,92,'Alejandro',NULL,NULL,NULL),(2070,81,93,'24/10/2016',NULL,NULL,NULL),(2106,83,38,NULL,NULL,NULL,NULL),(2107,83,1,NULL,NULL,'2016-10-27',NULL),(2108,83,39,'8:00',NULL,NULL,NULL),(2109,83,2,'Francisco Franco',NULL,NULL,NULL),(2110,83,3,'Padrastro',NULL,NULL,NULL),(2111,83,4,'Fernando Torres',NULL,NULL,NULL),(2112,83,5,NULL,10,NULL,NULL),(2113,83,40,'masculino',NULL,NULL,NULL),(2114,83,6,'11 calle lote',NULL,NULL,NULL),(2115,83,7,'Padres',NULL,NULL,NULL),(2116,83,8,'542132165',NULL,NULL,NULL),(2117,83,9,'22216546',NULL,NULL,NULL),(2118,83,10,'ernestoivan22@hotmail.com',NULL,NULL,NULL),(2119,83,11,'direccion lote calle',NULL,NULL,NULL),(2120,83,12,'8:00',NULL,NULL,NULL),(2121,83,13,'',NULL,NULL,NULL),(2122,83,36,'Consejería',NULL,NULL,NULL),(2123,83,37,'',NULL,NULL,NULL),(2124,83,41,NULL,NULL,NULL,NULL),(2125,83,42,'CEN',NULL,NULL,NULL),(2126,83,43,'UVG',NULL,NULL,NULL),(2127,83,44,'Alumno X',NULL,NULL,NULL),(2128,83,45,'No',NULL,NULL,NULL),(2129,83,46,'',NULL,NULL,NULL),(2130,83,47,'',NULL,NULL,NULL),(2131,83,48,'No',NULL,NULL,NULL),(2132,83,49,'',NULL,NULL,NULL),(2133,83,50,'',NULL,NULL,NULL),(2134,83,51,NULL,NULL,NULL,NULL),(2135,83,52,'No',NULL,NULL,NULL),(2136,83,53,'',NULL,NULL,NULL),(2137,83,54,'',NULL,NULL,NULL),(2138,83,55,'Padrastro',NULL,NULL,NULL),(2139,83,56,'alguien',NULL,NULL,NULL),(2140,83,57,'',NULL,NULL,NULL),(2141,84,94,NULL,NULL,NULL,NULL),(2142,84,95,'Existe un problema desde que el evento X sucedió',NULL,NULL,NULL),(2143,84,96,'3 meses',NULL,NULL,NULL),(2144,84,97,'',NULL,NULL,NULL),(2145,84,98,'',NULL,NULL,NULL),(2146,84,99,'',NULL,NULL,NULL),(2147,84,100,'',NULL,NULL,NULL),(2148,84,101,NULL,0,NULL,NULL),(2149,84,102,'',NULL,NULL,NULL),(2150,84,103,'',NULL,NULL,NULL),(2151,84,104,'',NULL,NULL,NULL),(2152,84,105,'',NULL,NULL,NULL),(2153,84,106,'',NULL,NULL,NULL),(2154,84,107,'',NULL,NULL,NULL),(2155,84,108,'',NULL,NULL,NULL),(2156,84,109,'',NULL,NULL,NULL),(2157,84,110,NULL,NULL,NULL,NULL),(2158,84,111,NULL,NULL,NULL,NULL),(2159,84,112,'Márquez',NULL,NULL,NULL),(2160,84,113,'Saori',NULL,NULL,NULL),(2161,84,114,'',NULL,NULL,NULL),(2162,84,115,'',NULL,NULL,NULL),(2163,84,116,'',NULL,NULL,NULL),(2164,84,117,'',NULL,NULL,NULL),(2165,84,118,NULL,NULL,NULL,NULL),(2166,84,119,'Diego Márquez',NULL,NULL,NULL),(2167,84,120,NULL,42,NULL,NULL),(2168,84,121,'Universitario',NULL,NULL,NULL),(2169,84,122,'11 calle',NULL,NULL,NULL),(2170,84,123,'56845216',NULL,NULL,NULL),(2171,84,124,'22354855',NULL,NULL,NULL),(2172,84,125,'',NULL,NULL,NULL),(2173,84,126,'',NULL,NULL,NULL),(2174,84,127,'',NULL,NULL,NULL),(2175,84,128,NULL,NULL,NULL,NULL),(2176,84,129,'Kyoko Kirigiri',NULL,NULL,NULL),(2177,84,130,NULL,35,NULL,NULL),(2178,84,131,'',NULL,NULL,NULL),(2179,84,132,'',NULL,NULL,NULL),(2180,84,133,'',NULL,NULL,NULL),(2181,84,134,'',NULL,NULL,NULL),(2182,84,135,'',NULL,NULL,NULL),(2183,84,136,'',NULL,NULL,NULL),(2184,84,137,'',NULL,NULL,NULL),(2185,84,138,NULL,NULL,NULL,NULL),(2186,84,139,'',NULL,NULL,NULL),(2187,84,140,'',NULL,NULL,NULL),(2188,84,141,NULL,30,NULL,NULL),(2189,84,142,'',NULL,NULL,NULL),(2190,84,143,'',NULL,NULL,NULL),(2191,84,144,'',NULL,NULL,NULL),(2192,84,145,'',NULL,NULL,NULL),(2193,84,146,'',NULL,NULL,NULL),(2194,84,147,'',NULL,NULL,NULL),(2195,84,148,'',NULL,NULL,NULL),(2196,84,149,NULL,NULL,NULL,NULL),(2197,84,150,'',NULL,NULL,NULL),(2198,84,151,'',NULL,NULL,NULL),(2199,84,152,NULL,10,NULL,NULL),(2200,84,153,NULL,NULL,NULL,NULL),(2201,84,154,NULL,NULL,NULL,NULL),(2202,84,155,'',NULL,NULL,NULL),(2203,84,156,'',NULL,NULL,NULL),(2204,84,157,'',NULL,NULL,NULL),(2205,84,158,NULL,0,NULL,NULL),(2206,84,159,'',NULL,NULL,NULL),(2207,84,160,'',NULL,NULL,NULL),(2208,84,161,'',NULL,NULL,NULL),(2209,84,162,'',NULL,NULL,NULL),(2210,84,163,'',NULL,NULL,NULL),(2211,84,164,'',NULL,NULL,NULL),(2212,84,165,NULL,NULL,NULL,NULL),(2213,84,166,'',NULL,NULL,NULL),(2214,84,167,'',NULL,NULL,NULL),(2215,84,168,'',NULL,NULL,NULL),(2216,84,169,'',NULL,NULL,NULL),(2217,84,170,'',NULL,NULL,NULL),(2218,84,171,'',NULL,NULL,NULL),(2219,84,172,'',NULL,NULL,NULL),(2220,84,173,'',NULL,NULL,NULL),(2221,84,174,'',NULL,NULL,NULL),(2222,84,175,'',NULL,NULL,NULL),(2223,84,176,'',NULL,NULL,NULL),(2224,84,177,'',NULL,NULL,NULL),(2225,84,178,'',NULL,NULL,NULL),(2226,84,179,NULL,1,NULL,NULL),(2227,84,180,'',NULL,NULL,NULL),(2228,84,181,'',NULL,NULL,NULL),(2229,84,182,'',NULL,NULL,NULL),(2230,84,183,'',NULL,NULL,NULL),(2231,84,184,'',NULL,NULL,NULL),(2232,84,185,'',NULL,NULL,NULL),(2233,84,186,NULL,NULL,NULL,NULL),(2234,84,187,'',NULL,NULL,NULL),(2235,84,188,'',NULL,NULL,NULL),(2236,84,189,'',NULL,NULL,NULL),(2237,84,190,'',NULL,NULL,NULL),(2238,84,191,'',NULL,NULL,NULL),(2239,84,192,'',NULL,NULL,NULL),(2240,84,193,'',NULL,NULL,NULL),(2241,84,194,'',NULL,NULL,NULL),(2242,84,195,'',NULL,NULL,NULL),(2243,84,196,'',NULL,NULL,NULL),(2244,84,197,NULL,NULL,NULL,NULL),(2245,84,198,'',NULL,NULL,NULL),(2246,84,199,NULL,NULL,NULL,NULL),(2247,84,200,NULL,NULL,NULL,NULL),(2248,84,201,NULL,NULL,NULL,NULL),(2249,84,202,'',NULL,NULL,NULL),(2250,84,203,'',NULL,NULL,NULL),(2251,84,204,'',NULL,NULL,NULL),(2252,84,205,'',NULL,NULL,NULL),(2253,84,206,'',NULL,NULL,NULL),(2254,84,207,'',NULL,NULL,NULL),(2255,84,208,'',NULL,NULL,NULL),(2256,84,209,NULL,NULL,NULL,NULL),(2257,84,210,'',NULL,NULL,NULL),(2258,84,211,'',NULL,NULL,NULL),(2259,84,212,'',NULL,NULL,NULL),(2260,84,213,'',NULL,NULL,NULL),(2261,84,214,'',NULL,NULL,NULL),(2262,84,215,NULL,NULL,NULL,NULL),(2263,84,216,'',NULL,NULL,NULL),(2264,84,217,'',NULL,NULL,NULL),(2265,84,218,'',NULL,NULL,NULL),(2266,84,219,'',NULL,NULL,NULL),(2267,84,220,'',NULL,NULL,NULL),(2268,84,221,'',NULL,NULL,NULL),(2269,84,222,'',NULL,NULL,NULL),(2270,84,223,'',NULL,NULL,NULL),(2271,84,224,'',NULL,NULL,NULL),(2272,84,225,NULL,NULL,NULL,NULL),(2273,84,226,'',NULL,NULL,NULL),(2274,84,227,NULL,NULL,NULL,NULL),(2275,84,228,'',NULL,NULL,NULL),(2276,84,229,'',NULL,NULL,NULL),(2277,84,230,'',NULL,NULL,NULL),(2278,84,231,'',NULL,NULL,NULL),(2279,84,232,NULL,NULL,NULL,NULL),(2280,84,233,'',NULL,NULL,NULL),(2281,84,234,'',NULL,NULL,NULL),(2282,84,235,'',NULL,NULL,NULL),(2283,84,236,'',NULL,NULL,NULL),(2284,84,237,NULL,NULL,NULL,NULL),(2285,84,238,'',NULL,NULL,NULL),(2286,84,239,'',NULL,NULL,NULL),(2287,84,240,'',NULL,NULL,NULL),(2288,84,241,NULL,NULL,NULL,NULL),(2289,84,242,'',NULL,NULL,NULL),(2290,84,243,NULL,2,NULL,NULL),(2291,84,244,'',NULL,NULL,NULL),(2292,84,245,'',NULL,NULL,NULL),(2293,84,246,'',NULL,NULL,NULL),(2294,84,247,NULL,NULL,NULL,NULL),(2295,84,248,'',NULL,NULL,NULL),(2296,84,249,'',NULL,NULL,NULL),(2297,84,250,'',NULL,NULL,NULL),(2298,84,251,'',NULL,NULL,NULL),(2299,84,252,NULL,NULL,NULL,NULL),(2300,84,253,'',NULL,NULL,NULL),(2301,84,254,'',NULL,NULL,NULL),(2302,84,255,'',NULL,NULL,NULL),(2303,85,38,NULL,NULL,NULL,NULL),(2304,85,1,NULL,NULL,'2015-11-09',NULL),(2305,85,39,'9:00',NULL,NULL,NULL),(2306,85,2,'Karla Pineda',NULL,NULL,NULL),(2307,85,3,'Madre',NULL,NULL,NULL),(2308,85,4,'Erick Monterroso',NULL,NULL,NULL),(2309,85,5,NULL,10,NULL,NULL),(2310,85,40,'masculino',NULL,NULL,NULL),(2311,85,6,'calle avenida zona 16',NULL,NULL,NULL),(2312,85,7,'Padres',NULL,NULL,NULL),(2313,85,8,'542132165',NULL,NULL,NULL),(2314,85,9,'22216546',NULL,NULL,NULL),(2315,85,10,'ernestoivan22@gmail.com',NULL,NULL,NULL),(2316,85,11,'calle avenida zona 10',NULL,NULL,NULL),(2317,85,12,'8:00',NULL,NULL,NULL),(2318,85,13,'Mi hijo tiene problemas para socializar con otros.',NULL,NULL,NULL),(2319,85,36,'Consejería',NULL,NULL,NULL),(2320,85,37,'',NULL,NULL,NULL),(2321,85,41,NULL,NULL,NULL,NULL),(2322,85,42,'CEN',NULL,NULL,NULL),(2323,85,43,'Alumno de UVG',NULL,NULL,NULL),(2324,85,44,'Ernesto Solís',NULL,NULL,NULL),(2325,85,45,'No',NULL,NULL,NULL),(2326,85,46,'',NULL,NULL,NULL),(2327,85,47,'',NULL,NULL,NULL),(2328,85,48,'No',NULL,NULL,NULL),(2329,85,49,'',NULL,NULL,NULL),(2330,85,50,'',NULL,NULL,NULL),(2331,85,51,NULL,NULL,NULL,NULL),(2332,85,52,'No',NULL,NULL,NULL),(2333,85,53,'',NULL,NULL,NULL),(2334,85,54,'',NULL,NULL,NULL),(2335,85,55,'Su padre',NULL,NULL,NULL),(2336,85,56,'Alejandro',NULL,NULL,NULL),(2337,85,57,'',NULL,NULL,NULL),(2338,86,94,NULL,NULL,NULL,NULL),(2339,86,95,'Mi hijo tiene problemas relacionandose con otros niños.',NULL,NULL,NULL),(2340,86,96,'Desde hace 6 meses',NULL,NULL,NULL),(2341,86,97,'',NULL,NULL,NULL),(2342,86,98,'',NULL,NULL,NULL),(2343,86,99,'',NULL,NULL,NULL),(2344,86,100,'',NULL,NULL,NULL),(2345,86,101,NULL,1,NULL,NULL),(2346,86,102,'',NULL,NULL,NULL),(2347,86,103,'',NULL,NULL,NULL),(2348,86,104,'',NULL,NULL,NULL),(2349,86,105,'',NULL,NULL,NULL),(2350,86,106,'',NULL,NULL,NULL),(2351,86,107,'',NULL,NULL,NULL),(2352,86,108,'',NULL,NULL,NULL),(2353,86,109,'',NULL,NULL,NULL),(2354,86,110,NULL,NULL,NULL,NULL),(2355,86,111,NULL,NULL,NULL,NULL),(2356,86,112,'',NULL,NULL,NULL),(2357,86,113,'',NULL,NULL,NULL),(2358,86,114,'',NULL,NULL,NULL),(2359,86,115,'',NULL,NULL,NULL),(2360,86,116,'',NULL,NULL,NULL),(2361,86,117,'',NULL,NULL,NULL),(2362,86,118,NULL,NULL,NULL,NULL),(2363,86,119,'Eduardo Monterroso',NULL,NULL,NULL),(2364,86,120,NULL,45,NULL,NULL),(2365,86,121,'',NULL,NULL,NULL),(2366,86,122,'',NULL,NULL,NULL),(2367,86,123,'',NULL,NULL,NULL),(2368,86,124,'',NULL,NULL,NULL),(2369,86,125,'',NULL,NULL,NULL),(2370,86,126,'',NULL,NULL,NULL),(2371,86,127,'',NULL,NULL,NULL),(2372,86,128,NULL,NULL,NULL,NULL),(2373,86,129,'Karla Pineda',NULL,NULL,NULL),(2374,86,130,NULL,40,NULL,NULL),(2375,86,131,'',NULL,NULL,NULL),(2376,86,132,'',NULL,NULL,NULL),(2377,86,133,'',NULL,NULL,NULL),(2378,86,134,'',NULL,NULL,NULL),(2379,86,135,'',NULL,NULL,NULL),(2380,86,136,'',NULL,NULL,NULL),(2381,86,137,'',NULL,NULL,NULL),(2382,86,138,NULL,NULL,NULL,NULL),(2383,86,139,'Padre',NULL,NULL,NULL),(2384,86,140,'Eduardo Monterroso',NULL,NULL,NULL),(2385,86,141,NULL,45,NULL,NULL),(2386,86,142,'',NULL,NULL,NULL),(2387,86,143,'',NULL,NULL,NULL),(2388,86,144,'',NULL,NULL,NULL),(2389,86,145,'',NULL,NULL,NULL),(2390,86,146,'',NULL,NULL,NULL),(2391,86,147,'',NULL,NULL,NULL),(2392,86,148,'',NULL,NULL,NULL),(2393,86,149,NULL,NULL,NULL,NULL),(2394,86,150,'',NULL,NULL,NULL),(2395,86,151,'Ambos',NULL,NULL,NULL),(2396,86,152,NULL,0,NULL,NULL),(2397,86,153,NULL,NULL,NULL,NULL),(2398,86,154,NULL,NULL,NULL,NULL),(2399,86,155,'',NULL,NULL,NULL),(2400,86,156,'',NULL,NULL,NULL),(2401,86,157,'',NULL,NULL,NULL),(2402,86,158,NULL,0,NULL,NULL),(2403,86,159,'',NULL,NULL,NULL),(2404,86,160,'',NULL,NULL,NULL),(2405,86,161,'',NULL,NULL,NULL),(2406,86,162,NULL,NULL,NULL,NULL),(2407,86,163,'',NULL,NULL,NULL),(2408,86,164,'',NULL,NULL,NULL),(2409,86,165,NULL,NULL,NULL,NULL),(2410,86,166,'',NULL,NULL,NULL),(2411,86,167,'',NULL,NULL,NULL),(2412,86,168,'',NULL,NULL,NULL),(2413,86,169,'',NULL,NULL,NULL),(2414,86,170,'',NULL,NULL,NULL),(2415,86,171,'',NULL,NULL,NULL),(2416,86,172,'',NULL,NULL,NULL),(2417,86,173,'',NULL,NULL,NULL),(2418,86,174,'',NULL,NULL,NULL),(2419,86,175,'',NULL,NULL,NULL),(2420,86,176,'',NULL,NULL,NULL),(2421,86,177,'',NULL,NULL,NULL),(2422,86,178,'',NULL,NULL,NULL),(2423,86,179,NULL,1,NULL,NULL),(2424,86,180,'',NULL,NULL,NULL),(2425,86,181,'',NULL,NULL,NULL),(2426,86,182,'',NULL,NULL,NULL),(2427,86,183,'',NULL,NULL,NULL),(2428,86,184,'',NULL,NULL,NULL),(2429,86,185,'',NULL,NULL,NULL),(2430,86,186,NULL,NULL,NULL,NULL),(2431,86,187,'',NULL,NULL,NULL),(2432,86,188,'',NULL,NULL,NULL),(2433,86,189,'',NULL,NULL,NULL),(2434,86,190,'',NULL,NULL,NULL),(2435,86,191,'',NULL,NULL,NULL),(2436,86,192,'',NULL,NULL,NULL),(2437,86,193,'',NULL,NULL,NULL),(2438,86,194,'',NULL,NULL,NULL),(2439,86,195,'',NULL,NULL,NULL),(2440,86,196,'',NULL,NULL,NULL),(2441,86,197,NULL,NULL,NULL,NULL),(2442,86,198,'',NULL,NULL,NULL),(2443,86,199,NULL,NULL,NULL,NULL),(2444,86,200,NULL,NULL,NULL,NULL),(2445,86,201,NULL,NULL,NULL,NULL),(2446,86,202,'',NULL,NULL,NULL),(2447,86,203,'',NULL,NULL,NULL),(2448,86,204,'',NULL,NULL,NULL),(2449,86,205,'',NULL,NULL,NULL),(2450,86,206,'',NULL,NULL,NULL),(2451,86,207,'',NULL,NULL,NULL),(2452,86,208,'',NULL,NULL,NULL),(2453,86,209,NULL,NULL,NULL,NULL),(2454,86,210,'',NULL,NULL,NULL),(2455,86,211,'',NULL,NULL,NULL),(2456,86,212,'',NULL,NULL,NULL),(2457,86,213,'',NULL,NULL,NULL),(2458,86,214,'',NULL,NULL,NULL),(2459,86,215,NULL,NULL,NULL,NULL),(2460,86,216,'',NULL,NULL,NULL),(2461,86,217,'',NULL,NULL,NULL),(2462,86,218,'',NULL,NULL,NULL),(2463,86,219,'',NULL,NULL,NULL),(2464,86,220,'',NULL,NULL,NULL),(2465,86,221,'',NULL,NULL,NULL),(2466,86,222,'',NULL,NULL,NULL),(2467,86,223,'',NULL,NULL,NULL),(2468,86,224,'',NULL,NULL,NULL),(2469,86,225,NULL,NULL,NULL,NULL),(2470,86,226,'',NULL,NULL,NULL),(2471,86,227,NULL,NULL,NULL,NULL),(2472,86,228,'',NULL,NULL,NULL),(2473,86,229,'',NULL,NULL,NULL),(2474,86,230,'',NULL,NULL,NULL),(2475,86,231,'',NULL,NULL,NULL),(2476,86,232,NULL,NULL,NULL,NULL),(2477,86,233,'',NULL,NULL,NULL),(2478,86,234,'',NULL,NULL,NULL),(2479,86,235,'',NULL,NULL,NULL),(2480,86,236,'',NULL,NULL,NULL),(2481,86,237,NULL,NULL,NULL,NULL),(2482,86,238,'',NULL,NULL,NULL),(2483,86,239,'',NULL,NULL,NULL),(2484,86,240,'',NULL,NULL,NULL),(2485,86,241,NULL,NULL,NULL,NULL),(2486,86,242,'',NULL,NULL,NULL),(2487,86,243,NULL,3,NULL,NULL),(2488,86,244,'',NULL,NULL,NULL),(2489,86,245,'',NULL,NULL,NULL),(2490,86,246,'',NULL,NULL,NULL),(2491,86,247,NULL,NULL,NULL,NULL),(2492,86,248,'',NULL,NULL,NULL),(2493,86,249,'',NULL,NULL,NULL),(2494,86,250,'',NULL,NULL,NULL),(2495,86,251,'',NULL,NULL,NULL),(2496,86,252,NULL,NULL,NULL,NULL),(2497,86,253,'',NULL,NULL,NULL),(2498,86,254,'',NULL,NULL,NULL),(2499,86,255,'',NULL,NULL,NULL),(2500,87,86,'Karina Vásquez',NULL,NULL,NULL),(2501,87,87,'Q 20.00',NULL,NULL,NULL),(2502,87,88,'',NULL,NULL,NULL),(2503,88,89,NULL,NULL,'2016-11-10',NULL),(2504,88,90,'Consejería',NULL,NULL,NULL),(2505,88,91,'Estudiante de Licenciatura en Psicología',NULL,NULL,NULL),(2506,88,92,'Alejandro Morales',NULL,NULL,NULL),(2507,88,93,'9/11/2016, 10/11/2016',NULL,NULL,NULL),(2508,89,414,'Alejandro Morales',NULL,NULL,NULL),(2509,89,415,'Karina Vásquez',NULL,NULL,NULL),(2510,89,416,NULL,NULL,'2016-11-09',NULL),(2511,89,417,NULL,1,NULL,NULL),(2512,89,418,'La niña se reusa a interactuar con otros niños.',NULL,NULL,NULL),(2513,89,419,'',NULL,NULL,NULL),(2514,89,420,'',NULL,NULL,NULL),(2515,89,421,'',NULL,NULL,NULL),(2516,89,422,NULL,NULL,NULL,NULL),(2517,89,426,NULL,NULL,NULL,NULL),(2518,89,427,'FELIZ, emocionado, sorprendido, ',NULL,NULL,NULL),(2519,89,428,'CONFIADO, orgulloso, ',NULL,NULL,NULL),(2520,89,429,'',NULL,NULL,NULL),(2521,89,430,'',NULL,NULL,NULL),(2522,89,431,'',NULL,NULL,NULL),(2523,89,432,'',NULL,NULL,NULL),(2524,89,433,'',NULL,NULL,NULL),(2525,89,434,'',NULL,NULL,NULL),(2526,89,435,NULL,NULL,NULL,NULL),(2527,89,436,'títeres, bates de esponja, ',NULL,NULL,NULL),(2528,89,437,'La niña simula un día en la vida de una familia de títeres.',NULL,NULL,NULL),(2529,89,438,'N: Petición de la niña para que el psicoterapeuta se una al juego con un títere.',NULL,NULL,NULL),(2530,89,439,'',NULL,NULL,NULL),(2531,89,440,'',NULL,NULL,NULL),(2532,89,441,NULL,NULL,NULL,NULL),(2533,89,442,NULL,NULL,NULL,NULL),(2534,89,443,'',NULL,NULL,NULL),(2535,89,444,'',NULL,NULL,NULL),(2536,89,445,'',NULL,NULL,NULL),(2537,89,446,'',NULL,NULL,NULL),(2538,89,447,'8',NULL,NULL,NULL),(2539,89,448,NULL,NULL,NULL,NULL),(2540,89,449,'familiariza, ',NULL,NULL,NULL),(2541,89,450,'La niña observa continuamente sus alrededores y camina a lo largo del salón.',NULL,NULL,NULL),(2542,89,451,'RELACIONAL, confianza,  ',NULL,NULL,NULL),(2543,89,452,'La niña no tiene problema en empezar a hablar y relacionarse con el psicoterapeuta.',NULL,NULL,NULL),(2544,89,453,'',NULL,NULL,NULL),(2545,89,454,'',NULL,NULL,NULL),(2546,89,455,'',NULL,NULL,NULL),(2547,89,456,'',NULL,NULL,NULL),(2548,89,457,'',NULL,NULL,NULL),(2549,89,458,'',NULL,NULL,NULL),(2550,89,459,'',NULL,NULL,NULL),(2551,89,460,'',NULL,NULL,NULL),(2552,89,461,'',NULL,NULL,NULL),(2553,89,462,'',NULL,NULL,NULL),(2554,89,463,'',NULL,NULL,NULL),(2555,89,464,'',NULL,NULL,NULL),(2556,89,465,'',NULL,NULL,NULL),(2557,89,466,'',NULL,NULL,NULL),(2558,89,467,'',NULL,NULL,NULL),(2559,89,468,'',NULL,NULL,NULL),(2560,89,469,NULL,NULL,NULL,NULL),(2561,89,470,'',NULL,NULL,NULL),(2562,89,471,'',NULL,NULL,NULL),(2563,89,472,'',NULL,NULL,NULL),(2564,89,473,'',NULL,NULL,NULL),(2565,89,474,'',NULL,NULL,NULL),(2566,89,475,'',NULL,NULL,NULL),(2567,89,476,'',NULL,NULL,NULL),(2568,89,477,'',NULL,NULL,NULL),(2569,89,478,'',NULL,NULL,NULL),(2570,89,479,'',NULL,NULL,NULL),(2571,89,480,'',NULL,NULL,NULL);
/*!40000 ALTER TABLE `form_has_field` ENABLE KEYS */;
UNLOCK TABLES;

--
-- Table structure for table `form_has_form_table`
--

DROP TABLE IF EXISTS `form_has_form_table`;
/*!40101 SET @saved_cs_client     = @@character_set_client */;
/*!40101 SET character_set_client = utf8 */;
CREATE TABLE `form_has_form_table` (
  `id_form_has_form_table` int(11) NOT NULL AUTO_INCREMENT,
  `form_id_form` int(11) NOT NULL,
  `form_table_id_form_table` int(11) NOT NULL,
  `answer_col_1` varchar(45) DEFAULT NULL,
  `answer_col_2` varchar(45) DEFAULT NULL,
  `answer_col_3` varchar(45) DEFAULT NULL,
  `answer_col_4` varchar(45) DEFAULT NULL,
  `answer_col_5` varchar(45) DEFAULT NULL,
  `answer_col_6` varchar(45) DEFAULT NULL,
  `answer_col_7` varchar(45) DEFAULT NULL,
  PRIMARY KEY (`id_form_has_form_table`),
  KEY `fk_form_has_table_form1_idx` (`form_id_form`),
  KEY `fk_form_has_table_table1_idx` (`form_table_id_form_table`),
  CONSTRAINT `fk_form_has_table_form1` FOREIGN KEY (`form_id_form`) REFERENCES `form` (`id_form`) ON DELETE NO ACTION ON UPDATE NO ACTION,
  CONSTRAINT `fk_form_has_table_table1` FOREIGN KEY (`form_table_id_form_table`) REFERENCES `form_table` (`id_form_table`) ON DELETE NO ACTION ON UPDATE NO ACTION
) ENGINE=InnoDB AUTO_INCREMENT=481 DEFAULT CHARSET=utf8;
/*!40101 SET character_set_client = @saved_cs_client */;

--
-- Dumping data for table `form_has_form_table`
--

LOCK TABLES `form_has_form_table` WRITE;
/*!40000 ALTER TABLE `form_has_form_table` DISABLE KEYS */;
INSERT INTO `form_has_form_table` VALUES (16,7,2,'8:30','9:00',NULL,NULL,NULL,NULL,NULL),(17,7,2,'','',NULL,NULL,NULL,NULL,NULL),(18,7,2,'','',NULL,NULL,NULL,NULL,NULL),(19,7,2,'8:30','',NULL,NULL,NULL,NULL,NULL),(20,7,2,'','',NULL,NULL,NULL,NULL,NULL),(21,7,2,'','9:00',NULL,NULL,NULL,NULL,NULL),(22,11,2,'','',NULL,NULL,NULL,NULL,NULL),(23,11,2,'','',NULL,NULL,NULL,NULL,NULL),(24,11,2,'','',NULL,NULL,NULL,NULL,NULL),(25,11,2,'','',NULL,NULL,NULL,NULL,NULL),(26,11,2,'','',NULL,NULL,NULL,NULL,NULL),(27,11,2,'','',NULL,NULL,NULL,NULL,NULL),(28,15,2,'','',NULL,NULL,NULL,NULL,NULL),(29,15,2,'','',NULL,NULL,NULL,NULL,NULL),(30,15,2,'','',NULL,NULL,NULL,NULL,NULL),(31,15,2,'','',NULL,NULL,NULL,NULL,NULL),(32,15,2,'','',NULL,NULL,NULL,NULL,NULL),(33,15,2,'','',NULL,NULL,NULL,NULL,NULL),(34,18,2,'','',NULL,NULL,NULL,NULL,NULL),(35,18,2,'','',NULL,NULL,NULL,NULL,NULL),(36,18,2,'','',NULL,NULL,NULL,NULL,NULL),(37,18,2,'','',NULL,NULL,NULL,NULL,NULL),(38,18,2,'','',NULL,NULL,NULL,NULL,NULL),(39,18,2,'','',NULL,NULL,NULL,NULL,NULL),(40,54,2,'8:30','',NULL,NULL,NULL,NULL,NULL),(41,54,2,'','',NULL,NULL,NULL,NULL,NULL),(42,54,2,'8:30','',NULL,NULL,NULL,NULL,NULL),(43,54,2,'','',NULL,NULL,NULL,NULL,NULL),(44,54,2,'','',NULL,NULL,NULL,NULL,NULL),(45,54,2,'','9:00',NULL,NULL,NULL,NULL,NULL),(46,58,2,'','',NULL,NULL,NULL,NULL,NULL),(47,58,2,'','',NULL,NULL,NULL,NULL,NULL),(48,58,2,'','',NULL,NULL,NULL,NULL,NULL),(49,58,2,'','',NULL,NULL,NULL,NULL,NULL),(50,58,2,'','',NULL,NULL,NULL,NULL,NULL),(51,58,2,'','',NULL,NULL,NULL,NULL,NULL),(52,59,2,'9:00','9:00',NULL,NULL,NULL,NULL,NULL),(53,59,2,'8:00','',NULL,NULL,NULL,NULL,NULL),(54,59,2,'8:00','9:00',NULL,NULL,NULL,NULL,NULL),(55,59,2,'','',NULL,NULL,NULL,NULL,NULL),(56,59,2,'','',NULL,NULL,NULL,NULL,NULL),(57,59,2,'8:00','9:00',NULL,NULL,NULL,NULL,NULL),(65,64,2,'8:00','',NULL,NULL,NULL,NULL,NULL),(66,64,2,'','',NULL,NULL,NULL,NULL,NULL),(67,64,2,'8:00-11:00','15:00',NULL,NULL,NULL,NULL,NULL),(68,64,2,'','',NULL,NULL,NULL,NULL,NULL),(69,64,2,'','',NULL,NULL,NULL,NULL,NULL),(70,64,2,'','',NULL,NULL,NULL,NULL,NULL),(71,65,3,'5','ayer','','','','',''),(72,65,3,'1','hoy','','','','',''),(73,66,3,'5','hoy','','','','',''),(78,66,3,'1','hoy','','','','',''),(79,67,3,'1','','','','','',''),(80,67,3,'2','','','','','',''),(81,68,2,'9:00 - 12:00','',NULL,NULL,NULL,NULL,NULL),(82,68,2,'9:00 - 12:00','',NULL,NULL,NULL,NULL,NULL),(83,68,2,'9:00 - 12:00','',NULL,NULL,NULL,NULL,NULL),(84,68,2,'9:00 - 12:00','',NULL,NULL,NULL,NULL,NULL),(85,68,2,'9:00 - 12:00','',NULL,NULL,NULL,NULL,NULL),(86,68,2,'9:00 - 12:00','',NULL,NULL,NULL,NULL,NULL),(87,69,2,'','',NULL,NULL,NULL,NULL,NULL),(88,69,2,'','4:00',NULL,NULL,NULL,NULL,NULL),(89,69,2,'8:00','',NULL,NULL,NULL,NULL,NULL),(90,69,2,'','',NULL,NULL,NULL,NULL,NULL),(91,69,2,'','',NULL,NULL,NULL,NULL,NULL),(92,69,2,'','',NULL,NULL,NULL,NULL,NULL),(93,70,2,'','',NULL,NULL,NULL,NULL,NULL),(94,70,2,'','',NULL,NULL,NULL,NULL,NULL),(95,70,2,'','',NULL,NULL,NULL,NULL,NULL),(96,70,2,'','',NULL,NULL,NULL,NULL,NULL),(97,70,2,'','',NULL,NULL,NULL,NULL,NULL),(98,70,2,'','',NULL,NULL,NULL,NULL,NULL),(99,71,2,'','',NULL,NULL,NULL,NULL,NULL),(100,71,2,'','',NULL,NULL,NULL,NULL,NULL),(101,71,2,'','',NULL,NULL,NULL,NULL,NULL),(102,71,2,'','',NULL,NULL,NULL,NULL,NULL),(103,71,2,'','',NULL,NULL,NULL,NULL,NULL),(104,71,2,'','',NULL,NULL,NULL,NULL,NULL),(105,73,2,'','',NULL,NULL,NULL,NULL,NULL),(106,73,2,'','2:00',NULL,NULL,NULL,NULL,NULL),(107,73,2,'','',NULL,NULL,NULL,NULL,NULL),(108,73,2,'','2:00',NULL,NULL,NULL,NULL,NULL),(109,73,2,'','',NULL,NULL,NULL,NULL,NULL),(110,73,2,'','',NULL,NULL,NULL,NULL,NULL),(111,74,3,'1','4/10/2016','0','013','Q30','Q30','1415'),(112,74,3,'2','11/10/2016','Q30','017','Q30','Q60','3456'),(113,74,3,'3','25/10/2016','Q60','020','0','Q60','0'),(131,83,2,'8:00','',NULL,NULL,NULL,NULL,NULL),(132,83,2,'','',NULL,NULL,NULL,NULL,NULL),(133,83,2,'','',NULL,NULL,NULL,NULL,NULL),(134,83,2,'','',NULL,NULL,NULL,NULL,NULL),(135,83,2,'','',NULL,NULL,NULL,NULL,NULL),(136,83,2,'','',NULL,NULL,NULL,NULL,NULL),(137,84,6,'','',NULL,NULL,NULL,NULL,NULL),(138,84,6,'','',NULL,NULL,NULL,NULL,NULL),(139,84,6,'','',NULL,NULL,NULL,NULL,NULL),(140,84,6,'','',NULL,NULL,NULL,NULL,NULL),(141,84,6,'','',NULL,NULL,NULL,NULL,NULL),(142,84,6,'','',NULL,NULL,NULL,NULL,NULL),(143,84,6,'','',NULL,NULL,NULL,NULL,NULL),(144,84,6,'','',NULL,NULL,NULL,NULL,NULL),(145,84,6,'','',NULL,NULL,NULL,NULL,NULL),(146,84,6,'','',NULL,NULL,NULL,NULL,NULL),(147,84,6,'','',NULL,NULL,NULL,NULL,NULL),(148,84,6,'','',NULL,NULL,NULL,NULL,NULL),(149,84,7,'','',NULL,NULL,NULL,NULL,NULL),(150,84,7,'','',NULL,NULL,NULL,NULL,NULL),(151,84,7,'','',NULL,NULL,NULL,NULL,NULL),(152,84,7,'','',NULL,NULL,NULL,NULL,NULL),(153,84,8,'',NULL,NULL,NULL,NULL,NULL,NULL),(154,84,8,'',NULL,NULL,NULL,NULL,NULL,NULL),(155,84,8,'',NULL,NULL,NULL,NULL,NULL,NULL),(156,84,8,'',NULL,NULL,NULL,NULL,NULL,NULL),(157,84,8,'',NULL,NULL,NULL,NULL,NULL,NULL),(158,84,8,'',NULL,NULL,NULL,NULL,NULL,NULL),(159,84,8,'',NULL,NULL,NULL,NULL,NULL,NULL),(160,84,8,'',NULL,NULL,NULL,NULL,NULL,NULL),(161,84,8,'',NULL,NULL,NULL,NULL,NULL,NULL),(162,84,8,'',NULL,NULL,NULL,NULL,NULL,NULL),(163,84,8,'',NULL,NULL,NULL,NULL,NULL,NULL),(164,84,8,'',NULL,NULL,NULL,NULL,NULL,NULL),(165,84,8,'',NULL,NULL,NULL,NULL,NULL,NULL),(166,84,8,'',NULL,NULL,NULL,NULL,NULL,NULL),(167,84,8,'',NULL,NULL,NULL,NULL,NULL,NULL),(168,84,8,'',NULL,NULL,NULL,NULL,NULL,NULL),(169,84,8,'',NULL,NULL,NULL,NULL,NULL,NULL),(170,84,8,'',NULL,NULL,NULL,NULL,NULL,NULL),(171,84,8,'',NULL,NULL,NULL,NULL,NULL,NULL),(172,84,8,'',NULL,NULL,NULL,NULL,NULL,NULL),(173,84,8,'',NULL,NULL,NULL,NULL,NULL,NULL),(174,84,8,'',NULL,NULL,NULL,NULL,NULL,NULL),(175,84,8,'',NULL,NULL,NULL,NULL,NULL,NULL),(176,84,8,'',NULL,NULL,NULL,NULL,NULL,NULL),(177,84,9,'','',NULL,NULL,NULL,NULL,NULL),(178,84,9,'','',NULL,NULL,NULL,NULL,NULL),(179,84,9,'','',NULL,NULL,NULL,NULL,NULL),(180,84,9,'','',NULL,NULL,NULL,NULL,NULL),(181,84,9,'','',NULL,NULL,NULL,NULL,NULL),(182,84,9,'','',NULL,NULL,NULL,NULL,NULL),(183,84,9,'','',NULL,NULL,NULL,NULL,NULL),(184,84,9,'','',NULL,NULL,NULL,NULL,NULL),(185,84,9,'','',NULL,NULL,NULL,NULL,NULL),(186,84,9,'','',NULL,NULL,NULL,NULL,NULL),(187,84,9,'','',NULL,NULL,NULL,NULL,NULL),(188,84,9,'','',NULL,NULL,NULL,NULL,NULL),(189,84,9,'','',NULL,NULL,NULL,NULL,NULL),(190,84,9,'','',NULL,NULL,NULL,NULL,NULL),(191,84,9,'','',NULL,NULL,NULL,NULL,NULL),(192,84,9,'','',NULL,NULL,NULL,NULL,NULL),(193,84,9,'','',NULL,NULL,NULL,NULL,NULL),(194,84,9,'','',NULL,NULL,NULL,NULL,NULL),(195,84,9,'','',NULL,NULL,NULL,NULL,NULL),(196,84,9,'','',NULL,NULL,NULL,NULL,NULL),(197,84,9,'','',NULL,NULL,NULL,NULL,NULL),(198,84,9,'','',NULL,NULL,NULL,NULL,NULL),(199,84,9,'','',NULL,NULL,NULL,NULL,NULL),(200,84,9,'','',NULL,NULL,NULL,NULL,NULL),(201,84,9,'','',NULL,NULL,NULL,NULL,NULL),(202,84,9,'','',NULL,NULL,NULL,NULL,NULL),(203,84,9,'','',NULL,NULL,NULL,NULL,NULL),(204,84,9,'','',NULL,NULL,NULL,NULL,NULL),(205,84,10,'','',NULL,NULL,NULL,NULL,NULL),(206,84,10,'','',NULL,NULL,NULL,NULL,NULL),(207,84,10,'','',NULL,NULL,NULL,NULL,NULL),(208,84,10,'','',NULL,NULL,NULL,NULL,NULL),(209,84,10,'','',NULL,NULL,NULL,NULL,NULL),(210,84,10,'','',NULL,NULL,NULL,NULL,NULL),(211,84,10,'','',NULL,NULL,NULL,NULL,NULL),(212,84,10,'','',NULL,NULL,NULL,NULL,NULL),(213,84,10,'','',NULL,NULL,NULL,NULL,NULL),(214,84,10,'','',NULL,NULL,NULL,NULL,NULL),(215,84,10,'','',NULL,NULL,NULL,NULL,NULL),(216,84,10,'','',NULL,NULL,NULL,NULL,NULL),(217,84,10,'','',NULL,NULL,NULL,NULL,NULL),(218,84,10,'','',NULL,NULL,NULL,NULL,NULL),(219,84,10,'','',NULL,NULL,NULL,NULL,NULL),(220,84,10,'','',NULL,NULL,NULL,NULL,NULL),(221,84,10,'','',NULL,NULL,NULL,NULL,NULL),(222,84,10,'','',NULL,NULL,NULL,NULL,NULL),(223,84,10,'','',NULL,NULL,NULL,NULL,NULL),(224,84,10,'','',NULL,NULL,NULL,NULL,NULL),(225,84,10,'','',NULL,NULL,NULL,NULL,NULL),(226,84,10,'','',NULL,NULL,NULL,NULL,NULL),(227,84,10,'','',NULL,NULL,NULL,NULL,NULL),(228,84,10,'','',NULL,NULL,NULL,NULL,NULL),(229,84,10,'','',NULL,NULL,NULL,NULL,NULL),(230,84,10,'','',NULL,NULL,NULL,NULL,NULL),(231,84,10,'','',NULL,NULL,NULL,NULL,NULL),(232,84,10,'','',NULL,NULL,NULL,NULL,NULL),(233,84,10,'','',NULL,NULL,NULL,NULL,NULL),(234,84,10,'','',NULL,NULL,NULL,NULL,NULL),(235,84,11,'','',NULL,NULL,NULL,NULL,NULL),(236,84,11,'','',NULL,NULL,NULL,NULL,NULL),(237,84,11,'','',NULL,NULL,NULL,NULL,NULL),(238,84,11,'','',NULL,NULL,NULL,NULL,NULL),(239,84,11,'','',NULL,NULL,NULL,NULL,NULL),(240,84,11,'','',NULL,NULL,NULL,NULL,NULL),(241,84,11,'','',NULL,NULL,NULL,NULL,NULL),(242,84,11,'','',NULL,NULL,NULL,NULL,NULL),(243,84,11,'','',NULL,NULL,NULL,NULL,NULL),(244,84,11,'','',NULL,NULL,NULL,NULL,NULL),(245,84,11,'','',NULL,NULL,NULL,NULL,NULL),(246,84,11,'','',NULL,NULL,NULL,NULL,NULL),(247,84,11,'','',NULL,NULL,NULL,NULL,NULL),(248,84,11,'','',NULL,NULL,NULL,NULL,NULL),(249,84,11,'','',NULL,NULL,NULL,NULL,NULL),(250,84,11,'','',NULL,NULL,NULL,NULL,NULL),(251,84,11,'','',NULL,NULL,NULL,NULL,NULL),(252,84,11,'','',NULL,NULL,NULL,NULL,NULL),(253,84,11,'','',NULL,NULL,NULL,NULL,NULL),(254,84,11,'','',NULL,NULL,NULL,NULL,NULL),(255,84,11,'','',NULL,NULL,NULL,NULL,NULL),(256,84,11,'','',NULL,NULL,NULL,NULL,NULL),(257,84,11,'','',NULL,NULL,NULL,NULL,NULL),(258,84,11,'','',NULL,NULL,NULL,NULL,NULL),(259,84,11,'','',NULL,NULL,NULL,NULL,NULL),(260,84,11,'','',NULL,NULL,NULL,NULL,NULL),(261,84,11,'','',NULL,NULL,NULL,NULL,NULL),(262,84,11,'','',NULL,NULL,NULL,NULL,NULL),(263,84,11,'','',NULL,NULL,NULL,NULL,NULL),(264,84,11,'','',NULL,NULL,NULL,NULL,NULL),(265,84,11,'','',NULL,NULL,NULL,NULL,NULL),(266,84,11,'','',NULL,NULL,NULL,NULL,NULL),(267,84,11,'','',NULL,NULL,NULL,NULL,NULL),(268,84,11,'','',NULL,NULL,NULL,NULL,NULL),(269,84,11,'','',NULL,NULL,NULL,NULL,NULL),(270,84,11,'','',NULL,NULL,NULL,NULL,NULL),(271,84,11,'','',NULL,NULL,NULL,NULL,NULL),(272,84,11,'','',NULL,NULL,NULL,NULL,NULL),(273,84,11,'','',NULL,NULL,NULL,NULL,NULL),(274,84,11,'','',NULL,NULL,NULL,NULL,NULL),(275,84,11,'','',NULL,NULL,NULL,NULL,NULL),(276,84,11,'','',NULL,NULL,NULL,NULL,NULL),(277,84,11,'','',NULL,NULL,NULL,NULL,NULL),(278,84,11,'','',NULL,NULL,NULL,NULL,NULL),(279,84,11,'','',NULL,NULL,NULL,NULL,NULL),(280,84,12,'','','',NULL,NULL,NULL,NULL),(281,84,12,'','','',NULL,NULL,NULL,NULL),(282,84,12,'','','',NULL,NULL,NULL,NULL),(283,84,12,'','','',NULL,NULL,NULL,NULL),(284,84,12,'','','',NULL,NULL,NULL,NULL),(285,84,12,'','','',NULL,NULL,NULL,NULL),(286,84,12,'','','',NULL,NULL,NULL,NULL),(287,84,12,'','','',NULL,NULL,NULL,NULL),(288,84,12,'','','',NULL,NULL,NULL,NULL),(289,84,13,'',NULL,NULL,NULL,NULL,NULL,NULL),(290,84,13,'',NULL,NULL,NULL,NULL,NULL,NULL),(291,84,13,'',NULL,NULL,NULL,NULL,NULL,NULL),(292,84,13,'',NULL,NULL,NULL,NULL,NULL,NULL),(293,84,13,'',NULL,NULL,NULL,NULL,NULL,NULL),(294,84,13,'',NULL,NULL,NULL,NULL,NULL,NULL),(295,84,13,'',NULL,NULL,NULL,NULL,NULL,NULL),(296,84,13,'',NULL,NULL,NULL,NULL,NULL,NULL),(297,84,13,'',NULL,NULL,NULL,NULL,NULL,NULL),(298,84,13,'',NULL,NULL,NULL,NULL,NULL,NULL),(299,84,13,'',NULL,NULL,NULL,NULL,NULL,NULL),(300,84,13,'',NULL,NULL,NULL,NULL,NULL,NULL),(301,84,13,'',NULL,NULL,NULL,NULL,NULL,NULL),(302,84,13,'',NULL,NULL,NULL,NULL,NULL,NULL),(303,84,13,'',NULL,NULL,NULL,NULL,NULL,NULL),(304,84,13,'',NULL,NULL,NULL,NULL,NULL,NULL),(305,85,2,'8:00 - 10:00','',NULL,NULL,NULL,NULL,NULL),(306,85,2,'8:00 - 10:00','',NULL,NULL,NULL,NULL,NULL),(307,85,2,'8:00 - 10:00','',NULL,NULL,NULL,NULL,NULL),(308,85,2,'8:00 - 10:00','',NULL,NULL,NULL,NULL,NULL),(309,85,2,'8:00 - 10:00','',NULL,NULL,NULL,NULL,NULL),(310,85,2,'8:00 - 10:00','',NULL,NULL,NULL,NULL,NULL),(311,86,6,'','',NULL,NULL,NULL,NULL,NULL),(312,86,6,'','',NULL,NULL,NULL,NULL,NULL),(313,86,6,'','',NULL,NULL,NULL,NULL,NULL),(314,86,6,'','',NULL,NULL,NULL,NULL,NULL),(315,86,6,'','',NULL,NULL,NULL,NULL,NULL),(316,86,6,'','',NULL,NULL,NULL,NULL,NULL),(317,86,6,'','',NULL,NULL,NULL,NULL,NULL),(318,86,6,'','',NULL,NULL,NULL,NULL,NULL),(319,86,6,'','',NULL,NULL,NULL,NULL,NULL),(320,86,6,'','',NULL,NULL,NULL,NULL,NULL),(321,86,6,'','',NULL,NULL,NULL,NULL,NULL),(322,86,6,'','',NULL,NULL,NULL,NULL,NULL),(323,86,7,'','',NULL,NULL,NULL,NULL,NULL),(324,86,7,'','',NULL,NULL,NULL,NULL,NULL),(325,86,7,'','',NULL,NULL,NULL,NULL,NULL),(326,86,7,'','',NULL,NULL,NULL,NULL,NULL),(327,86,8,'',NULL,NULL,NULL,NULL,NULL,NULL),(328,86,8,'',NULL,NULL,NULL,NULL,NULL,NULL),(329,86,8,'',NULL,NULL,NULL,NULL,NULL,NULL),(330,86,8,'',NULL,NULL,NULL,NULL,NULL,NULL),(331,86,8,'',NULL,NULL,NULL,NULL,NULL,NULL),(332,86,8,'',NULL,NULL,NULL,NULL,NULL,NULL),(333,86,8,'',NULL,NULL,NULL,NULL,NULL,NULL),(334,86,8,'',NULL,NULL,NULL,NULL,NULL,NULL),(335,86,8,'',NULL,NULL,NULL,NULL,NULL,NULL),(336,86,8,'',NULL,NULL,NULL,NULL,NULL,NULL),(337,86,8,'',NULL,NULL,NULL,NULL,NULL,NULL),(338,86,8,'',NULL,NULL,NULL,NULL,NULL,NULL),(339,86,8,'',NULL,NULL,NULL,NULL,NULL,NULL),(340,86,8,'',NULL,NULL,NULL,NULL,NULL,NULL),(341,86,8,'',NULL,NULL,NULL,NULL,NULL,NULL),(342,86,8,'',NULL,NULL,NULL,NULL,NULL,NULL),(343,86,8,'',NULL,NULL,NULL,NULL,NULL,NULL),(344,86,8,'',NULL,NULL,NULL,NULL,NULL,NULL),(345,86,8,'',NULL,NULL,NULL,NULL,NULL,NULL),(346,86,8,'',NULL,NULL,NULL,NULL,NULL,NULL),(347,86,8,'',NULL,NULL,NULL,NULL,NULL,NULL),(348,86,8,'',NULL,NULL,NULL,NULL,NULL,NULL),(349,86,8,'',NULL,NULL,NULL,NULL,NULL,NULL),(350,86,8,'',NULL,NULL,NULL,NULL,NULL,NULL),(351,86,9,'','',NULL,NULL,NULL,NULL,NULL),(352,86,9,'','',NULL,NULL,NULL,NULL,NULL),(353,86,9,'','',NULL,NULL,NULL,NULL,NULL),(354,86,9,'','',NULL,NULL,NULL,NULL,NULL),(355,86,9,'','',NULL,NULL,NULL,NULL,NULL),(356,86,9,'','',NULL,NULL,NULL,NULL,NULL),(357,86,9,'','',NULL,NULL,NULL,NULL,NULL),(358,86,9,'','',NULL,NULL,NULL,NULL,NULL),(359,86,9,'','',NULL,NULL,NULL,NULL,NULL),(360,86,9,'','',NULL,NULL,NULL,NULL,NULL),(361,86,9,'','',NULL,NULL,NULL,NULL,NULL),(362,86,9,'','',NULL,NULL,NULL,NULL,NULL),(363,86,9,'','',NULL,NULL,NULL,NULL,NULL),(364,86,9,'','',NULL,NULL,NULL,NULL,NULL),(365,86,9,'','',NULL,NULL,NULL,NULL,NULL),(366,86,9,'','',NULL,NULL,NULL,NULL,NULL),(367,86,9,'','',NULL,NULL,NULL,NULL,NULL),(368,86,9,'','',NULL,NULL,NULL,NULL,NULL),(369,86,9,'','',NULL,NULL,NULL,NULL,NULL),(370,86,9,'','',NULL,NULL,NULL,NULL,NULL),(371,86,9,'','',NULL,NULL,NULL,NULL,NULL),(372,86,9,'','',NULL,NULL,NULL,NULL,NULL),(373,86,9,'','',NULL,NULL,NULL,NULL,NULL),(374,86,9,'','',NULL,NULL,NULL,NULL,NULL),(375,86,9,'','',NULL,NULL,NULL,NULL,NULL),(376,86,9,'','',NULL,NULL,NULL,NULL,NULL),(377,86,9,'','',NULL,NULL,NULL,NULL,NULL),(378,86,9,'','',NULL,NULL,NULL,NULL,NULL),(379,86,10,'','',NULL,NULL,NULL,NULL,NULL),(380,86,10,'','',NULL,NULL,NULL,NULL,NULL),(381,86,10,'','',NULL,NULL,NULL,NULL,NULL),(382,86,10,'','',NULL,NULL,NULL,NULL,NULL),(383,86,10,'','',NULL,NULL,NULL,NULL,NULL),(384,86,10,'','',NULL,NULL,NULL,NULL,NULL),(385,86,10,'','',NULL,NULL,NULL,NULL,NULL),(386,86,10,'','',NULL,NULL,NULL,NULL,NULL),(387,86,10,'','',NULL,NULL,NULL,NULL,NULL),(388,86,10,'','',NULL,NULL,NULL,NULL,NULL),(389,86,10,'','',NULL,NULL,NULL,NULL,NULL),(390,86,10,'','',NULL,NULL,NULL,NULL,NULL),(391,86,10,'','',NULL,NULL,NULL,NULL,NULL),(392,86,10,'','',NULL,NULL,NULL,NULL,NULL),(393,86,10,'','',NULL,NULL,NULL,NULL,NULL),(394,86,10,'','',NULL,NULL,NULL,NULL,NULL),(395,86,10,'','',NULL,NULL,NULL,NULL,NULL),(396,86,10,'','',NULL,NULL,NULL,NULL,NULL),(397,86,10,'','',NULL,NULL,NULL,NULL,NULL),(398,86,10,'','',NULL,NULL,NULL,NULL,NULL),(399,86,10,'','',NULL,NULL,NULL,NULL,NULL),(400,86,10,'','',NULL,NULL,NULL,NULL,NULL),(401,86,10,'','',NULL,NULL,NULL,NULL,NULL),(402,86,10,'','',NULL,NULL,NULL,NULL,NULL),(403,86,10,'','',NULL,NULL,NULL,NULL,NULL),(404,86,10,'','',NULL,NULL,NULL,NULL,NULL),(405,86,10,'','',NULL,NULL,NULL,NULL,NULL),(406,86,10,'','',NULL,NULL,NULL,NULL,NULL),(407,86,10,'','',NULL,NULL,NULL,NULL,NULL),(408,86,10,'','',NULL,NULL,NULL,NULL,NULL),(409,86,11,'','',NULL,NULL,NULL,NULL,NULL),(410,86,11,'','',NULL,NULL,NULL,NULL,NULL),(411,86,11,'','',NULL,NULL,NULL,NULL,NULL),(412,86,11,'','',NULL,NULL,NULL,NULL,NULL),(413,86,11,'','',NULL,NULL,NULL,NULL,NULL),(414,86,11,'','',NULL,NULL,NULL,NULL,NULL),(415,86,11,'','',NULL,NULL,NULL,NULL,NULL),(416,86,11,'','',NULL,NULL,NULL,NULL,NULL),(417,86,11,'','',NULL,NULL,NULL,NULL,NULL),(418,86,11,'','',NULL,NULL,NULL,NULL,NULL),(419,86,11,'','',NULL,NULL,NULL,NULL,NULL),(420,86,11,'','',NULL,NULL,NULL,NULL,NULL),(421,86,11,'','',NULL,NULL,NULL,NULL,NULL),(422,86,11,'','',NULL,NULL,NULL,NULL,NULL),(423,86,11,'','',NULL,NULL,NULL,NULL,NULL),(424,86,11,'','',NULL,NULL,NULL,NULL,NULL),(425,86,11,'','',NULL,NULL,NULL,NULL,NULL),(426,86,11,'','',NULL,NULL,NULL,NULL,NULL),(427,86,11,'','',NULL,NULL,NULL,NULL,NULL),(428,86,11,'','',NULL,NULL,NULL,NULL,NULL),(429,86,11,'','',NULL,NULL,NULL,NULL,NULL),(430,86,11,'','',NULL,NULL,NULL,NULL,NULL),(431,86,11,'','',NULL,NULL,NULL,NULL,NULL),(432,86,11,'','',NULL,NULL,NULL,NULL,NULL),(433,86,11,'','',NULL,NULL,NULL,NULL,NULL),(434,86,11,'','',NULL,NULL,NULL,NULL,NULL),(435,86,11,'','',NULL,NULL,NULL,NULL,NULL),(436,86,11,'','',NULL,NULL,NULL,NULL,NULL),(437,86,11,'','',NULL,NULL,NULL,NULL,NULL),(438,86,11,'','',NULL,NULL,NULL,NULL,NULL),(439,86,11,'','',NULL,NULL,NULL,NULL,NULL),(440,86,11,'','',NULL,NULL,NULL,NULL,NULL),(441,86,11,'','',NULL,NULL,NULL,NULL,NULL),(442,86,11,'','',NULL,NULL,NULL,NULL,NULL),(443,86,11,'','',NULL,NULL,NULL,NULL,NULL),(444,86,11,'','',NULL,NULL,NULL,NULL,NULL),(445,86,11,'','',NULL,NULL,NULL,NULL,NULL),(446,86,11,'','',NULL,NULL,NULL,NULL,NULL),(447,86,11,'','',NULL,NULL,NULL,NULL,NULL),(448,86,11,'','',NULL,NULL,NULL,NULL,NULL),(449,86,11,'','',NULL,NULL,NULL,NULL,NULL),(450,86,11,'','',NULL,NULL,NULL,NULL,NULL),(451,86,11,'','',NULL,NULL,NULL,NULL,NULL),(452,86,11,'','',NULL,NULL,NULL,NULL,NULL),(453,86,11,'','',NULL,NULL,NULL,NULL,NULL),(454,86,12,'','','',NULL,NULL,NULL,NULL),(455,86,12,'','','',NULL,NULL,NULL,NULL),(456,86,12,'','','',NULL,NULL,NULL,NULL),(457,86,12,'','','',NULL,NULL,NULL,NULL),(458,86,12,'','','',NULL,NULL,NULL,NULL),(459,86,12,'','','',NULL,NULL,NULL,NULL),(460,86,12,'','','',NULL,NULL,NULL,NULL),(461,86,12,'','','',NULL,NULL,NULL,NULL),(462,86,12,'','','',NULL,NULL,NULL,NULL),(463,86,13,'',NULL,NULL,NULL,NULL,NULL,NULL),(464,86,13,'',NULL,NULL,NULL,NULL,NULL,NULL),(465,86,13,'',NULL,NULL,NULL,NULL,NULL,NULL),(466,86,13,'',NULL,NULL,NULL,NULL,NULL,NULL),(467,86,13,'',NULL,NULL,NULL,NULL,NULL,NULL),(468,86,13,'',NULL,NULL,NULL,NULL,NULL,NULL),(469,86,13,'',NULL,NULL,NULL,NULL,NULL,NULL),(470,86,13,'',NULL,NULL,NULL,NULL,NULL,NULL),(471,86,13,'',NULL,NULL,NULL,NULL,NULL,NULL),(472,86,13,'',NULL,NULL,NULL,NULL,NULL,NULL),(473,86,13,'',NULL,NULL,NULL,NULL,NULL,NULL),(474,86,13,'',NULL,NULL,NULL,NULL,NULL,NULL),(475,86,13,'',NULL,NULL,NULL,NULL,NULL,NULL),(476,86,13,'',NULL,NULL,NULL,NULL,NULL,NULL),(477,86,13,'',NULL,NULL,NULL,NULL,NULL,NULL),(478,86,13,'',NULL,NULL,NULL,NULL,NULL,NULL),(479,87,3,'1','9/11/2016','','1','20','','ABC2568'),(480,87,3,'2','10/11/2016','','1','20','','ABC33546');
/*!40000 ALTER TABLE `form_has_form_table` ENABLE KEYS */;
UNLOCK TABLES;

--
-- Table structure for table `form_table`
--

DROP TABLE IF EXISTS `form_table`;
/*!40101 SET @saved_cs_client     = @@character_set_client */;
/*!40101 SET character_set_client = utf8 */;
CREATE TABLE `form_table` (
  `id_form_table` int(11) NOT NULL AUTO_INCREMENT,
  `form_table_name` text NOT NULL,
  `field_number` int(11) NOT NULL,
  `form_type_id_form_type` int(11) NOT NULL,
  `field_type` int(11) NOT NULL,
  `number_columns` int(11) NOT NULL,
  `column1` text,
  `column2` text,
  `column3` text,
  `column4` text,
  `column5` text,
  `column6` text,
  `column7` text,
  `form_table_identifier` varchar(100) DEFAULT NULL,
  PRIMARY KEY (`id_form_table`),
  KEY `fk_table_form_type1_idx` (`form_type_id_form_type`),
  CONSTRAINT `fk_table_form_type1` FOREIGN KEY (`form_type_id_form_type`) REFERENCES `form_type` (`id_form_type`) ON DELETE NO ACTION ON UPDATE NO ACTION
) ENGINE=InnoDB AUTO_INCREMENT=30 DEFAULT CHARSET=utf8;
/*!40101 SET character_set_client = @saved_cs_client */;

--
-- Dumping data for table `form_table`
--

LOCK TABLES `form_table` WRITE;
/*!40000 ALTER TABLE `form_table` DISABLE KEYS */;
INSERT INTO `form_table` VALUES (2,'Disponibilidad de Horario',32,1,7,2,'Horario A.M.','Horario P.M.',NULL,NULL,NULL,NULL,NULL,'horario_table'),(3,'',4,3,9,7,'Sesión #','Fecha de Servicio','Balance Previo','Código','Donativo del/la cliente','Balance','No. de Recibo','sesiones_donativos_table'),(4,'Personas que viven en el hogar',59,5,9,4,'Nombre','Edad','Parentesco con el/la menor','Calidad de la relación con el/la menor',NULL,NULL,NULL,'relacion_personas_viven'),(5,'Familiares que viven fuera del hogar',60,5,9,4,'Nombre','Edad','Parentesco con el/la menor de edad','Calidad de la relación con el/la menor',NULL,NULL,NULL,'relacion_personas_familiares'),(6,'Conductas infantiles preescolares',93,5,7,2,'Edad','Información importante (habilidad/dificutad)',NULL,NULL,NULL,NULL,NULL,'conductas_preescolar'),(7,'Instituciones Educativas',96,5,7,2,'Institución Educativa','Información importante',NULL,NULL,NULL,NULL,NULL,'instituciones_educativas'),(8,'Problemas Escolares',102,5,7,1,'Sí',NULL,NULL,NULL,NULL,NULL,NULL,'problemas_escolares'),(9,'Enfermedades/Condiciones',109,5,7,2,'Sí','Edad',NULL,NULL,NULL,NULL,NULL,'enfermedades_condiciones_menor'),(10,'Enfermedades/Condiciones de familiares',112,5,7,2,'Sí','Relación con menor de edad',NULL,NULL,NULL,NULL,NULL,'enfermedades_condiciones_familiar'),(11,'Conductas/Problemas',114,5,7,2,'Sí','Edad',NULL,NULL,NULL,NULL,NULL,'conductas_problemas_menor'),(12,'Los padres del/la menor de edad puede decirse que ',116,5,7,3,'Bueno(a)','Regular','Malo(a)',NULL,NULL,NULL,NULL,'aspectos_padres_poseen'),(13,'',125,5,7,1,'Sí',NULL,NULL,NULL,NULL,NULL,NULL,'tecnica_disciplinaria_usada'),(14,'Familia Nuclear o Con Quien Convive',15,7,9,4,'Nombre','Edad','Relación','Tipo de Relación (cercana, conflictiva, distante)',NULL,NULL,NULL,'familia_nuclear_adulto'),(15,'¿Algún miembro de su familia ha padecido alguno de os siguientes problemas? Indique con una X quién:',16,7,7,5,'Madre','Padre','Abuelos','Hermanos','Hijo(a)s',NULL,NULL,'familia_padecido_problemas_adulto'),(16,'Por favor indique si ha padecido alguna de as siguientes enfermedades',19,7,7,1,'Marque con una X si aplica',NULL,NULL,NULL,NULL,NULL,NULL,'padecimiento_enfermedad_adulto'),(17,'Haga una lista de todos los medicamentos que esté tomando, tanto los que le fueron recetados (Incluyendo las píldoras anticonceptivas) como los que no le fueron recetados (como aspirinas, medicamentos para las alergias, diuréticos, laxantes, etc.).',24,7,9,3,'Medicamento (Mlg)','Dosis al día','Prescrito por',NULL,NULL,NULL,NULL,'medicamentos_tomando_adulto'),(18,'Si respondió Sí, por favor indique',27,7,9,3,'Nombre(s)','Dirección','Tiempo que estuvo en terapia',NULL,NULL,NULL,NULL,'info_consulta_recibida_adulto'),(19,'Por favor indique áreas problemáticas que lo/la llevaron a buscar servicios de consejería',29,7,7,1,'Marque con una X si aplica',NULL,NULL,NULL,NULL,NULL,NULL,'problematica_buscar_adulto'),(20,'Si respondió Sí, por favor llene los siguiente datos',32,7,9,3,'Hospital(es)','Dirección','Fechas de la hospitalización',NULL,NULL,NULL,NULL,'info_hospitalizacion_adulto'),(21,'Áreas disfuncionales o afectadas',28,8,7,1,'Marque con una X si aplica',NULL,NULL,NULL,NULL,NULL,NULL,'areas_afectadas'),(22,'Objetivos y estrategias del tratamiento *Que el terapeuta/consejero(a) plantea según el cliente',62,8,9,2,'Objetivo','Estrategia',NULL,NULL,NULL,NULL,NULL,'objetivos_estrategias_tratamiento'),(23,'Por favor marque con una X la casilla que mejor refleja su nivel de satisfacción con el/los servicio(s) recibido(s)',4,12,7,4,'Muy satisfecho(a)','Satisfecho(a)','Insatisfecho(a)','Muy insatisfecho(a)',NULL,NULL,NULL,'nivel_satisfaccion'),(24,'Por favor marque con una X la casilla que mejor refleja su nivel de satisfacción con el/los servicio(s) recibido(s)',4,14,7,4,'Muy satisfecho(a)','Satisfecho(a)','Insatisfecho(a)','Muy insatisfecho(a)',NULL,NULL,NULL,'nivel_satisfaccion'),(28,'Información de hijos(as) (solo si aplica)',60,10,9,3,'Nombre','Sexo','Edad',NULL,NULL,NULL,NULL,'hijos_table'),(29,'Familia nuclear o con quien convive',61,10,9,5,'Nombre','Edad','Relación','Género','Tipo de relación (cercana, conflictiva, distante)',NULL,NULL,'familia_table');
/*!40000 ALTER TABLE `form_table` ENABLE KEYS */;
UNLOCK TABLES;

--
-- Table structure for table `form_type`
--

DROP TABLE IF EXISTS `form_type`;
/*!40101 SET @saved_cs_client     = @@character_set_client */;
/*!40101 SET character_set_client = utf8 */;
CREATE TABLE `form_type` (
  `id_form_type` int(11) NOT NULL AUTO_INCREMENT,
  `name` varchar(100) NOT NULL,
  `code` varchar(45) NOT NULL,
  `multiple` int(11) DEFAULT NULL,
  `is_file` int(11) DEFAULT NULL,
  `visible_client` int(11) DEFAULT NULL,
  PRIMARY KEY (`id_form_type`)
) ENGINE=InnoDB AUTO_INCREMENT=25 DEFAULT CHARSET=utf8;
/*!40101 SET character_set_client = @saved_cs_client */;

--
-- Dumping data for table `form_type`
--

LOCK TABLES `form_type` WRITE;
/*!40000 ALTER TABLE `form_type` DISABLE KEYS */;
INSERT INTO `form_type` VALUES (1,'Entrevista Telefónica','FRM_PCE_01',0,0,0),(2,'Formulario para Referencia','FRM_PCE_03',0,0,0),(3,'Registro de Sesiones y Donativos','FRM_PCE_04',0,0,0),(4,'Verificación de los Servicios','FRM_PCE_05',0,0,0),(5,'Historia Psicológica de Clientes Menores de Edad','FRM_PCE_08',0,0,1),(6,'Escala de Ingresos/Donativos de Servicios Clínicos','FRM_PC_02',0,0,0),(7,'Información General de Cliente Adulto','FRM_PC_04',0,0,1),(8,'Notas de Sesión Inicial en Servicios Clínicos','FRM_PC_05',0,0,0),(9,'Notas de Progreso (SOEP)','FRM_PC_06',1,0,0),(10,'Conceptualización de Caso','FRM_PC_07',0,0,0),(11,'Resumen de Sesión de Terapia de Juego','FRM_PC_09',1,0,0),(12,'Encuesta de Satisfacción del Cliente en Servicios Clínicos','FRM_PC_10',0,0,0),(13,'Escala de Ingresos/Donativos de Servicios Psicoeducativos','FRM_PE_01',0,0,0),(14,'Encuesta de Satisfacción del Cliente en Servicios Psicoeducativos','FRM_PE_04',0,0,0),(15,'Autorización para el uso o entrega de información confiencial para referencia','FRM_PCE_02',0,1,0),(16,'Registro de terminación de los servicios','FRM_PCE_06',0,1,0),(17,'Consentimiento informado para servicios de menor de edad','FRM_PCE_07',0,1,0),(18,'Consentimiento informado cliente adulto, padre o tutor','FRM_PC_01',0,1,0),(19,'Acuerdo financiero con el/la cliente por servicios clínicos','FRM_PC_03',0,1,0),(20,'Contrato anti-suicidio/daño personal','FRM_PC_08',0,1,0),(21,'Carta de compromiso para evaluación psicoeducativa','FRM_PE_02',0,1,0),(22,'Políticas para entrega de informe de evaluación psicoeducativa','FRM_PE_03',0,1,0),(23,'Resumen Caso',' ',0,2,0),(24,'Archivo Extra','EXTRA',1,1,0);
/*!40000 ALTER TABLE `form_type` ENABLE KEYS */;
UNLOCK TABLES;

--
-- Table structure for table `induction`
--

DROP TABLE IF EXISTS `induction`;
/*!40101 SET @saved_cs_client     = @@character_set_client */;
/*!40101 SET character_set_client = utf8 */;
CREATE TABLE `induction` (
  `id_induction` int(11) NOT NULL AUTO_INCREMENT,
  `module_1` int(11) NOT NULL,
  `module_2` int(11) NOT NULL,
  `module_3` int(11) NOT NULL,
  `module_4` int(11) NOT NULL,
  `approved_date` date DEFAULT NULL,
  `auth_user_id` int(11) NOT NULL,
  PRIMARY KEY (`id_induction`),
  KEY `fk_induction_auth_user1_idx` (`auth_user_id`),
  CONSTRAINT `fk_induction_auth_user1` FOREIGN KEY (`auth_user_id`) REFERENCES `auth_user` (`id`) ON DELETE NO ACTION ON UPDATE NO ACTION
) ENGINE=InnoDB AUTO_INCREMENT=5 DEFAULT CHARSET=utf8;
/*!40101 SET character_set_client = @saved_cs_client */;

--
-- Dumping data for table `induction`
--

LOCK TABLES `induction` WRITE;
/*!40000 ALTER TABLE `induction` DISABLE KEYS */;
INSERT INTO `induction` VALUES (1,8,8,8,6,'2016-10-23',2),(2,8,8,8,6,'2016-10-23',4),(3,8,4,2,2,NULL,7),(4,0,0,0,0,NULL,3);
/*!40000 ALTER TABLE `induction` ENABLE KEYS */;
UNLOCK TABLES;

--
-- Table structure for table `recomendation`
--

DROP TABLE IF EXISTS `recomendation`;
/*!40101 SET @saved_cs_client     = @@character_set_client */;
/*!40101 SET character_set_client = utf8 */;
CREATE TABLE `recomendation` (
  `id_recomendation` int(11) NOT NULL AUTO_INCREMENT,
  `text` text,
  `id_test_recomendation` int(11) NOT NULL,
  PRIMARY KEY (`id_recomendation`),
  KEY `fk_recomendation_test1_idx` (`id_test_recomendation`),
  CONSTRAINT `fk_recomendation_test1` FOREIGN KEY (`id_test_recomendation`) REFERENCES `test` (`id_test`) ON DELETE NO ACTION ON UPDATE NO ACTION
) ENGINE=InnoDB AUTO_INCREMENT=20 DEFAULT CHARSET=latin1;
/*!40101 SET character_set_client = @saved_cs_client */;

--
-- Dumping data for table `recomendation`
--

LOCK TABLES `recomendation` WRITE;
/*!40000 ALTER TABLE `recomendation` DISABLE KEYS */;
INSERT INTO `recomendation` VALUES (1,'Al darle las instrucciones pedirle que las vuelva a repetir para asegurarse que las haya comprendido y que se le facilite realizar lo que se le pidió.',4),(2,'Alterne el trabajo de pupitre con otras actividades que le permitan levantarse y moverse un poco. Como por ejemplo, hacerlo repartir las guías a los compañeros, borrar el pizarrón, etc.',5),(3,'Reforzar las auto-instrucciones que consisten en que el niño o la niña pueda estar ante un problema y poder darse instrucciones a ella misma de qué pasos debe realizar para poder resolver el problema que se encuentra frente a ella.',4),(4,'Asignarle actividades de su agrado como dibujar o pintar cuando termine antes que los demás alguna actividad en clase. También se le podría motivar al pedirle ayuda a que pueda apoyar a otro compañero que está teniendo dificultad para realizar la actividad.',4),(5,'Utilizar el juego de “Simón dice…” que puede fomentar la concentración y el seguimiento de instrucciones. Un jugador que asume el papel de “Simón” tiene que intentar eliminar a todos los jugadores lo antes posible. El ganador del juego es el que consiga seguir todas las instrucciones correctamente.',4),(6,'Técnica del semáforo: esta consiste en que cuando no podemos controlar una emoción (sentimos mucha rabia, queremos agredir a alguien, nos ponemos muy nerviosos) tenemos que pararnos como cuando un carro está con la luz roja del semáforo. Después de parar, es el momento de pensar y darse cuenta de lo que se está sintiendo y por qué (luz amarilla). Y si uno se da tiempo de pensar pueden surgir alternativas o soluciones al conflicto o problema. Es la hora de elegir la mejor solución (luz verde). Después de haber aprendido la técnica, van a dibujar una situación en la que crean que han perdido el control, y al lado deben de representar cómo estaba su semáforo (verde, amarillo o rojo).',5),(7,'Escritura:\r\nRealizar junto al niño ejercicios de planas o que involucren escribir, utilizando letra de molde, ya que la letra de carta implica mayor reto para un niño en edad escolar.',0),(8,'Lectura:\r\nProcurar que el niño lea en voz alta con los padres para aprender la conversión grafema-fonema. A partir de esta lectura,  los padres pueden corregir al niño; con la práctica este proceso se vuelve automático. La lecutra debe ser de total interés para el niño.',0),(9,'Fomentar el conocimiento de las letras por medio de planas y carteles en los que pueda tener un reforzamiento visual de las mismas en casa. Este tipo de refuerzos podrían aplicarse también al aprendizaje de signos de puntuación.',0),(12,'Respetar su orden y su ritual, es decir, si prefiere guardar los juguetes de una determinada manera, hacerlo igual. Así se conseguirá empatizar y poder hacer tareas juntos',6),(13,'Haz láminas con dibujos de elementos básicos para comer, bañarse, vestirse incluso de alimentos. Pégalas en un lugar donde él pueda verlas para que señale lo que desea. Puedes preguntarle, ¿qué es? y denomina los objetos tú misma.',6),(14,'Se pueden recortar algunas letras de cartón y colocarlas dentro de un calcetín grande. A la misma vez, poner delante del niño o niña una cartulina con las letras escondidas. El juego consistirá en que encuentre, dentro del calcetín, las letras que están en la cartulina, para hacer que coincidan. Cada vez que encuentre una letra puede repetirla y motivarla(o) a que repita el sonido.',6),(15,'Facilitar la autonomía en el aprendizaje: planificando horarios, encontrando los mejores métodos de estudio, de acuerdo a las capacidades del niño o niña; y la autocorrección de actividades y tareas.',7),(16,'Fomentar la cooperación entre compañeros realizando trabajos en grupos y en parejas. Poner al niño o niña con altas capacidades a trabajar con un niño que se le dificulte el tema o materia. De esta manera trabajará sus habilidades sociales y podrá poner en práctica lo que se le facilita ayudando a otros.',7),(17,'Motivarlo a buscar diferentes soluciones a un mismo problema, así se fomentará el pensamiento divergente e independiente.',7),(18,'Matemática:\r\nPara manejar la aritmética, el niño debe entender la cantidad que cada número representa y el concepto que involucra al resolver un problema. Para ello se pueden realizar recetas de cocina y que pueda identificar la cantidad de cada ingrediente en la receta. Así mismo se pueden trabajar operaciones matemáticas (Ej. si para 1 pastel se necesitan 4 huevos, para 5 pasteles, cuántos huevos necesitaríamos?).',0),(19,'Para procedimientos matemáticos se le puede asignar un color a cada signo (p. ej. (+) de color verde (-) de color rojo (x) de color azul (:) de color naranja). Esto le permitirá tener otro estímulo del cual apoyarse para poder realizar las operaciones.',0);
/*!40000 ALTER TABLE `recomendation` ENABLE KEYS */;
UNLOCK TABLES;

--
-- Table structure for table `record`
--

DROP TABLE IF EXISTS `record`;
/*!40101 SET @saved_cs_client     = @@character_set_client */;
/*!40101 SET character_set_client = utf8 */;
CREATE TABLE `record` (
  `id_record` int(11) NOT NULL AUTO_INCREMENT,
  `record_type` varchar(45) DEFAULT NULL,
  `student_id` int(11) DEFAULT NULL,
  `professor_id` int(11) DEFAULT NULL,
  `client_id_client` int(11) DEFAULT NULL,
  `record_date` date NOT NULL,
  PRIMARY KEY (`id_record`),
  KEY `fk_record_auth_user1_idx` (`student_id`),
  KEY `fk_record_auth_user2_idx` (`professor_id`),
  KEY `fk_record_client1_idx` (`client_id_client`),
  CONSTRAINT `fk_record_auth_user1` FOREIGN KEY (`student_id`) REFERENCES `auth_user` (`id`) ON DELETE NO ACTION ON UPDATE NO ACTION,
  CONSTRAINT `fk_record_auth_user2` FOREIGN KEY (`professor_id`) REFERENCES `auth_user` (`id`) ON DELETE NO ACTION ON UPDATE NO ACTION,
  CONSTRAINT `fk_record_client1` FOREIGN KEY (`client_id_client`) REFERENCES `client` (`id_client`) ON DELETE NO ACTION ON UPDATE NO ACTION
) ENGINE=InnoDB AUTO_INCREMENT=27 DEFAULT CHARSET=utf8;
/*!40101 SET character_set_client = @saved_cs_client */;

--
-- Dumping data for table `record`
--

LOCK TABLES `record` WRITE;
/*!40000 ALTER TABLE `record` DISABLE KEYS */;
INSERT INTO `record` VALUES (9,'Consejería',NULL,2,8,'2016-09-11'),(10,'Evaluación Psicológica',3,9,9,'2016-09-12'),(11,'Psicoterapia',3,NULL,11,'2016-09-15'),(12,NULL,NULL,NULL,12,'2016-09-15'),(13,NULL,NULL,NULL,13,'2016-09-15'),(14,'Psicoterapia',NULL,NULL,30,'2016-08-08'),(15,'Consejería',NULL,NULL,31,'2016-09-27'),(16,'Psicoterapia',NULL,NULL,32,'2016-09-15'),(17,'Consejería',6,9,34,'2016-10-05'),(18,'Psicoterapia',2,2,35,'2016-10-06'),(19,'Psicoterapia',6,9,36,'2017-06-13'),(20,'Psicoterapia',7,9,37,'2016-10-04'),(21,NULL,NULL,NULL,38,'2016-10-20'),(22,NULL,NULL,NULL,39,'2016-10-05'),(23,'Evaluación Psicoeducativa',7,10,40,'2016-10-01'),(25,'Consejería',NULL,NULL,44,'2016-10-27'),(26,'Consejería',NULL,NULL,45,'2015-11-09');
/*!40000 ALTER TABLE `record` ENABLE KEYS */;
UNLOCK TABLES;

--
-- Table structure for table `summary_form`
--

DROP TABLE IF EXISTS `summary_form`;
/*!40101 SET @saved_cs_client     = @@character_set_client */;
/*!40101 SET character_set_client = utf8 */;
CREATE TABLE `summary_form` (
  `id_summary_form` int(11) NOT NULL AUTO_INCREMENT,
  `gender` varchar(45) NOT NULL,
  `birth_date` date NOT NULL,
  `age` int(11) NOT NULL,
  `education` varchar(45) NOT NULL,
  `registration_date` date NOT NULL,
  `termination_date` date DEFAULT NULL,
  `current_status` varchar(45) NOT NULL,
  `service_type` varchar(45) NOT NULL,
  `consultation_reason` text NOT NULL,
  `applied_tests` text NOT NULL,
  `number_sessions` int(11) NOT NULL,
  `diagnosis` varchar(45) NOT NULL,
  `referred_by` varchar(45) NOT NULL,
  `record_id_record` int(11) NOT NULL,
  `form_type_id_form_type` int(11) NOT NULL,
  PRIMARY KEY (`id_summary_form`),
  KEY `fk_summary_form_record1_idx` (`record_id_record`),
  KEY `fk_summary_form_form_type1_idx` (`form_type_id_form_type`),
  CONSTRAINT `fk_summary_form_form_type1` FOREIGN KEY (`form_type_id_form_type`) REFERENCES `form_type` (`id_form_type`) ON DELETE NO ACTION ON UPDATE NO ACTION,
  CONSTRAINT `fk_summary_form_record1` FOREIGN KEY (`record_id_record`) REFERENCES `record` (`id_record`) ON DELETE NO ACTION ON UPDATE NO ACTION
) ENGINE=InnoDB AUTO_INCREMENT=6 DEFAULT CHARSET=utf8;
/*!40101 SET character_set_client = @saved_cs_client */;

--
-- Dumping data for table `summary_form`
--

LOCK TABLES `summary_form` WRITE;
/*!40000 ALTER TABLE `summary_form` DISABLE KEYS */;
INSERT INTO `summary_form` VALUES (1,'M','1994-06-24',12,'Primaria','2016-10-06',NULL,'Referido','CLI','Trastorno Déficit de Atención, Autismo, Problemas de Aprendizaje, Problemas del Habla','',1,'','Institución Educativa',17,23),(2,'F','2016-10-20',2,'Prescolar','2016-10-14','2016-10-28','Referido','CLI','Trastorno Déficit de Atención, Trastorno Obsesivo Compulsivo,','Differential Aptitude Scale (DAS), Stanford-Binet Intelligence Scale (Stanford-Binet),',5,'Discapacidad Intelectual Leve,','Institución Educativa',20,23),(3,'M','1990-02-01',25,'Universitario','2016-10-12','2016-10-28','En Proceso','CON','Duelos,','Woodcock-Johnson III Prueba de Habilidades Cognitivas (WJ-III Cognitivo), Stanford-Binet Intelligence Scale (Stanford-Binet), Escala de Inteligencia Wechsler para Adultos (EIWA),',2,'Trastorno de ansiedad generalizada,','Clientes de CIPA',15,23),(4,'M','2006-02-01',10,'Primaria','2016-11-09',NULL,'En Proceso','CLI','El niño tiene problemas interactuando con otros niños.','Escala de Inteligencia de Wechsler para Preescolares(WPPSI-III), Inventario diferencial de adjetivos para la evaluación del estado de ánimo (IDDA-EA), Test de Evaluación del Trastorno por Déficit de Atención con Hiperactividad (EDAH),',2,'','Institución Educativa',26,23),(5,'F','2008-11-09',8,'Primaria','2016-11-09',NULL,'En Proceso','CLI','Problemas Conductuales, Trastornos del Desarrollo,','Woodcock-Johnson III Prueba de Habilidades Cognitivas (WJ-III Cognitivo), Test de Inteligencia Creativa (CREA),',2,'','Institución Educativa',19,23);
/*!40000 ALTER TABLE `summary_form` ENABLE KEYS */;
UNLOCK TABLES;

--
-- Table structure for table `test`
--

DROP TABLE IF EXISTS `test`;
/*!40101 SET @saved_cs_client     = @@character_set_client */;
/*!40101 SET character_set_client = utf8 */;
CREATE TABLE `test` (
  `id_test` int(11) NOT NULL,
  `name` varchar(150) NOT NULL,
  `description` text NOT NULL,
  `max_val` int(11) NOT NULL,
  `instructions` text NOT NULL,
  PRIMARY KEY (`id_test`)
) ENGINE=InnoDB DEFAULT CHARSET=utf8;
/*!40101 SET character_set_client = @saved_cs_client */;

--
-- Dumping data for table `test`
--

LOCK TABLES `test` WRITE;
/*!40000 ALTER TABLE `test` DISABLE KEYS */;
INSERT INTO `test` VALUES (0,'Trastorno de aprendizaje (escritura, lectura y matematica)','Son trastornos con base neurobiológica, a menudo con un componente genético que condiciona al niño, a pesar que este tenga una inteligencia normal. El niño puede que no consiga avanzar en uno o más aprendizajes de forma adecuada.',5,'A continuacion se le presentaran una serie de oraciones a las que usted debera marcar la frecuencia en que el nino/adolescente/adulto presenta cada una de las conductas descritas.'),(1,'Acoso Laboral','Se define acoso laboral a una situación en la que una persona ejerce una presión o violencia psicológica extrema por un período prolongado con el fin de destruir la reputación o comunicación de esta persona con otros colaboradores y forzando a la persona a abandonar su lugar de trabajo. Es muy importante detectarla a tiempo ya que puede ser muy dañino para la salud física, emocional y mental de uno o varios colaboradores',3,'A continuación se le presentan una serie de enunciados a las cuales usted deberá responder si se encuentra en desacuerdo, indiferente o en acuerdo'),(2,'Clima Laboral','El clima laboral de una organización son las apreciaciones que los colaboradores tienen acerca de las relaciones interpersonales, relación con superiores, entre otras que tienen un efecto directo con el desempeño de un colaborador al realizer sus responsabilidades dentro de la organización. A través de esta escala se desea determinar las áreas de mejora para incrementar su bienestar y satisfacción',3,'A continuación se le presentan una serie de enunciados a las cuales usted deberá responder si se encuentra en desacuerdo, indiferente o en acuerdo'),(3,'Desgaste Laboral','El desgaste laboral es un síndrome que se caracteriza por cansancio extremo, cinismo y falta de realización personal. Es un estado de cansancio en el que una persona es cínica acerca del valor de su trabajo u ocupación.  Es muy importante detectar este síndrome para poder ayudar a los colaboradores a tiempo y que mejoren su desempeño dentro de su puesto',3,'A continuación se le presentan una serie de enunciados a las cuales usted deberá responder si se encuentra en desacuerdo, indiferente o en acuerdo'),(4,'Trastorno por deficit de atencion','El Trastorno por Déficit de Atención o TDA, involucra falta de atención y concentración. Lo que se manifiesta en niños o adolescentes que se les dificultan completar tareas, se distraen con facilidad, cometen errores imprudentes y evitan actividades que requieren de trabajo mental continuo y de mucha concentración. Esto finalmente llega a influir en su funcionamiento y rendimiento académico.',5,'A continuacion se le presentaran una serie de oraciones a las que usted debera marcar la frecuencia en que el nino/adolescente/adulto presenta cada una de las conductas descritas.'),(5,'Trastorno por deficit de atencion con hiperactividad','El perfil hiperactivo-impulsivo se toma como parte del Trastorno por Déficit de Atención con hiperactividad. En este caso el niño o adolescente tiende a ser inquieto cuando debe permanecer sentado. Continuamente está hablando, teniendo grandes dificultades en permanecer callado. En comparación, con la población del subtipo con déficit de atención, puede presentar más agresividad. Del mismo modo suelen tener mayores dificultades en establecer relaciones sociales debido a su carácter impulsivo. Llegando a afectar finalmente a su funcionamiento y adaptación al medio ambiente.',5,'A continuacion se le presentaran una serie de oraciones a las que usted debera marcar la frecuencia en que el nino/adolescente/adulto presenta cada una de las conductas descritas.'),(6,'Trastorno del espectro autista','Los trastornos del espectro autista (TEA) son una falla en la función neurológica con base genética, los cuales se manifiestan en etapas tempranas a través de una serie de trastornos en la interacción social, comunicación y falta de flexibilidad en el comportamiento y razonamientos.',5,'A continuacion se le presentaran una serie de oraciones a las que usted debera marcar la frecuencia en que el nino/adolescente/adulto presenta cada una de las conductas descritas.'),(7,'Altas capacidades','Los niños, adolescentes o jóvenes con altas capacidades son aquellos que muestran evidencia de un rendimiento superior en las áreas: intelectual, creativo, artístico, liderazgo, o en campos académicos específicos. Además poseen o son capaces de desarrollar estos rasgos y aplicarlos a cualquier área para un valioso desempeño.',5,'A continuacion se le presentaran una serie de oraciones a las que usted debera marcar la frecuencia en que el nino/adolescente/adulto presenta cada una de las conductas descritas.');
/*!40000 ALTER TABLE `test` ENABLE KEYS */;
UNLOCK TABLES;

--
-- Table structure for table `test_demografic_result`
--

DROP TABLE IF EXISTS `test_demografic_result`;
/*!40101 SET @saved_cs_client     = @@character_set_client */;
/*!40101 SET character_set_client = utf8 */;
CREATE TABLE `test_demografic_result` (
  `id_test_demografic_result` int(11) NOT NULL AUTO_INCREMENT,
  `age` int(11) NOT NULL,
  `gender` varchar(6) NOT NULL,
  `relationship` varchar(6) NOT NULL,
  `test_result_id_test_result` int(11) NOT NULL,
  `test_id_test` int(11) NOT NULL,
  `result` float DEFAULT NULL,
  PRIMARY KEY (`id_test_demografic_result`),
  KEY `fk_test_demografic_result_test_result1_idx` (`test_result_id_test_result`),
  KEY `fk_test_demografic_result_test1_idx` (`test_id_test`),
  CONSTRAINT `fk_test_demografic_result_test1` FOREIGN KEY (`test_id_test`) REFERENCES `test` (`id_test`) ON DELETE NO ACTION ON UPDATE NO ACTION,
  CONSTRAINT `fk_test_demografic_result_test_result1` FOREIGN KEY (`test_result_id_test_result`) REFERENCES `test_result` (`id_test_result`) ON DELETE NO ACTION ON UPDATE NO ACTION
) ENGINE=InnoDB AUTO_INCREMENT=62 DEFAULT CHARSET=utf8;
/*!40101 SET character_set_client = @saved_cs_client */;

--
-- Dumping data for table `test_demografic_result`
--

LOCK TABLES `test_demografic_result` WRITE;
/*!40000 ALTER TABLE `test_demografic_result` DISABLE KEYS */;
INSERT INTO `test_demografic_result` VALUES (1,4,'Female','parent',2,0,2.07143),(2,5,'Female','parent',0,0,0),(3,5,'Female','parent',0,0,0.0714286),(4,5,'Female','tutor',2,0,2.14286),(5,21,'Female','parent',1,0,1.71429),(6,5,'Male','tutor',1,0,1.71429),(7,10,'Male','teachr',2,0,2.14286),(8,10,'Male','teachr',0,0,0.928571),(9,10,'Male','teachr',0,0,0.285714),(10,10,'Male','teachr',0,0,0.142857),(11,10,'Male','teachr',0,0,0),(12,10,'Male','parent',2,0,2.14286),(13,10,'Female','teachr',2,0,2.28571),(14,10,'Female','tutor',0,0,0.857143),(15,4,'Female','tutor',2,4,2.76471),(16,4,'Female','tutor',0,4,0),(17,6,'Female','tutor',0,0,0.285714),(18,12,'Male','teachr',6,7,2.08219),(19,12,'Male','parent',2,4,2.11765),(20,8,'Female','tutor',0,5,4),(21,8,'Female','tutor',3,5,3.16667),(22,8,'Male','tutor',1,6,1),(23,5,'Female','tutor',1,0,1.78571),(24,7,'Female','parent',2,5,2.94444),(25,10,'Female','tutor',1,5,1.66667),(26,5,'Female','parent',1,0,1.5),(27,6,'Female','tutor',1,4,1.88235),(28,6,'Female','tutor',1,4,1.88235),(29,6,'Female','tutor',1,4,1.88235),(30,12,'Male','tutor',1,0,1.42857),(31,12,'Male','tutor',0,0,0.285714),(32,12,'Male','tutor',1,0,1.35714),(33,5,'Male','tutor',1,0,1.57143),(34,3,'Female','parent',1,0,1.85714),(35,12,'Male','tutor',2,0,2.28571),(36,12,'Male','tutor',3,0,3.28571),(37,5,'Female','parent',4,7,0.273973),(38,5,'Female','parent',4,7,0.0821918),(39,5,'Female','parent',5,7,1.27397),(40,5,'Female','parent',6,7,2.26027),(41,5,'Female','parent',7,7,3.30137),(42,3,'Female','parent',1,0,1.85714),(43,30,'Male','tutor',2,4,2.23529),(44,33,'Female','teachr',2,5,2.55556),(45,7,'Male','parent',7,7,3.69863),(46,10,'Female','parent',1,0,1.92857),(47,10,'Male','parent',1,0,1.64286),(48,10,'Male','parent',1,0,1.78571),(49,5,'Female','parent',2,0,2),(50,4,'Female','tutor',1,0,1.85714),(51,4,'Female','tutor',1,0,1.85714),(52,14,'Female','parent',1,0,1.85714),(53,14,'Female','parent',1,0,1.85714),(54,14,'Female','parent',1,0,1.85714),(55,5,'Female','tutor',1,0,1.85714),(56,10,'Male','parent',2,0,2.28571),(57,10,'Female','parent',2,0,2.71429),(58,6,'Male','parent',2,6,2.55556),(59,7,'Male','parent',7,7,3.27397),(60,5,'Female','parent',2,0,2.14286),(61,4,'Male','teachr',2,0,2);
/*!40000 ALTER TABLE `test_demografic_result` ENABLE KEYS */;
UNLOCK TABLES;

--
-- Table structure for table `test_organization_general_form`
--

DROP TABLE IF EXISTS `test_organization_general_form`;
/*!40101 SET @saved_cs_client     = @@character_set_client */;
/*!40101 SET character_set_client = utf8 */;
CREATE TABLE `test_organization_general_form` (
  `id_test_organization_general_form` int(11) NOT NULL AUTO_INCREMENT,
  `name` varchar(150) NOT NULL,
  `last_name` varchar(150) NOT NULL,
  `age` int(11) NOT NULL,
  `gender` varchar(6) NOT NULL,
  `marital_status` varchar(45) NOT NULL,
  `education` varchar(45) NOT NULL,
  `job` varchar(45) NOT NULL,
  `working_time` varchar(45) NOT NULL,
  `organization_size` varchar(45) NOT NULL,
  `organization_type` varchar(45) NOT NULL,
  `test_result_id_test_result` int(11) NOT NULL,
  PRIMARY KEY (`id_test_organization_general_form`),
  KEY `fk_test_organization_general_form_test_result1_idx` (`test_result_id_test_result`),
  CONSTRAINT `fk_test_organization_general_form_test_result1` FOREIGN KEY (`test_result_id_test_result`) REFERENCES `test_result` (`id_test_result`) ON DELETE NO ACTION ON UPDATE NO ACTION
) ENGINE=InnoDB AUTO_INCREMENT=15 DEFAULT CHARSET=utf8;
/*!40101 SET character_set_client = @saved_cs_client */;

--
-- Dumping data for table `test_organization_general_form`
--

LOCK TABLES `test_organization_general_form` WRITE;
/*!40000 ALTER TABLE `test_organization_general_form` DISABLE KEYS */;
INSERT INTO `test_organization_general_form` VALUES (2,'Ernesto','Solis',21,'Male','Soltero/a','Primaria','Nada','0 a 3 años','Pequeña','Manufactura',8),(3,'Pablo','Barrientos',30,'Male','Casado/a','Maestría','Director de Carrera','4 a 7 años','Grande','Servicio',9),(4,'Lynette','Garcia',25,'Female','Casado/a','Universidad','Educacion','4 a 7 años','Grande','Servicio',10),(5,'Sara ','Hernandez ',23,'Female','Soltero/a','Diversificado','RRHH ','0 a 3 años','Pequeña','Producción',11),(6,'Sara','Hernandez',22,'Female','Soltero/a','Doctorado','Otros','0 a 3 años','Mediana','Servicio',12),(7,'Alejandro','Morales',24,'Male','Soltero/a','Universidad','Otro','0 a 3 años','Mediana','Servicio',13),(8,'Pablo ','Barrientos',36,'Male','Casado/a','Maestría','Dirección de Departamento de Psicología','4 a 7 años','Grande','Servicio',14),(9,'asd','qdqw',25,'Male','Casado/a','Básicos','asd','4 a 7 años','Mediana','Consumo Masivo',15),(10,'asd','wdq',25,'Male','Soltero/a','Básicos','asd','4 a 7 años','Mediana','Consumo Masivo',16),(11,'asd','wdq',25,'Male','Soltero/a','Básicos','asd','4 a 7 años','Mediana','Consumo Masivo',17),(12,'asd','wdq',25,'Male','Soltero/a','Básicos','asd','4 a 7 años','Mediana','Consumo Masivo',18),(13,'asd','dqs',25,'Male','Casado/a','Básicos','asd','4 a 7 años','Mediana','Consumo Masivo',19),(14,'AS','QWD',25,'Male','Casado/a','Básicos','WQD','4 a 7 años','Mediana','Consumo Masivo',20);
/*!40000 ALTER TABLE `test_organization_general_form` ENABLE KEYS */;
UNLOCK TABLES;

--
-- Table structure for table `test_questions`
--

DROP TABLE IF EXISTS `test_questions`;
/*!40101 SET @saved_cs_client     = @@character_set_client */;
/*!40101 SET character_set_client = utf8 */;
CREATE TABLE `test_questions` (
  `id_test_questions` int(11) NOT NULL,
  `question` varchar(150) NOT NULL,
  `test_id_Test` int(11) NOT NULL,
  PRIMARY KEY (`id_test_questions`),
  KEY `fk_test_questions_test1_idx` (`test_id_Test`),
  CONSTRAINT `fk_test_questions_test1` FOREIGN KEY (`test_id_Test`) REFERENCES `test` (`id_test`) ON DELETE NO ACTION ON UPDATE NO ACTION
) ENGINE=InnoDB DEFAULT CHARSET=utf8;
/*!40101 SET character_set_client = @saved_cs_client */;

--
-- Dumping data for table `test_questions`
--

LOCK TABLES `test_questions` WRITE;
/*!40000 ALTER TABLE `test_questions` DISABLE KEYS */;
INSERT INTO `test_questions` VALUES (4,'He sido ignorado o excluido en el trabajo',1),(5,'He recibido respuestas hostiles a mis comentarios y preguntas',1),(6,'Mis comentarios y preguntas han sido ignoradas',1),(7,'He sido controlado y/o vigilado en extremo',1),(8,'No me pasan las llamadas o dicen que no estoy',1),(9,'Me han restringido recursos necesarios para realizar mi trabajo',1),(10,'Me han obligado a realizar trabajos absurdos o inutiles',1),(11,'Me recuerdan constantemente cualquier error que cometo',1),(12,'Se me asignan tareas muy por debajo o muy por encima de mis competencias',1),(13,'He recibido criticas continuadas e injustificadas sobre mi trabajo',1),(14,'He sido victima de comentarios malintencionados de camaradas o superiores',1),(15,'He sido objeto de insultos u ofensas sobre mi persona, actitudes o mi vida privada',1),(16,'He sido viictima de burlas y bromas pesadas, sobre mi fisico, forma de ser, etc.',1),(17,'En la organizacion donde trabajo, el trato a los trabajadores es correcto y respetuoso',1),(18,'Mis jefes cuando mandan y dan ordenes suelen hacerlo de forma adecuada',1),(19,'Hay un buen entendimiento entre jefes y trabajadores',1),(20,'El desarrollo profesional (promocion), se hace de forma justa y razonable',1),(21,'En la organizacion donde trabajo la toma de decisiones es democratica',1),(22,'En la empresa en que trabajo, hay una buena informacion sobre el acoso psicologico',1),(23,'Tenemos información sobre los medios y procedimientos establecidos en mi organización en el caso de que algún trabajador sea objeto de acoso psicol',1),(24,'En mi organización hay procedimientos para intervenir en caso de acoso psicológico',1),(25,'Sufro enfermedades que atribuyo al acoso psicológico en el trabajo',1),(26,'Visito al médico debido al acoso psicológico en el trabajo ',1),(27,'Tomo la mayor parte de las decisiones para que influyan en la forma en que desempeño mi trabajo.',2),(28,'Yo decido el metodo en que ejecutaré mi trabajo. ',2),(29,'Yo propongo mis propias actividades de trabajo. ',2),(30,'Determino los estándares de ejecución de mi trabajo. ',2),(31,'Organizo mi trabajo como mejor me parece. ',2),(32,'Las personas que trabajan en mi empresa se ayudan los unos a los otros. ',2),(33,'Las personas que trabajan en mi empresa se llevan bien entre sí. ',2),(34,'Las personas que trabajan en mi empresa tienen un interés personal el uno por el otro. ',2),(35,'Existe espíritu de\"trabajo en equip\" entre las personas que trabajan en mi empresa. ',2),(36,'Siento que tengo muchas cosas en común con la gente que trabaja en mi unidad. ',2),(37,'Puedo confiar en que mi jefe no divulgue las cosas que le cuento en forma confidencial.',2),(38,'Mi jefe es una persona con principios definidos. ',2),(39,'Mi jefe es una persona con quien se puede hablar abiertamente. ',2),(40,'Mi jefe cumple con los compromisos que adquiere conmigo. ',2),(41,'No es probable que mi jefe me de un mal consejo. ',2),(42,'Tengo mucho trabajo y poco tiempo para realizarlo. ',2),(43,'Mi empresa es un lugar relajado para trabajar. ',2),(44,'En casa, a veces temo oír sonar el teléfono porque pudiera tratarse de alguien que llama sobre un problema en el trabajo',2),(45,'Me siento como si nunca tuviese un día libre. ',2),(46,'Muchas de los trabajadores de mi empresa en mi nivel, sufren de un alto estrés, debido a la exigencia. ',2),(47,'Puedo contar con la ayuda de mi jefe cuando la necesito.',2),(48,'A mi jefe la interesa que me desarrolle profesionalmente. ',2),(49,'Mi jefe me respalda al 100%. ',2),(50,'Es fácil hablar con mi jefe sobre problemas relacionados con el trabajo. ',2),(51,'Mi jefe me respalda y me deja que yo aprenda de mis propios errores.',2),(52,'Puedo contar con una felicitación cuando realizo bien mi trabajo. ',2),(53,'La única vez que se habla sobre mi rendimiento es cuando he cometido un error.',2),(54,'Mi jefe conoce mis puntos fuertes y me los hace notar.',2),(55,'Mi jefe es rápido para reconocer una buena ejecución ',2),(56,'Mi jefe me utiliza como ejemplo de lo que se debe hacer.',2),(57,'Puedo contar con un trato justo por parte de mi jefe.',2),(58,'Los objetivos que fija mi jefe para mi trabajo son razonables.',2),(59,'Es poco probable que mi jefe me halague sin motivos.',2),(60,'Mi jefe no tiene favoritos.',2),(61,'Si mi jefe despide a alguien es porque probablemente esa persona se lo merece.',2),(62,'Mi jefe me anima a desarrollar mis propias ideas.',2),(63,'A mi jefe le agrada que yo intente hacer mi trabajo de distinta formas.',2),(64,'Mi jefe me anima a mejorar sus formas de hacer las cosas.',2),(65,'Mi jefe me anima a encontrar nuevas formas de enfrentar antiguos problemas.',2),(66,'Mi jefe \"valora\" nuevas formas de hacer las cosas.',2),(67,'Me siento emocionalmente agotado por mi trabajo',3),(68,'Cuando termino mi jornada de trabajo me siento vacío',3),(69,'Cuando me levanto por la mañana y me enfrento a otra jornada de trabajo me siento fatigado',3),(70,'Siento que trabajar todo el día con la gente me cansa',3),(71,'Siento que mi trabajo me está desgastando',3),(72,'Me siento frustrado en mi trabajo',3),(73,'Siento que estoy demasiado tiempo en mi trabajo',3),(74,'Siento que trabajar en contacto directo con la gente me cansa',3),(75,'Me siento como si estuviera al límite de mis posibilidades',3),(76,'Siento que estoy tratando a algunas personas como si fueran objetos impersonales',3),(77,'Me parece que mis compañeros me culpan de alguno de sus problemas',3),(78,'Siento que me he hecho más duro con la gente',3),(79,'Me preocupa que este trabajo me esté endureciendo emocionalmente',3),(80,'Siento que realmente no me importa lo que les ocurra a mis compañeros de trabajo',3),(81,'Siento que trato con mucha eficacia los problemas de mi equipo',3),(82,'Siento que estoy influyendo positivamente en la vida de otras personas a través de mi trabajo',3),(83,'Siento que puedo entender fácilmente a las personas',3),(84,'Me siento con mucha energía en mi trabajo',3),(85,'Siento que puedo crear con facilidad un clima agradable con mis compañeros',3),(86,'Me siento estimado después de haber trabajado íntimamente con mis superiores.',3),(87,'Creo que consigo muchas cosas valiosas en este trabajo',3),(88,'Siento que en mi trabajo los problemas emocionales son tratados de forma adecuada',3),(90,'Mueve o juega con sus manos y/o pies.',5),(91,'Se mueve mucho mientras está sentado.',5),(92,'Se levanta en situaciones en que se espera o es necesario mantenerse sentado o en su lugar.',5),(93,'Corre en situaciones donde no es apropiado.',5),(94,'Se sube en cosas (muebles u objetos) en situaciones no apropiadas.',5),(95,'Incapaz de jugar o de mantenerse tranquilamente en actividades recreativas.',5),(96,'Exageradamente ruidoso en el juego.',5),(97,'Actúa como si “lo impulsara un motor”',5),(98,'Incapaz de estar o se siente incómodo estando quieto durante un largo tiempo, como en restaurantes, reuniones.',5),(99,'Habla excesivamente',5),(100,'Responde inesperadamente o antes de que se haya terminado una pregunta.',5),(101,'Termina las frases de otros; no respeta el turno de conversación.',5),(102,'Difícil esperar su turno (mientras espera en una cola o en actividades en grupo).',5),(103,'Interrumpe o participa en algo en donde él/ella no está involucrado (sin que se le invite).',5),(104,'En adolescentes y adultos, puede participar en asuntos ajenos o adelantarse a lo que hacen otros.',5),(105,'Se mete en las conversaciones, juegos o actividades sin que se le invite a participar.',5),(106,'Usa las cosas de otras personas sin esperar o recibir permiso.',5),(107,'Las conductas marcadas se han presentado por 6 meses o más',5),(108,'Se le dificulta o no presta atención a cosas pequeñas (se pierden detalles).',4),(109,'Por descuido comete errores en las tareas escolares, en el trabajo o durante otras actividades (se pasan por alto errores o detalles).',4),(110,'Mantiene por poco tiempo o no puede mantener atención en tareas',4),(111,'Mantiene por poco tiempo o no puede mantener atención en clases, conversaciones o lecturas largas.',4),(112,'Parece tener la mente en otras cosas (pareciera no escuchar, distraído). Incluso cuando no hay ninguna distracción.',4),(113,'No sigue instrucciones y no termina las tareas escolares, los quehaceres de la casa o los deberes laborales.',4),(114,'Inicia tareas pero se distrae fácilmente. Y luego evita hacer estas tareas.',4),(115,'No puede crear un plan antes de realizar alguna tarea o actividad.',4),(116,'Se le hace difícil seguir un orden o secuencia al realizar una tarea o actividad.',4),(117,'Dificultad para poner los materiales y pertenencias en orden.',4),(118,'Descuidadx y desorganizadx en el trabajo',4),(119,'No logra hacer las cosas en un tiempo establecido (no cumple los plazos).',4),(120,'Evita, le molesta o no muestra mucha emoción al iniciar tareas que requieran estar por mucho tiempo en ella (tareas escolares o quehaceres domésticos,',4),(121,'Pierde cosas o materiales necesarios para hacer tareas o actividades (materiales escolares, lápices, libros, instrumentos, billetero, llaves, papeles ',4),(122,'Se distrae con facilidad por cosas que pasan alrededor, en su entorno (para adolescentes mayores y adultos, puede ser pensar en cosas que no están rel',4),(123,'Olvida cosas que tiene que realizar a diario (hacer las tareas, hacer mandados; en adolescentes mayores y adultos, devolver las llamadas, pagar las fa',4),(124,'Las conductas marcadas se han presentado por 6 meses o más',4),(125,'Cuando tiene que leer es lento(a) y se confunde al pronunciar las palabras. Se esfuerza mucho para leer (p. ej., lee palabras sueltas en voz alta inco',0),(126,'No comprende o se le hace difícil entender las palabras, oraciones o párrafos que lee. p. ej., puede leer un texto con precisión pero no comprende la ',0),(127,'Se le dificulta la ortografía. Agrega, quita o se come vocales o consonantes, o coloca otras vocales o consonantes en vez de otras).',0),(128,'Se le dificulta o deletrea mal las palabras.',0),(129,'Al momento de escribir tiene varios errores gramaticales o de puntuación en una oración.',0),(130,'Cuando escribe  organiza mal el párrafo (pone en otro orden las palabras); no tiene sentido la oración.',0),(131,'No entiende la diferencia entre números, sus cantidades y la relación que tiene con otros.',0),(132,'Cuenta con los dedos para sumar números de un solo dígito en vez de recordar la operación matemática como hacen otros niños/adolescentes/adultos de su',0),(133,'Al momento de realizar operaciones más complejas pierde el orden e incluso cambia el orden del procedimiento.',0),(134,'Tiene gran dificultad para aplicar los conceptos de los números y sus relaciones u operaciones matemáticas para resolver problemas presentados en tare',0),(135,'Dificultad para aprender en una o dos áreas académicas, pero puede compensarlas o desenvolverse bien cuando se le adapta la tarea o se le ayuda, espec',0),(136,'Dificultades para aprender en una o más áreas académicas, en donde al niño/adolescente/adulto se le dificulta realizar estas actividades sin una ayuda',0),(137,'Dificultad en el aprendizaje que afectan varias áreas académicas, en donde la persona tiene pocas probabilidades de aprender esas aptitudes sin enseña',0),(138,'Las conductas que marcadas se han presentado por 6 meses o más.',0),(139,'Tiene dificultad para entender las emociones de los demás y responder a ellas.',6),(140,'Se le dificulta tener contacto y hablar con otras personas (más pequeños de edad, de la misma edad o más grandes de edad). Dificultad para relacionars',6),(141,'Evita el contacto visual con las personas.',6),(142,'Poco interés en otros, en relacionarse con otros.',6),(143,'Se despierta constantemente. Poca necesidad de dormir.',6),(144,'Puede golpearse a sí mismo, a propósito.',6),(145,'No entiende el lenguaje corporal o gestos faciales.',6),(146,'No usa  gestos o expresiones faciales, ni se comunica de forma no verbal.',6),(147,'Usa frases muy sencillas para la edad que tiene.',6),(148,'No sabe cómo comportarse según el lugar en donde esté. Pasando por dificultades para compartir juegos imaginativos o para hacer amigos, hasta la ausen',6),(149,'Movimientos repetitivos, impulsivos (sacudir o mover las manos, balancear el cuerpo, golpear la cabeza, mordisquear objetos, automorderse, pincharse l',6),(150,'Usa objetos en una manera en específico, de manera repetitiva (ordena los juguetes o los coloca en una manera en específico, siempre y se altera cuand',6),(151,'Habla o repite palabras, frases o temas. Algunas sin sentido.',6),(152,'Necesita que todo sea realizado de la misma forma (monotonía). Que haya rutinas o patrones en cosas que se hacen o dicen (como un ritual).',6),(153,'Se preocupa o reacciona de manera negativa cuando hay algún cambio pequeño. Tiene dificultad en cambiar de una tarea, actividad o acción, a otra (nece',6),(154,'Sus intereses son fijos a un nivel drástico (p. ej., fuerte interés/fijación o preocupación por objetos inusuales).',6),(155,'Le molesta mucho o muestra un gusto excesivo por cosas que recibe desde los sentidos (tacto, gusto, olfato, vista) (p. ej., temperatura/dolor, sonidos',6),(156,'Se ha visto afectado en por lo menos dos ambientes (colegio y casa).',6),(230,'Saber qué información, recursos o herramientas son necesarios para realizar una tarea',7),(231,'Comprender la relación de varios pasos individuales a una tarea o proceso global.',7),(232,'Darse tiempo para realizar todos los pasos dentro de un proceso.',7),(233,'Tener en mente consecuencias o efectos de una acción.',7),(234,'Organizar bien su trabajo.',7),(235,'Tener en cuenta los detalles necesarios para alcanzar una meta.',7),(236,'Se le facilitan los juegos que requieren estrategia donde es necesario anticipar los movimientos.',7),(237,'Reconocer los diversos métodos alternativos para alcanzar una meta.',7),(238,'Puede realizar áreas de dificultad que podrían surgir en un procedimiento o actividad determinada.',7),(239,'Establece pasos en un proyecto con un orden o secuencia.',7),(240,'Se le facilita descomponer una actividad en pasos, para poder completarla.',7),(241,'Establece prioridades cuando organiza actividades.',7),(242,'Es consciente de los límites de tiempo, espacio, materiales y capacidades cuando trabaja en grupo o proyectos individuales.',7),(243,'Puede dar detalles que ayuden a realizar un plan o procedimiento.',7),(244,'Ve otras formas de distribuir el trabajo o asignar a la gente para completar una tarea',7),(245,'Habilidad para concentrarse intensamente en un tema por un período largo de tiempo (30 minutos).',7),(246,'Comportamiento que requiere pocas directrices de los profesores.',7),(247,'Interés constante en ciertos temas o problemas',7),(248,'Persistente por averiguar información sobre temas de interés.',7),(249,'Trabajo persistente en tareas incluso cuando se presentan dificultades.',7),(250,'Preferencia por situaciones en las que él o ella pueden tomar responsabilidad para los resultados de su esfuerzo.',7),(251,'Una conducta persistente cuando se interesa por un tema o problema.',7),(252,'Intensa participación en ciertos temas o problemas.',7),(253,'Compromiso por llegar hasta el final cuando un tema le interesa.',7),(254,'Persistencia por conseguir sus objetivos.',7),(255,'Necesita poca motivación externa para llevar a cabo un trabajo que inicialmente le gusta.',7),(256,'Usar su voz para resaltar el significado.',7),(257,'Poder transmitir información no-verbal a través de gestos, expresiones faciales y lenguaje corporal.',7),(258,'Es un narrador interesante de historias.',7),(259,'Usar figuras lingüísticas coloridas e imaginativas como analogías y juegos de palabras.',7),(260,'Hablar y escribir de un modo directo y concreto.',7),(261,'Adapta su forma de expresar ideas para una mayor recepción.',7),(262,'Ser capaz de revisar y editar, pero manteniendo las ideas esenciales.',7),(263,'Una explicación de las cosas precisa y clara.',7),(264,'Usar palabras descriptivas para dar color, emoción y belleza.',7),(265,'Expresar pensamientos y necesidades de forma clara y concisa.',7),(266,'Saber encontrar distintas maneras de expresar ideas para que los otros la entiendan.',7),(267,'Saber describir cosas con pocas palabras y apropiadas.',7),(268,'Ser capaz de expresar de diferentes formas el significado usando un gran número de sinónimos.',7),(269,'Ser capaz de expresar ideas de diferentes formas.',7),(270,'Conocer y saber usar varias palabras relacionadas por su significado.',7),(271,'Voluntad por participar en juegos o representaciones en clase.',7),(272,'Facilidad para contar historias o relatos de algunas experiencias.',7),(273,'Usar eficazmente gestos y expresiones faciales para comunicar sentimientos.',7),(274,'Ser hábil en el juego de roles, la improvisación y en actuaciones en situaciones espontáneas.',7),(275,'Poder identificarse fácilmente con el ánimo y motivaciones de los personajes.',7),(276,'Maneja su cuerpo con facilidad y elegancia para su edad.',7),(277,'Crear juegos originales o improvisarlos a partir de historias.',7),(278,'Mantener la atención de un grupo mientras está hablando.',7),(279,'Ser capaz de evocar respuestas emocionales de quienes lo/la escuchan: consigue que la gente llore, ría, sienta tensión, etc.',7),(280,'Poder imitar a otros: es capaz de imitar la forma de hablar, caminar, los gestos…de la gente.',7),(281,'Un interés constante en la música, busca ocasiones para escuchar y crear música.',7),(282,'Percibe diferencias sutiles en la tonalidad musical (tono, tiempo, timbre, intensidad).',7),(283,'Recordar fácilmente diferentes melodías y tocarlas correctamente.',7),(284,'Entusiasmo por participar en actividades musicales.',7),(285,'Sabe tocar un instrumento musical (o muestra enorme deseo de hacerlo).',7),(286,'Ser sensible al ritmo musical; responde a los cambios en el ritmo de música a través de movimientos corporales.',7),(287,'Ser consciente de poder identificar una variedad de sonidos en un momento dado: es sensible a los ruidos de fondo, a los acordes que acompañan a una m',7),(288,'Gusto por participar en actividades artísticas: muestra predilección por expresar las ideas visualmente.',7),(289,'Que incorpora un gran número de elementos en los trabajos de arte; varía el tema y contenido de los mismos.',7),(290,'Llegar a soluciones únicas y poco convencionales a problemas artísticos, frente a las tradicionales y comunes.',7),(291,'Concentración durante largos períodos de tiempo en proyectos artísticos.',7),(292,'Disposición para experimentar con diferentes medios; experimenta con variedad de materiales y técnicas.',7),(293,'Tendencia a escoger el arte para actividades libres o proyectos escolares.',7),(294,'Ser particularmente sensible al ambiente; atento observador de lo inusual, que para otros podría pasar desapercibido.',7),(295,'Que produce equilibrio y orden en trabajos artísticos.',7),(296,'Ser crítico de su propio trabajo; establece elevados criterios de calidad; con frecuencia trabaja una y otra vez en su obra para perfeccionarla.',7),(297,'Interés en el trabajo de los otros estudiantes: dedica tiempo a estudiar y discutir sobre su trabajo.',7),(298,'Que elabora ideas de otras personas: las emplea como punto de partida y no como modelo a copiar.',7),(299,'Un comportamiento responsable; se puede contar con él/ella para llevar a cabo actividades/proyectos.',7),(300,'Una tendencia a ser respetado por sus compañeros de clase.',7),(301,'La habilidad de articular ideas y comunicarse bien con otros.',7),(302,'Autoconfianza cuando interacciona con niños de su edad.',7),(303,'La habilidad de organizar y estructurar las cosas, personas y situaciones.',7),(304,'Conducta cooperativa cuando trabaja con otros.',7),(305,'Tendencia a dirigir una actividad cuando él/ella interactúa con otros.',7),(306,'Habilidad del pensamiento imaginativo.',7),(307,'Sentido del humor.',7),(308,'Habilidad de proponer respuestas inusuales, únicas o inteligentes.',7),(309,'Un espíritu aventurero o disponibilidad para asumir riesgos.',7),(310,'La habilidad de generar un gran número de ideas o soluciones a problemas o preguntas.',7),(311,'Una tendencia a ver humor en situaciones que pueden parecer no ser cómicas a los demás.',7),(312,'La habilidad de adaptar, mejorar, o modificar objetos o ideas.',7),(313,'Alegría intelectual, predisposición a fantasear y manipular ideas.',7),(314,'Una actitud no-conformista, sin temor a ser diferente.',7),(315,'Un vocabulario avanzado para su edad o grado escolar.',7),(316,'Habilidad para hacer generalizaciones sobre eventos, personas y cosas.',7),(317,'Que almacena gran cantidad de información sobre un tema específico.',7),(318,'Habilidad para entender principios subyacentes.',7),(319,'Grandes reflejos en la relación causa-efecto.',7),(320,'Una comprensión del material complicado a través de la habilidad de razonamiento analítico.',7),(321,'Que almacena gran información sobre varios temas.',7),(322,'Habilidad para realizar conceptualizar.',7),(323,'Deseos de recabar información veraz.',7),(324,'Observaciones intuitivas y profundas.',7),(325,'Habilidad para transferir aprendizajes de una situación a otra.',7);
/*!40000 ALTER TABLE `test_questions` ENABLE KEYS */;
UNLOCK TABLES;

--
-- Table structure for table `test_result`
--

DROP TABLE IF EXISTS `test_result`;
/*!40101 SET @saved_cs_client     = @@character_set_client */;
/*!40101 SET character_set_client = utf8 */;
CREATE TABLE `test_result` (
  `id_test_result` int(11) NOT NULL,
  `resultado` text,
  `test_id_test` int(11) NOT NULL,
  PRIMARY KEY (`id_test_result`),
  KEY `fk_test_result_test1_idx` (`test_id_test`),
  CONSTRAINT `fk_test_result_test1` FOREIGN KEY (`test_id_test`) REFERENCES `test` (`id_test`) ON DELETE NO ACTION ON UPDATE NO ACTION
) ENGINE=InnoDB DEFAULT CHARSET=utf8;
/*!40101 SET character_set_client = @saved_cs_client */;

--
-- Dumping data for table `test_result`
--

LOCK TABLES `test_result` WRITE;
/*!40000 ALTER TABLE `test_result` DISABLE KEYS */;
INSERT INTO `test_result` VALUES (0,'En referencia al Manual Diagnóstico y Estadístico de los Trastornos Mentales DSM-5 (2014) y los resultados obtenidos de la escala, respondida por usted, podemos decir que la persona evaluada con estos criterios se  encuentra sin riesgo de desarrollar este trastorno. Sin embargo, se recomienda avocarse al Centro Integral de Psicología Aplicada (CIPA) para una evaluación psicoeducativa adaptada a los requerimientos de padres y/o maestros y a las necesidades del evaluado. De esta manera se podrá dar la información correspondiente para hacer un abordaje adecuado tanto en casa como en el colegio, de ser necesario.',0),(1,'En referencia al Manual Diagnóstico y Estadístico de los Trastornos Mentales DSM-5 (2014) y los resultados obtenidos de la escala, respondida por usted, podemos decir que la persona evaluada con estos criterios posee un riesgo leve de desarrollar este trastorno. Sin embargo, se recomienda avocarse al Centro Integral de Psicología Aplicada (CIPA) para una evaluación psicoeducativa adaptada a los requerimientos de padres y/o maestros y a las necesidades del evaluado. De esta manera se podrá dar la información correspondiente para hacer un abordaje adecuado tanto en casa como en el colegio, de ser necesario.',0),(2,'En referencia al Manual Diagnóstico y Estadístico de los Trastornos Mentales DSM-5 (2014) y los resultados obtenidos de la escala, respondida por usted, podemos decir que la persona evaluada con estos criterios posee un riesgo moderado de desarrollar este trastorno. Sin embargo, se recomienda avocarse al Centro Integral de Psicología Aplicada (CIPA) para una evaluación psicoeducativa adaptada a los requerimientos de padres y/o maestros y a las necesidades del evaluado. De esta manera se podrá dar la información correspondiente para hacer un abordaje adecuado tanto en casa como en el colegio, de ser necesario.',0),(3,'En referencia al Manual Diagnóstico y Estadístico de los Trastornos Mentales DSM-5 (2014) y los resultados obtenidos de la escala, respondida por usted, podemos decir que la persona evaluada con estos criterios posee un riesgo alto de desarrollar este trastorno. Sin embargo, se recomienda avocarse al Centro Integral de Psicología Aplicada (CIPA) para una evaluación psicoeducativa adaptada a los requerimientos de padres y/o maestros y a las necesidades del evaluado. De esta manera se podrá dar la información correspondiente para hacer un abordaje adecuado tanto en casa como en el colegio, de ser necesario.',0),(4,'En referencia a las Escalas de Renzulli (SCRBSS) para la valoración de las características del comportamiento de los estudiantes superiores y los resultados obtenidos de la escala, respondida por usted, podemos decir que la persona evaluada con estos criterios posee un nivel bajo referente a lo  que se considera como una persona de altas capacidades. Sin embargo, se recomienda avocarse al Centro Integral de Psicología Aplicada (CIPA) para una evaluación psicoeducativa adaptada a los requerimientos de padres y/o maestros y a las necesidades del evaluado. De esta manera se podrá dar la información correspondiente para hacer un abordaje adecuado tanto en casa como en el colegio, de ser necesario.',7),(5,'En referencia a las Escalas de Renzulli (SCRBSS) para la valoración de las características del comportamiento de los estudiantes superiores y los resultados obtenidos de la escala, respondida por usted, podemos decir que la persona evaluada con estos criterios posee un nivel medio-bajo referente a lo  que se considera como una persona de altas capacidades. Sin embargo, se recomienda avocarse al Centro Integral de Psicología Aplicada (CIPA) para una evaluación psicoeducativa adaptada a los requerimientos de padres y/o maestros y a las necesidades del evaluado. De esta manera se podrá dar la información correspondiente para hacer un abordaje adecuado tanto en casa como en el colegio, de ser necesario.',7),(6,'En referencia a las Escalas de Renzulli (SCRBSS) para la valoración de las características del comportamiento de los estudiantes superiores y los resultados obtenidos de la escala, respondida por usted, podemos decir que la persona evaluada con estos criterios posee un nivel medio referente a lo  que se considera como una persona de altas capacidades. Sin embargo, se recomienda avocarse al Centro Integral de Psicología Aplicada (CIPA) para una evaluación psicoeducativa adaptada a los requerimientos de padres y/o maestros y a las necesidades del evaluado. De esta manera se podrá dar la información correspondiente para hacer un abordaje adecuado tanto en casa como en el colegio, de ser necesario.',7),(7,'En referencia a las Escalas de Renzulli (SCRBSS) para la valoración de las características del comportamiento de los estudiantes superiores y los resultados obtenidos de la escala, respondida por usted, podemos decir que la persona evaluada con estos criterios posee un nivel alto referente a lo  que se considera como una persona de altas capacidades. Sin embargo, se recomienda avocarse al Centro Integral de Psicología Aplicada (CIPA) para una evaluación psicoeducativa adaptada a los requerimientos de padres y/o maestros y a las necesidades del evaluado. De esta manera se podrá dar la información correspondiente para hacer un abordaje adecuado tanto en casa como en el colegio, de ser necesario.',7),(8,'Clima laboral Agradable',3),(9,'Clima laboral Agradable',2),(10,'Clima laboral Agradable',3),(11,'No existe signo de acoso laboral',1),(12,'No existe signo de desgaste laboral',3),(13,'No existe signo de acoso laboral',1),(14,'No existe signo de acoso laboral',1),(15,'No existe signo de desgaste laboral',3),(16,'Necesidad de Mejorar',3),(17,'Necesidad de Mejorar',3),(18,'Necesidad de Mejorar',3),(19,'Necesidad de Mejorar',3),(20,'Déficit',3);
/*!40000 ALTER TABLE `test_result` ENABLE KEYS */;
UNLOCK TABLES;

--
-- Table structure for table `thumbnail_kvstore`
--

DROP TABLE IF EXISTS `thumbnail_kvstore`;
/*!40101 SET @saved_cs_client     = @@character_set_client */;
/*!40101 SET character_set_client = utf8 */;
CREATE TABLE `thumbnail_kvstore` (
  `key` varchar(200) NOT NULL,
  `value` longtext NOT NULL,
  PRIMARY KEY (`key`)
) ENGINE=InnoDB DEFAULT CHARSET=utf8;
/*!40101 SET character_set_client = @saved_cs_client */;

--
-- Dumping data for table `thumbnail_kvstore`
--

LOCK TABLES `thumbnail_kvstore` WRITE;
/*!40000 ALTER TABLE `thumbnail_kvstore` DISABLE KEYS */;
INSERT INTO `thumbnail_kvstore` VALUES ('sorl-thumbnail||image||008c3110cf450eac59112edc8c2064d0','{\"storage\": \"django.core.files.storage.FileSystemStorage\", \"name\": \"cache/54/01/5401a84f46a76e5b9a385c8d55ace85e.jpg\", \"size\": [120, 105]}'),('sorl-thumbnail||image||00c9d1015d27e969d05313262e81022a','{\"storage\": \"django.core.files.storage.FileSystemStorage\", \"name\": \"cache/35/52/3552dc85b70c27833ba932995f26355a.jpg\", \"size\": [200, 200]}'),('sorl-thumbnail||image||06324b488c3247624a6ce9d8d39a3d60','{\"storage\": \"django.core.files.storage.FileSystemStorage\", \"name\": \"cache/9d/b3/9db3d9d38b8c5e8230e8b9ee5734d8e5.jpg\", \"size\": [200, 200]}'),('sorl-thumbnail||image||06ca284a5ffba353426e25d4110721b6','{\"storage\": \"django.core.files.storage.FileSystemStorage\", \"name\": \"cache/98/bf/98bf10cef2c998e9186b9c11602fc1b8.jpg\", \"size\": [200, 200]}'),('sorl-thumbnail||image||0f46460bd1d4053b790852c4e7698aff','{\"storage\": \"django.core.files.storage.FileSystemStorage\", \"name\": \"cache/06/82/06824f540abb738db8c7465f9046b657.jpg\", \"size\": [80, 70]}'),('sorl-thumbnail||image||0f90704d13a7d2bc28fa6e35e685b96f','{\"storage\": \"django.core.files.storage.FileSystemStorage\", \"name\": \"photos/cellphone3.PNG\", \"size\": [158, 138]}'),('sorl-thumbnail||image||15785269dd7408927a3381de5784e0c8','{\"storage\": \"django.core.files.storage.FileSystemStorage\", \"name\": \"photos/cellphone3_oRMAXJD_DPD1ewG.PNG\", \"size\": [158, 138]}'),('sorl-thumbnail||image||19acf7184486b93811a253c659328816','{\"storage\": \"django.core.files.storage.FileSystemStorage\", \"name\": \"cache/e2/60/e260d8890a67851a7fd8410fff49948a.jpg\", \"size\": [200, 200]}'),('sorl-thumbnail||image||245d5bd1bc98a9f9c21c886c934aefca','{\"storage\": \"django.core.files.storage.FileSystemStorage\", \"name\": \"cache/f8/7a/f87ad7bbb2e87513fbe0fcb7f972958d.jpg\", \"size\": [200, 113]}'),('sorl-thumbnail||image||25b636bf9cc7ac9a038e7ae5c8dc4058','{\"storage\": \"django.core.files.storage.FileSystemStorage\", \"name\": \"photos/IMG-20161021-WA0001.jpg\", \"size\": [713, 229]}'),('sorl-thumbnail||image||290107f1948bca18ef5b08c27e8beecf','{\"storage\": \"django.core.files.storage.FileSystemStorage\", \"name\": \"cache/a8/e5/a8e5365d4e76424f299146df41f7498d.jpg\", \"size\": [200, 113]}'),('sorl-thumbnail||image||3a993fc3f29bf867d5b3558abdeec0bd','{\"storage\": \"django.core.files.storage.FileSystemStorage\", \"name\": \"cache/12/c7/12c738ba121d01dee2d6f2875ae1c665.jpg\", \"size\": [200, 118]}'),('sorl-thumbnail||image||404168446d38e449e895c816fa885223','{\"storage\": \"django.core.files.storage.FileSystemStorage\", \"name\": \"cache/9c/0c/9c0cd2aaa323c8125a5d19a299a27fe8.jpg\", \"size\": [200, 200]}'),('sorl-thumbnail||image||42ee70b5fbd0619b3b720eb3e4b83725','{\"storage\": \"django.core.files.storage.FileSystemStorage\", \"name\": \"cache/d8/a8/d8a882a3fb43e2fce970daeaaa955d2d.jpg\", \"size\": [150, 200]}'),('sorl-thumbnail||image||4ee939d42b1bc62064803fefee97bfde','{\"storage\": \"django.core.files.storage.FileSystemStorage\", \"name\": \"photos/Diploma_G8TLzwg.jpg\", \"size\": [960, 540]}'),('sorl-thumbnail||image||55cbb5e2ff1cc8c14cb0f08dcfe4f4c0','{\"storage\": \"django.core.files.storage.FileSystemStorage\", \"name\": \"photos/Countries_listed.PNG\", \"size\": [827, 487]}'),('sorl-thumbnail||image||5ba6ecb97ed9512c6670a7145c62f3f0','{\"storage\": \"django.core.files.storage.FileSystemStorage\", \"name\": \"cache/6a/20/6a20cc04f510301551574d0f4a1ce804.jpg\", \"size\": [150, 200]}'),('sorl-thumbnail||image||5e2fcd556780440cb1b92f83fa6bb604','{\"storage\": \"django.core.files.storage.FileSystemStorage\", \"name\": \"cache/d5/70/d570bd63d74733dd765b1286ea1454d7.jpg\", \"size\": [200, 113]}'),('sorl-thumbnail||image||5edd494696570caee37b4dcfb447b665','{\"storage\": \"django.core.files.storage.FileSystemStorage\", \"name\": \"cache/b5/97/b597e115445a3f19c2a2eda96a2b5447.jpg\", \"size\": [150, 200]}'),('sorl-thumbnail||image||6536a3ed77bfc29766a5f6905ea2dacf','{\"storage\": \"django.core.files.storage.FileSystemStorage\", \"name\": \"photos/Image_Not_Found_J8H7T0G.jpg\", \"size\": [355, 355]}'),('sorl-thumbnail||image||670401f330acc0649340a24e04fba5e4','{\"storage\": \"django.core.files.storage.FileSystemStorage\", \"name\": \"cache/df/a9/dfa9056c85a1f12aa50adcb33219e123.jpg\", \"size\": [200, 200]}'),('sorl-thumbnail||image||696304d78f41909b9a46b65fde3fe49c','{\"storage\": \"django.core.files.storage.FileSystemStorage\", \"name\": \"cache/fb/0b/fb0bf9fba3a207b71c4b73e7a1fd1d73.jpg\", \"size\": [120, 105]}'),('sorl-thumbnail||image||69fbdd17e893b9d0a5883630b5573ffe','{\"storage\": \"django.core.files.storage.FileSystemStorage\", \"name\": \"cache/5f/a1/5fa1749e4a98e8d617fa8972e79b351b.jpg\", \"size\": [80, 45]}'),('sorl-thumbnail||image||6fa4d3f602a2193b88d8ded46af1f2e0','{\"storage\": \"django.core.files.storage.FileSystemStorage\", \"name\": \"cache/d6/39/d639159f9506e0ae07a4d755e4420ef9.jpg\", \"size\": [200, 200]}'),('sorl-thumbnail||image||76171b5aa97415cf052ba313132b7a7d','{\"storage\": \"django.core.files.storage.FileSystemStorage\", \"name\": \"cache/a0/f8/a0f8d03c6597933a60a58d16030f801a.jpg\", \"size\": [200, 200]}'),('sorl-thumbnail||image||77d20821be4c66113e6871c5d11d4a47','{\"storage\": \"django.core.files.storage.FileSystemStorage\", \"name\": \"photos/14825781_10157667379815051_513295493_n.jpg\", \"size\": [720, 960]}'),('sorl-thumbnail||image||8153b9a0be93dc8ee46497716366eabf','{\"storage\": \"django.core.files.storage.FileSystemStorage\", \"name\": \"photos/Captura_de_pantalla_2016-10-23_a_las_10.45.32.png\", \"size\": [236, 210]}'),('sorl-thumbnail||image||8707774979cad47b81ad606ed361fcf3','{\"storage\": \"django.core.files.storage.FileSystemStorage\", \"name\": \"cache/2f/56/2f569cd5070e116b11aa7b4cb6f3d0a7.jpg\", \"size\": [200, 178]}'),('sorl-thumbnail||image||8edd016ba7db32df1af5bacd6d233625','{\"storage\": \"django.core.files.storage.FileSystemStorage\", \"name\": \"cache/15/79/1579cd3484401c7e53370454858677cc.jpg\", \"size\": [200, 200]}'),('sorl-thumbnail||image||908c161032308e8d56292da17acd3233','{\"storage\": \"django.core.files.storage.FileSystemStorage\", \"name\": \"photos/HNI_0014.JPG\", \"size\": [1920, 1080]}'),('sorl-thumbnail||image||93c058fe83e91bfab0377079abe4b4b3','{\"storage\": \"django.core.files.storage.FileSystemStorage\", \"name\": \"cache/d7/f2/d7f2cb9c8c435d3cf7e150488371fed4.jpg\", \"size\": [300, 300]}'),('sorl-thumbnail||image||9973a0492a0ce0f6f9d5f0db90aa880e','{\"storage\": \"django.core.files.storage.FileSystemStorage\", \"name\": \"cache/db/cb/dbcb65f05af0fe27fd7e6f18d0b4cd43.jpg\", \"size\": [200, 200]}'),('sorl-thumbnail||image||9db6bc1b298fb1a6c9f9c5b69fe71e9a','{\"storage\": \"django.core.files.storage.FileSystemStorage\", \"name\": \"photos/Diploma_C8ej48R.jpg\", \"size\": [960, 540]}'),('sorl-thumbnail||image||9df792b7ac000573ff4126a9bd944871','{\"storage\": \"django.core.files.storage.FileSystemStorage\", \"name\": \"cache/28/6f/286fe574bd900720de7555d661c3c169.jpg\", \"size\": [80, 70]}'),('sorl-thumbnail||image||9e2fdf0d39d53db3c43d7db3b75e6df2','{\"storage\": \"django.core.files.storage.FileSystemStorage\", \"name\": \"photos/HNI_0013.JPG\", \"size\": [1920, 1080]}'),('sorl-thumbnail||image||9f5f03b1d91615381229f743e4c12b00','{\"storage\": \"django.core.files.storage.FileSystemStorage\", \"name\": \"photos/cellphone3_oRMAXJD.PNG\", \"size\": [158, 138]}'),('sorl-thumbnail||image||a1d05500620cf1246ea73b2d7c77c5c4','{\"storage\": \"django.core.files.storage.FileSystemStorage\", \"name\": \"cache/87/42/874269a0c879d674a58bd0c98d38e4c1.jpg\", \"size\": [200, 200]}'),('sorl-thumbnail||image||a7a1f53e849735ba92c9db30c7e66560','{\"storage\": \"django.core.files.storage.FileSystemStorage\", \"name\": \"cache/8c/40/8c40dd3aceb580e645126488ae5698a9.jpg\", \"size\": [200, 200]}'),('sorl-thumbnail||image||ade2957c6ee127369b24c3578ef2f364','{\"storage\": \"django.core.files.storage.FileSystemStorage\", \"name\": \"photos/notfound.jpg\", \"size\": [600, 600]}'),('sorl-thumbnail||image||ae6c280432483fd6ec6eac6124ad5c7a','{\"storage\": \"django.core.files.storage.FileSystemStorage\", \"name\": \"cache/e8/51/e851754c7c45653595c88baa52581d23.jpg\", \"size\": [120, 68]}'),('sorl-thumbnail||image||b07948eefe141682905b8dd0bc822094','{\"storage\": \"django.core.files.storage.FileSystemStorage\", \"name\": \"cache/cb/3e/cb3eaa5520a6ef59f6160c4cb7631b9a.jpg\", \"size\": [200, 200]}'),('sorl-thumbnail||image||b532e16f6613b64d1ed2a4132facd971','{\"storage\": \"django.core.files.storage.FileSystemStorage\", \"name\": \"cache/a2/a5/a2a563cf4225772e19f457bf43fc9746.jpg\", \"size\": [150, 200]}'),('sorl-thumbnail||image||b869bcd76cc6bebcf1bbc42aee962080','{\"storage\": \"django.core.files.storage.FileSystemStorage\", \"name\": \"photos/Image_Not_Found.jpg\", \"size\": [355, 355]}'),('sorl-thumbnail||image||b874e250df7c6c8c34b9e0bbb24476bf','{\"storage\": \"django.core.files.storage.FileSystemStorage\", \"name\": \"photos/Kevin.jpg\", \"size\": [720, 960]}'),('sorl-thumbnail||image||bdf50fb93435a9b4acca01ad2e7126e0','{\"storage\": \"django.core.files.storage.FileSystemStorage\", \"name\": \"cache/e1/44/e144215fea8e9f7371eb46a57793559b.jpg\", \"size\": [200, 200]}'),('sorl-thumbnail||image||c61f7d9191ce3ae493a2bb5e01185c5e','{\"storage\": \"django.core.files.storage.FileSystemStorage\", \"name\": \"photos/FullSizeRender-2_BH3ad68.jpg\", \"size\": [960, 960]}'),('sorl-thumbnail||image||cd0028c2ccef42c7b5492efa115eb415','{\"storage\": \"django.core.files.storage.FileSystemStorage\", \"name\": \"cache/44/df/44df55561d47bed6bb32ff1cc3dfb7b4.jpg\", \"size\": [200, 113]}'),('sorl-thumbnail||image||d1c290fc985cc98703341c0f17be3a4f','{\"storage\": \"django.core.files.storage.FileSystemStorage\", \"name\": \"cache/b9/b5/b9b5be4bc5d188a66d9af035563b0739.jpg\", \"size\": [200, 200]}'),('sorl-thumbnail||image||dc12137cd45094de86a284a1f78c8c6e','{\"storage\": \"django.core.files.storage.FileSystemStorage\", \"name\": \"cache/64/c6/64c6d76903a15a44a8692553b3383f38.jpg\", \"size\": [150, 200]}'),('sorl-thumbnail||image||ddb79794d56b1fa2ca9929daea230d33','{\"storage\": \"django.core.files.storage.FileSystemStorage\", \"name\": \"photos/14825651_10157667375625051_535470224_n.jpg\", \"size\": [720, 960]}'),('sorl-thumbnail||image||e3f9b453fc7ceb20abcc89725d5dd8b9','{\"storage\": \"django.core.files.storage.FileSystemStorage\", \"name\": \"cache/44/3c/443cba21fce67be1bbbea4291a48837f.jpg\", \"size\": [200, 200]}'),('sorl-thumbnail||image||e49cbff906a421c4c81bf859ffd962a5','{\"storage\": \"django.core.files.storage.FileSystemStorage\", \"name\": \"cache/32/a4/32a46ecc475efa0f897538326bbf1602.jpg\", \"size\": [100, 100]}'),('sorl-thumbnail||image||e92086d92cda97d1c928cab81e1169f6','{\"storage\": \"django.core.files.storage.FileSystemStorage\", \"name\": \"cache/72/ff/72ffb835569774705be11d2bcf77939d.jpg\", \"size\": [200, 200]}'),('sorl-thumbnail||image||ebaddf8d37d2632bc3b66a499122c331','{\"storage\": \"django.core.files.storage.FileSystemStorage\", \"name\": \"photos/14825651_10157667375625051_535470224_n_thzKJSs.jpg\", \"size\": [720, 960]}'),('sorl-thumbnail||image||f29af75bbac739862d8e3a1b60306663','{\"storage\": \"django.core.files.storage.FileSystemStorage\", \"name\": \"cache/84/08/8408e6dedbab9f0ef2a47d38c1925452.jpg\", \"size\": [200, 200]}'),('sorl-thumbnail||image||f2e8cd54143b61eba123d1a05c68f9ea','{\"storage\": \"django.core.files.storage.FileSystemStorage\", \"name\": \"photos/john-doe.jpg\", \"size\": [225, 225]}'),('sorl-thumbnail||image||f470bba5dbdc44c6084d15b4c0bf8765','{\"storage\": \"django.core.files.storage.FileSystemStorage\", \"name\": \"photos/Pablo_E7MQ401.jpg\", \"size\": [720, 960]}'),('sorl-thumbnail||image||f745e65b4b1cf4051c2fd87e2206d448','{\"storage\": \"django.core.files.storage.FileSystemStorage\", \"name\": \"cache/ea/fa/eafa2ff93f011c3a71efb6c99d158c5a.jpg\", \"size\": [120, 39]}'),('sorl-thumbnail||thumbnails||0f90704d13a7d2bc28fa6e35e685b96f','[\"9df792b7ac000573ff4126a9bd944871\"]'),('sorl-thumbnail||thumbnails||15785269dd7408927a3381de5784e0c8','[\"008c3110cf450eac59112edc8c2064d0\"]'),('sorl-thumbnail||thumbnails||25b636bf9cc7ac9a038e7ae5c8dc4058','[\"f745e65b4b1cf4051c2fd87e2206d448\"]'),('sorl-thumbnail||thumbnails||4ee939d42b1bc62064803fefee97bfde','[\"ae6c280432483fd6ec6eac6124ad5c7a\"]'),('sorl-thumbnail||thumbnails||55cbb5e2ff1cc8c14cb0f08dcfe4f4c0','[\"3a993fc3f29bf867d5b3558abdeec0bd\"]'),('sorl-thumbnail||thumbnails||6536a3ed77bfc29766a5f6905ea2dacf','[\"00c9d1015d27e969d05313262e81022a\"]'),('sorl-thumbnail||thumbnails||77d20821be4c66113e6871c5d11d4a47','[\"5ba6ecb97ed9512c6670a7145c62f3f0\"]'),('sorl-thumbnail||thumbnails||8153b9a0be93dc8ee46497716366eabf','[\"19acf7184486b93811a253c659328816\"]'),('sorl-thumbnail||thumbnails||908c161032308e8d56292da17acd3233','[\"404168446d38e449e895c816fa885223\"]'),('sorl-thumbnail||thumbnails||9db6bc1b298fb1a6c9f9c5b69fe71e9a','[\"69fbdd17e893b9d0a5883630b5573ffe\"]'),('sorl-thumbnail||thumbnails||9e2fdf0d39d53db3c43d7db3b75e6df2','[\"6fa4d3f602a2193b88d8ded46af1f2e0\"]'),('sorl-thumbnail||thumbnails||9f5f03b1d91615381229f743e4c12b00','[\"0f46460bd1d4053b790852c4e7698aff\"]'),('sorl-thumbnail||thumbnails||ade2957c6ee127369b24c3578ef2f364','[\"670401f330acc0649340a24e04fba5e4\"]'),('sorl-thumbnail||thumbnails||b869bcd76cc6bebcf1bbc42aee962080','[\"d1c290fc985cc98703341c0f17be3a4f\"]'),('sorl-thumbnail||thumbnails||b874e250df7c6c8c34b9e0bbb24476bf','[\"5edd494696570caee37b4dcfb447b665\"]'),('sorl-thumbnail||thumbnails||c61f7d9191ce3ae493a2bb5e01185c5e','[\"b07948eefe141682905b8dd0bc822094\"]'),('sorl-thumbnail||thumbnails||ddb79794d56b1fa2ca9929daea230d33','[\"42ee70b5fbd0619b3b720eb3e4b83725\"]'),('sorl-thumbnail||thumbnails||ebaddf8d37d2632bc3b66a499122c331','[\"dc12137cd45094de86a284a1f78c8c6e\"]'),('sorl-thumbnail||thumbnails||f2e8cd54143b61eba123d1a05c68f9ea','[\"a7a1f53e849735ba92c9db30c7e66560\"]'),('sorl-thumbnail||thumbnails||f470bba5dbdc44c6084d15b4c0bf8765','[\"b532e16f6613b64d1ed2a4132facd971\"]');
/*!40000 ALTER TABLE `thumbnail_kvstore` ENABLE KEYS */;
UNLOCK TABLES;

--
-- Table structure for table `upload_form`
--

DROP TABLE IF EXISTS `upload_form`;
/*!40101 SET @saved_cs_client     = @@character_set_client */;
/*!40101 SET character_set_client = utf8 */;
CREATE TABLE `upload_form` (
  `id_upload_form` int(11) NOT NULL AUTO_INCREMENT,
  `link` text,
  `record_id_record` int(11) NOT NULL,
  `form_type_id_form_type` int(11) NOT NULL,
  `name` text,
  PRIMARY KEY (`id_upload_form`),
  KEY `fk_upload_form_record1_idx` (`record_id_record`),
  KEY `fk_upload_form_form_type1_idx` (`form_type_id_form_type`),
  CONSTRAINT `fk_upload_form_form_type1` FOREIGN KEY (`form_type_id_form_type`) REFERENCES `form_type` (`id_form_type`) ON DELETE NO ACTION ON UPDATE NO ACTION,
  CONSTRAINT `fk_upload_form_record1` FOREIGN KEY (`record_id_record`) REFERENCES `record` (`id_record`) ON DELETE NO ACTION ON UPDATE NO ACTION
) ENGINE=InnoDB AUTO_INCREMENT=19 DEFAULT CHARSET=utf8;
/*!40101 SET character_set_client = @saved_cs_client */;

--
-- Dumping data for table `upload_form`
--

LOCK TABLES `upload_form` WRITE;
/*!40000 ALTER TABLE `upload_form` DISABLE KEYS */;
INSERT INTO `upload_form` VALUES (2,'/2016-10-35/FRM_PE_03/analisis articulo.pdf',18,22,NULL),(8,'/2016-10-37/EXTRA/Captura de pantalla 2016-08-03 a las 20.15.43.png',20,24,NULL),(12,'/2016-8-30/FRM_PE_03/analisis articulo.pdf',14,22,NULL),(13,'/2016-8-30/EXTRA/CrRrab4VYAAgrAG.jpg',14,24,'KillerQueen'),(16,'/2016-10-34/FRM_PE_03/analisis articulo.pdf',17,22,NULL),(17,'/2015-11-45/EXTRA/wpid-el-dibujo-infantil.jpg',26,24,'Dibujo realizado en sesion 1'),(18,'/2017-6-36/EXTRA/dibujo13.jpg',19,24,'Dibujo realizado en sesion 2');
/*!40000 ALTER TABLE `upload_form` ENABLE KEYS */;
UNLOCK TABLES;

--
-- Table structure for table `user_education_experience`
--

DROP TABLE IF EXISTS `user_education_experience`;
/*!40101 SET @saved_cs_client     = @@character_set_client */;
/*!40101 SET character_set_client = utf8 */;
CREATE TABLE `user_education_experience` (
  `id_user_education_experience` int(11) NOT NULL,
  `school_name` varchar(150) NOT NULL,
  `first_date` year(4) NOT NULL,
  `last_date` year(4) NOT NULL,
  `education_type` int(11) NOT NULL,
  `auth_user_id` int(11) NOT NULL,
  PRIMARY KEY (`id_user_education_experience`),
  KEY `fk_user_education_experience_auth_user1_idx` (`auth_user_id`),
  CONSTRAINT `fk_user_education_experience_auth_user1` FOREIGN KEY (`auth_user_id`) REFERENCES `auth_user` (`id`) ON DELETE NO ACTION ON UPDATE NO ACTION
) ENGINE=InnoDB DEFAULT CHARSET=utf8;
/*!40101 SET character_set_client = @saved_cs_client */;

--
-- Dumping data for table `user_education_experience`
--

LOCK TABLES `user_education_experience` WRITE;
/*!40000 ALTER TABLE `user_education_experience` DISABLE KEYS */;
/*!40000 ALTER TABLE `user_education_experience` ENABLE KEYS */;
UNLOCK TABLES;

--
-- Table structure for table `user_skills`
--

DROP TABLE IF EXISTS `user_skills`;
/*!40101 SET @saved_cs_client     = @@character_set_client */;
/*!40101 SET character_set_client = utf8 */;
CREATE TABLE `user_skills` (
  `computer_skill` tinyint(1) DEFAULT NULL,
  `learning_skill` tinyint(1) DEFAULT NULL,
  `ethic_skill` tinyint(1) DEFAULT NULL,
  `responsability_skill` tinyint(1) DEFAULT NULL,
  `strategy_skill` tinyint(1) DEFAULT NULL,
  `professional_growth_skill` tinyint(1) DEFAULT NULL,
  `professional_relationships_skill` tinyint(1) DEFAULT NULL,
  `interpersonal_relationships_skill` tinyint(1) DEFAULT NULL,
  `knowledge_skill` tinyint(1) DEFAULT NULL,
  `problem_solver_skill` tinyint(1) DEFAULT NULL,
  `effective_communication_skill` tinyint(1) DEFAULT NULL,
  `control_skill` tinyint(1) DEFAULT NULL,
  `adaptability_skill` tinyint(1) DEFAULT NULL,
  `creativity_skill` tinyint(1) DEFAULT NULL,
  `decision_making_skill` tinyint(1) DEFAULT NULL,
  `emotional_skill` tinyint(1) DEFAULT NULL,
  `opportunity_identification_skill` tinyint(1) DEFAULT NULL,
  `team_work_skill` tinyint(1) DEFAULT NULL,
  `leadership_skill` tinyint(1) DEFAULT NULL,
  `conflict_manage_skill` tinyint(1) DEFAULT NULL,
  `proactivity` tinyint(1) DEFAULT NULL,
  `auth_user_id` int(11) NOT NULL,
  `id_user_skills` int(11) NOT NULL AUTO_INCREMENT,
  PRIMARY KEY (`id_user_skills`),
  KEY `fk_user_skills_auth_user1_idx` (`auth_user_id`),
  CONSTRAINT `fk_user_skills_auth_user1` FOREIGN KEY (`auth_user_id`) REFERENCES `auth_user` (`id`) ON DELETE NO ACTION ON UPDATE NO ACTION
) ENGINE=InnoDB AUTO_INCREMENT=14 DEFAULT CHARSET=utf8;
/*!40101 SET character_set_client = @saved_cs_client */;

--
-- Dumping data for table `user_skills`
--

LOCK TABLES `user_skills` WRITE;
/*!40000 ALTER TABLE `user_skills` DISABLE KEYS */;
INSERT INTO `user_skills` VALUES (2,2,1,1,0,3,3,3,2,3,3,0,0,0,2,3,3,2,2,3,1,3,1),(1,1,1,1,1,1,1,1,1,1,1,1,1,1,1,1,1,1,1,0,0,2,2),(1,1,1,1,1,1,1,1,1,1,1,1,1,1,1,1,0,1,0,1,1,4,3),(1,1,1,1,1,1,1,1,1,1,1,1,1,1,1,1,1,1,1,1,1,5,4),(NULL,NULL,NULL,NULL,NULL,NULL,NULL,NULL,NULL,NULL,NULL,NULL,NULL,NULL,NULL,NULL,NULL,NULL,NULL,NULL,NULL,6,5),(3,1,2,1,3,1,1,1,1,2,1,2,1,1,1,1,1,1,1,1,1,7,6),(1,1,1,1,1,1,1,1,1,1,1,1,1,1,1,1,1,1,1,1,1,9,7),(1,1,1,1,1,1,1,1,1,1,1,1,1,1,1,1,1,1,1,1,1,12,8),(1,1,1,1,1,1,1,1,1,1,1,1,1,1,1,1,1,1,1,1,1,13,9),(1,1,1,1,1,1,1,1,1,1,1,1,1,1,1,1,1,1,1,1,1,14,10),(1,1,1,1,1,1,1,1,1,1,1,1,1,1,1,1,1,1,1,1,1,15,11),(NULL,NULL,NULL,NULL,NULL,NULL,NULL,NULL,NULL,NULL,NULL,NULL,NULL,NULL,NULL,NULL,NULL,NULL,NULL,NULL,NULL,21,12),(NULL,NULL,NULL,NULL,NULL,NULL,NULL,NULL,NULL,NULL,NULL,NULL,NULL,NULL,NULL,NULL,NULL,NULL,NULL,NULL,NULL,22,13);
/*!40000 ALTER TABLE `user_skills` ENABLE KEYS */;
UNLOCK TABLES;

--
-- Table structure for table `user_work_experience`
--

DROP TABLE IF EXISTS `user_work_experience`;
/*!40101 SET @saved_cs_client     = @@character_set_client */;
/*!40101 SET character_set_client = utf8 */;
CREATE TABLE `user_work_experience` (
  `id_user_experience` int(11) NOT NULL,
  `organization_name` varchar(150) NOT NULL,
  `job_position` varchar(150) NOT NULL,
  `first_date` year(4) NOT NULL,
  `last_date` year(4) NOT NULL,
  `auth_user_id` int(11) NOT NULL,
  PRIMARY KEY (`id_user_experience`),
  KEY `fk_user_experience_auth_user1_idx` (`auth_user_id`),
  CONSTRAINT `fk_user_experience_auth_user1` FOREIGN KEY (`auth_user_id`) REFERENCES `auth_user` (`id`) ON DELETE NO ACTION ON UPDATE NO ACTION
) ENGINE=InnoDB DEFAULT CHARSET=utf8;
/*!40101 SET character_set_client = @saved_cs_client */;

--
-- Dumping data for table `user_work_experience`
--

LOCK TABLES `user_work_experience` WRITE;
/*!40000 ALTER TABLE `user_work_experience` DISABLE KEYS */;
/*!40000 ALTER TABLE `user_work_experience` ENABLE KEYS */;
UNLOCK TABLES;
/*!40103 SET TIME_ZONE=@OLD_TIME_ZONE */;

/*!40101 SET SQL_MODE=@OLD_SQL_MODE */;
/*!40014 SET FOREIGN_KEY_CHECKS=@OLD_FOREIGN_KEY_CHECKS */;
/*!40014 SET UNIQUE_CHECKS=@OLD_UNIQUE_CHECKS */;
/*!40101 SET CHARACTER_SET_CLIENT=@OLD_CHARACTER_SET_CLIENT */;
/*!40101 SET CHARACTER_SET_RESULTS=@OLD_CHARACTER_SET_RESULTS */;
/*!40101 SET COLLATION_CONNECTION=@OLD_COLLATION_CONNECTION */;
/*!40111 SET SQL_NOTES=@OLD_SQL_NOTES */;

-- Dump completed on 2016-11-30 20:15:47
